customer_id,gender,senior_citizen,partner,dependents,tenure,phone_service,multiple_lines,internet_service,online_security,online_backup,device_protection,tech_support,streaming_tv,streaming_movies,contract,paperless_billing,payment_method,monthly_charges,total_charges,num_support_tickets,late_payments,satisfaction_score,churn
CUST-00001,Male,0,No,No,27,Yes,Yes,No,No internet service,No internet service,No internet service,No internet service,No internet service,No internet service,Two year,Yes,Mailed check,18.0,517.99,3,0,4.7,No
CUST-00002,Female,0,Yes,Yes,27,Yes,No,DSL,Yes,No,No,No,No,Yes,One year,No,Bank transfer (automatic),50.05,1443.2,1,0,4.1,No
CUST-00003,Female,0,No,No,72,Yes,No,Fiber optic,No,No,No,No,No,No,Two year,Yes,Mailed check,84.18,5953.58,6,1,4.9,No
CUST-00004,Male,0,Yes,No,53,Yes,Yes,DSL,Yes,No,Yes,No,No,No,Month-to-month,No,Mailed check,60.36,2949.55,0,1,4.6,No
CUST-00005,Male,0,Yes,No,62,Yes,Yes,Fiber optic,No,No,No,No,Yes,Yes,Month-to-month,Yes,Bank transfer (automatic),94.92,5573.46,4,0,4.4,No
CUST-00006,Female,0,No,Yes,56,Yes,No,No,No internet service,No internet service,No internet service,No internet service,No internet service,No internet service,Month-to-month,No,Mailed check,31.41,1874.09,0,2,4.8,No
CUST-00007,Male,0,Yes,No,35,Yes,Yes,No,No internet service,No internet service,No internet service,No internet service,No internet service,No internet service,Month-to-month,No,Mailed check,33.52,1084.47,0,0,5.0,No
CUST-00008,Female,0,No,No,57,Yes,No,Fiber optic,No,No,No,No,Yes,Yes,Month-to-month,Yes,Electronic check,83.82,5042.25,7,2,3.6,No
CUST-00009,Male,0,No,No,47,Yes,Yes,DSL,Yes,No,Yes,No,No,Yes,One year,Yes,Bank transfer (automatic),43.93,2001.55,1,0,4.9,No
CUST-00010,Male,0,Yes,No,54,Yes,No,Fiber optic,No,No,Yes,Yes,No,No,Month-to-month,Yes,Electronic check,76.75,3938.83,2,2,4.6,No
CUST-00011,Female,0,Yes,Yes,22,No,No phone service,Fiber optic,No,Yes,No,No,Yes,Yes,One year,No,Electronic check,95.67,2243.53,1,3,4.2,No
CUST-00012,Female,1,No,No,17,Yes,No,Fiber optic,Yes,No,No,Yes,No,No,Month-to-month,No,Electronic check,119.5,2099.29,5,4,3.4,Yes
CUST-00013,Female,0,No,No,13,No,No phone service,Fiber optic,No,No,No,No,No,No,Month-to-month,Yes,Credit card (automatic),77.42,932.45,3,4,3.6,Yes
CUST-00014,Female,0,Yes,No,21,Yes,Yes,Fiber optic,Yes,Yes,Yes,Yes,Yes,Yes,Month-to-month,Yes,Credit card (automatic),87.97,1947.95,4,0,4.7,No
CUST-00015,Female,0,No,No,71,Yes,No,DSL,No,No,No,No,Yes,Yes,Two year,Yes,Credit card (automatic),63.83,4801.31,1,0,5.0,No
CUST-00016,Female,0,No,No,68,No,No phone service,Fiber optic,No,No,Yes,No,No,Yes,Two year,Yes,Mailed check,78.94,4999.44,0,0,5.0,No
CUST-00017,Female,1,No,No,11,Yes,Yes,DSL,No,No,No,Yes,No,No,Month-to-month,Yes,Electronic check,49.35,523.27,3,1,4.7,Yes
CUST-00018,Male,0,Yes,No,40,Yes,Yes,Fiber optic,No,No,No,No,No,No,Month-to-month,No,Credit card (automatic),96.87,4180.53,5,2,3.6,Yes
CUST-00019,Female,0,No,Yes,68,Yes,No,Fiber optic,No,No,Yes,No,No,No,Month-to-month,No,Bank transfer (automatic),117.59,7965.2,1,2,5.0,No
CUST-00020,Male,0,No,No,55,Yes,No,Fiber optic,No,Yes,No,Yes,No,No,One year,Yes,Credit card (automatic),107.18,5656.45,1,1,4.0,No
CUST-00021,Female,0,Yes,No,45,No,No phone service,DSL,Yes,No,Yes,No,No,No,Month-to-month,Yes,Mailed check,79.38,3328.25,2,0,4.8,No
CUST-00022,Male,0,No,No,44,Yes,Yes,Fiber optic,Yes,Yes,No,No,No,No,Month-to-month,Yes,Bank transfer (automatic),118.71,4817.31,4,1,4.2,Yes
CUST-00023,Male,0,No,No,24,Yes,Yes,Fiber optic,No,No,No,Yes,Yes,No,Month-to-month,No,Bank transfer (automatic),94.58,2189.3,3,1,4.9,Yes
CUST-00024,Female,0,No,No,67,Yes,No,DSL,No,No,No,No,Yes,Yes,Month-to-month,Yes,Bank transfer (automatic),79.02,5361.74,2,0,4.8,No
CUST-00025,Female,0,No,No,6,Yes,Yes,Fiber optic,Yes,No,No,No,No,No,Month-to-month,Yes,Electronic check,73.6,444.54,6,2,3.7,Yes
CUST-00026,Female,0,No,No,63,Yes,No,DSL,No,Yes,No,No,Yes,Yes,Month-to-month,Yes,Credit card (automatic),41.41,2507.17,1,0,4.9,No
CUST-00027,Male,0,No,Yes,63,Yes,No,Fiber optic,No,No,No,No,No,Yes,Month-to-month,Yes,Mailed check,101.53,5964.58,1,3,4.5,No
CUST-00028,Female,1,No,No,19,Yes,No,Fiber optic,Yes,No,No,No,No,No,Month-to-month,No,Bank transfer (automatic),82.3,1491.22,1,1,4.7,No
CUST-00029,Female,0,Yes,No,37,Yes,Yes,Fiber optic,No,Yes,No,Yes,No,No,Month-to-month,Yes,Mailed check,106.35,3977.18,2,3,3.5,No
CUST-00030,Male,0,Yes,No,64,Yes,No,Fiber optic,Yes,No,Yes,No,Yes,Yes,Two year,Yes,Electronic check,77.89,4601.81,3,2,3.9,No
CUST-00031,Male,0,Yes,No,35,Yes,No,DSL,Yes,No,No,Yes,Yes,Yes,Month-to-month,No,Mailed check,52.24,1722.34,2,0,5.0,No
CUST-00032,Male,0,No,No,22,Yes,No,Fiber optic,No,Yes,No,No,Yes,Yes,Two year,No,Mailed check,94.17,2162.2,2,0,5.0,No
CUST-00033,Male,0,Yes,Yes,6,Yes,No,DSL,No,No,No,No,No,Yes,One year,Yes,Credit card (automatic),38.53,213.6,1,0,4.8,No
CUST-00034,Female,0,No,Yes,32,Yes,No,No,No internet service,No internet service,No internet service,No internet service,No internet service,No internet service,One year,No,Credit card (automatic),35.13,1134.33,2,0,4.8,No
CUST-00035,Female,1,Yes,No,20,Yes,Yes,Fiber optic,Yes,No,No,No,No,No,Month-to-month,No,Electronic check,105.59,2223.31,4,4,2.6,Yes
CUST-00036,Male,0,Yes,Yes,62,Yes,No,Fiber optic,No,No,No,Yes,No,No,Two year,No,Bank transfer (automatic),78.54,4975.47,4,0,4.7,No
CUST-00037,Female,0,No,No,63,Yes,Yes,DSL,No,No,Yes,No,Yes,No,Month-to-month,No,Mailed check,54.37,3530.73,1,3,4.7,No
CUST-00038,Female,0,No,Yes,24,Yes,No,No,No internet service,No internet service,No internet service,No internet service,No internet service,No internet service,Month-to-month,No,Bank transfer (automatic),36.58,826.23,5,0,4.7,No
CUST-00039,Male,0,Yes,No,16,Yes,Yes,Fiber optic,No,Yes,No,No,Yes,No,Month-to-month,Yes,Mailed check,87.56,1300.06,3,1,5.0,No
CUST-00040,Female,0,Yes,No,21,Yes,No,Fiber optic,No,Yes,No,Yes,No,Yes,Month-to-month,No,Mailed check,72.87,1542.11,0,1,5.0,No
CUST-00041,Male,0,Yes,No,29,Yes,No,Fiber optic,No,No,Yes,No,Yes,Yes,Month-to-month,Yes,Bank transfer (automatic),114.0,3460.7,4,0,3.9,No
CUST-00042,Female,1,Yes,No,49,Yes,No,DSL,No,No,Yes,Yes,No,Yes,Two year,Yes,Credit card (automatic),73.25,3752.7,6,2,4.6,No
CUST-00043,Female,0,Yes,Yes,11,Yes,Yes,No,No internet service,No internet service,No internet service,No internet service,No internet service,No internet service,One year,Yes,Electronic check,18.0,184.13,1,0,5.0,No
CUST-00044,Male,0,No,No,72,Yes,Yes,DSL,No,No,Yes,Yes,Yes,Yes,Two year,Yes,Electronic check,35.13,2331.03,0,0,4.9,No
CUST-00045,Male,0,Yes,No,51,No,No phone service,No,No internet service,No internet service,No internet service,No internet service,No internet service,No internet service,One year,Yes,Mailed check,37.01,1769.86,0,1,5.0,No
CUST-00046,Female,1,Yes,No,10,Yes,No,No,No internet service,No internet service,No internet service,No internet service,No internet service,No internet service,Month-to-month,No,Bank transfer (automatic),37.92,408.2,0,0,5.0,No
CUST-00047,Male,0,Yes,Yes,23,No,No phone service,Fiber optic,Yes,No,No,Yes,No,Yes,Month-to-month,No,Credit card (automatic),120.0,2610.38,1,1,5.0,No
CUST-00048,Female,0,Yes,No,51,Yes,No,No,No internet service,No internet service,No internet service,No internet service,No internet service,No internet service,Month-to-month,No,Electronic check,39.25,1868.19,0,0,5.0,No
CUST-00049,Female,1,No,No,37,Yes,Yes,DSL,No,Yes,No,No,No,No,Two year,Yes,Mailed check,69.77,2594.95,4,1,4.1,No
CUST-00050,Female,0,Yes,No,38,Yes,No,Fiber optic,No,Yes,No,No,No,Yes,One year,No,Credit card (automatic),91.99,3746.6,1,1,4.5,Yes
CUST-00051,Female,1,Yes,No,3,Yes,No,Fiber optic,No,No,No,No,No,Yes,Month-to-month,No,Mailed check,87.64,256.0,0,0,5.0,Yes
CUST-00052,Male,0,No,No,30,No,No phone service,Fiber optic,No,Yes,No,No,No,No,One year,Yes,Electronic check,107.53,3140.82,6,0,3.9,No
CUST-00053,Male,0,No,No,45,Yes,No,Fiber optic,No,Yes,Yes,No,Yes,No,One year,No,Credit card (automatic),74.27,3580.99,1,0,5.0,No
CUST-00054,Male,0,No,No,54,Yes,No,Fiber optic,No,No,No,No,Yes,No,Two year,No,Electronic check,95.35,5291.42,2,1,4.7,No
CUST-00055,Male,0,No,No,33,No,No phone service,Fiber optic,No,No,No,No,No,No,One year,Yes,Credit card (automatic),115.79,3550.4,0,0,5.0,Yes
CUST-00056,Male,0,No,No,40,Yes,Yes,DSL,Yes,Yes,No,No,No,Yes,One year,Yes,Electronic check,68.11,2744.43,1,2,4.6,No
CUST-00057,Female,0,No,No,16,Yes,No,Fiber optic,No,No,Yes,No,No,Yes,Month-to-month,No,Bank transfer (automatic),75.3,1128.59,0,1,5.0,No
CUST-00058,Male,0,No,No,58,Yes,No,DSL,No,No,No,Yes,Yes,No,Month-to-month,No,Credit card (automatic),37.68,2298.89,1,0,5.0,No
CUST-00059,Female,0,Yes,No,51,Yes,Yes,Fiber optic,No,No,No,No,No,No,Month-to-month,Yes,Electronic check,115.32,6057.34,6,3,4.0,Yes
CUST-00060,Female,0,No,Yes,54,No,No phone service,DSL,No,Yes,No,No,No,No,One year,No,Mailed check,58.73,3191.37,2,1,4.9,No
CUST-00061,Female,0,No,Yes,49,Yes,No,Fiber optic,No,No,No,No,Yes,No,Two year,Yes,Mailed check,93.23,4799.91,5,0,4.8,No
CUST-00062,Female,0,No,No,71,Yes,No,No,No internet service,No internet service,No internet service,No internet service,No internet service,No internet service,One year,Yes,Mailed check,45.02,3046.49,0,1,4.9,No
CUST-00063,Male,0,Yes,No,64,Yes,No,No,No internet service,No internet service,No internet service,No internet service,No internet service,No internet service,Two year,Yes,Mailed check,37.56,2440.11,1,0,4.5,No
CUST-00064,Female,1,No,Yes,59,Yes,Yes,Fiber optic,No,No,No,No,Yes,No,One year,Yes,Mailed check,89.13,5056.49,0,0,5.0,No
CUST-00065,Male,0,Yes,No,25,Yes,No,DSL,No,Yes,No,No,Yes,No,One year,Yes,Bank transfer (automatic),75.28,1782.0,1,0,4.4,No
CUST-00066,Male,0,No,No,5,Yes,Yes,Fiber optic,No,Yes,No,No,No,Yes,Month-to-month,Yes,Electronic check,73.98,344.01,5,2,4.2,Yes
CUST-00067,Female,0,Yes,No,1,Yes,Yes,Fiber optic,No,No,No,No,Yes,No,One year,Yes,Bank transfer (automatic),103.06,111.13,1,0,5.0,No
CUST-00068,Male,0,No,No,57,Yes,No,DSL,No,Yes,Yes,No,Yes,No,Month-to-month,Yes,Electronic check,60.27,3225.39,2,0,4.7,No
CUST-00069,Male,0,No,Yes,65,Yes,Yes,No,No internet service,No internet service,No internet service,No internet service,No internet service,No internet service,Month-to-month,No,Electronic check,18.49,1254.91,1,2,5.0,No
CUST-00070,Male,0,Yes,No,47,Yes,Yes,DSL,No,Yes,No,No,No,No,One year,Yes,Electronic check,49.35,2391.42,3,0,4.7,No
CUST-00071,Female,0,Yes,Yes,52,Yes,Yes,Fiber optic,Yes,No,No,No,Yes,Yes,One year,Yes,Credit card (automatic),74.1,3984.92,4,0,4.2,No
CUST-00072,Male,1,Yes,No,7,Yes,Yes,Fiber optic,Yes,No,Yes,No,No,Yes,Two year,Yes,Mailed check,95.72,659.46,2,1,4.0,No
CUST-00073,Male,0,No,Yes,41,Yes,Yes,No,No internet service,No internet service,No internet service,No internet service,No internet service,No internet service,Month-to-month,No,Electronic check,38.47,1555.66,1,4,4.5,No
CUST-00074,Male,0,No,No,44,Yes,Yes,No,No internet service,No internet service,No internet service,No internet service,No internet service,No internet service,Month-to-month,No,Bank transfer (automatic),35.09,1509.35,3,0,4.3,No
CUST-00075,Female,1,No,No,12,Yes,No,DSL,No,No,No,No,Yes,Yes,Month-to-month,No,Mailed check,79.17,888.17,0,1,5.0,No
CUST-00076,Male,1,Yes,No,55,Yes,No,Fiber optic,No,No,No,No,No,Yes,Month-to-month,Yes,Mailed check,103.72,5279.81,3,2,4.0,No
CUST-00077,Male,0,No,No,25,Yes,Yes,No,No internet service,No internet service,No internet service,No internet service,No internet service,No internet service,Month-to-month,Yes,Mailed check,39.43,972.93,4,1,4.0,No
CUST-00078,Male,0,No,No,15,Yes,No,Fiber optic,No,No,No,Yes,Yes,No,Month-to-month,No,Electronic check,113.79,1702.39,4,0,4.7,No
CUST-00079,Female,0,Yes,No,51,Yes,No,DSL,No,No,No,No,Yes,Yes,Two year,Yes,Credit card (automatic),56.75,2728.96,1,1,4.5,No
CUST-00080,Female,0,Yes,Yes,32,Yes,Yes,Fiber optic,Yes,No,No,No,No,No,Month-to-month,Yes,Electronic check,100.18,3226.54,2,2,4.6,Yes
CUST-00081,Female,0,Yes,No,39,Yes,Yes,No,No internet service,No internet service,No internet service,No internet service,No internet service,No internet service,Two year,No,Electronic check,30.58,,1,2,4.6,No
CUST-00082,Male,0,Yes,No,40,No,No phone service,DSL,No,No,Yes,Yes,Yes,No,Month-to-month,Yes,Bank transfer (automatic),59.58,2311.37,0,2,5.0,No
CUST-00083,Male,0,Yes,No,45,Yes,No,Fiber optic,No,No,No,No,Yes,No,One year,Yes,Mailed check,115.97,5020.65,5,1,3.5,No
CUST-00084,Female,0,Yes,No,30,Yes,No,Fiber optic,Yes,No,No,Yes,No,Yes,One year,No,Mailed check,106.05,3205.75,2,2,4.0,No
CUST-00085,Female,0,Yes,No,59,Yes,Yes,Fiber optic,Yes,No,Yes,No,No,Yes,Month-to-month,Yes,Bank transfer (automatic),93.1,5675.24,2,0,5.0,No
CUST-00086,Female,0,Yes,No,64,Yes,Yes,DSL,No,No,Yes,No,No,No,Month-to-month,Yes,Bank transfer (automatic),57.68,3542.55,1,1,4.4,No
CUST-00087,Male,0,Yes,Yes,35,Yes,Yes,DSL,Yes,Yes,Yes,No,Yes,Yes,One year,No,Electronic check,56.82,1885.56,1,0,5.0,No
CUST-00088,Male,0,No,No,13,Yes,No,Fiber optic,No,No,No,No,No,No,Month-to-month,Yes,Electronic check,87.91,1054.84,4,3,4.0,Yes
CUST-00089,Female,0,No,Yes,21,Yes,Yes,DSL,No,No,No,No,Yes,No,Month-to-month,Yes,Electronic check,59.24,1178.8,2,3,4.3,Yes
CUST-00090,Female,1,Yes,No,56,Yes,No,DSL,Yes,Yes,No,No,No,Yes,One year,Yes,Mailed check,75.62,4437.79,1,0,4.8,No
CUST-00091,Male,1,No,No,19,Yes,No,Fiber optic,No,Yes,No,No,No,No,Month-to-month,Yes,Credit card (automatic),104.93,2106.47,6,1,3.8,Yes
CUST-00092,Female,1,No,No,57,Yes,No,DSL,Yes,Yes,No,No,Yes,No,Two year,No,Electronic check,51.4,3092.06,1,0,5.0,No
CUST-00093,Female,1,Yes,Yes,48,Yes,Yes,Fiber optic,No,Yes,No,No,No,No,Month-to-month,Yes,Bank transfer (automatic),96.82,4659.31,2,2,3.5,No
CUST-00094,Male,1,Yes,No,33,Yes,No,No,No internet service,No internet service,No internet service,No internet service,No internet service,No internet service,Month-to-month,No,Electronic check,27.87,939.27,1,0,4.4,No
CUST-00095,Female,0,Yes,No,10,Yes,No,Fiber optic,No,No,No,Yes,No,No,One year,No,Mailed check,76.1,746.61,2,0,5.0,Yes
CUST-00096,Male,0,No,No,39,No,No phone service,DSL,Yes,No,No,No,No,No,One year,No,Bank transfer (automatic),42.82,1723.64,0,0,4.9,No
CUST-00097,Male,0,Yes,No,50,Yes,No,DSL,No,No,No,No,No,Yes,Month-to-month,Yes,Electronic check,60.03,3232.43,0,0,5.0,No
CUST-00098,Female,0,Yes,No,12,Yes,Yes,Fiber optic,No,No,No,No,No,No,Month-to-month,Yes,Electronic check,84.02,975.71,2,2,3.9,No
CUST-00099,Female,0,No,No,60,Yes,Yes,Fiber optic,No,No,No,Yes,No,No,Month-to-month,No,Bank transfer (automatic),106.35,6008.8,6,2,2.5,No
CUST-00100,Male,0,No,Yes,15,No,No phone service,No,No internet service,No internet service,No internet service,No internet service,No internet service,No internet service,Month-to-month,Yes,Credit card (automatic),41.9,632.3,1,1,4.2,No
CUST-00101,Female,1,Yes,No,30,Yes,No,Fiber optic,No,No,Yes,No,Yes,No,Month-to-month,Yes,Electronic check,72.23,2046.94,2,2,4.7,No
CUST-00102,Male,0,No,No,39,Yes,No,Fiber optic,Yes,No,No,Yes,No,No,Month-to-month,No,Bank transfer (automatic),94.81,3978.51,1,1,4.2,No
CUST-00103,Female,1,No,No,54,Yes,No,Fiber optic,No,No,No,Yes,No,No,Month-to-month,Yes,Mailed check,76.51,4298.47,2,2,4.5,No
CUST-00104,Male,0,No,Yes,17,Yes,No,Fiber optic,No,No,No,No,No,Yes,One year,No,Bank transfer (automatic),75.7,1289.32,4,0,4.4,No
CUST-00105,Female,0,No,No,25,Yes,No,DSL,No,Yes,No,Yes,No,No,Month-to-month,Yes,Credit card (automatic),51.52,1324.76,2,2,4.0,No
CUST-00106,Female,0,No,No,59,Yes,Yes,Fiber optic,No,No,No,No,Yes,No,Month-to-month,Yes,Bank transfer (automatic),97.38,5593.31,5,1,4.4,No
CUST-00107,Female,0,Yes,No,24,Yes,Yes,DSL,No,No,Yes,No,No,No,Two year,Yes,Credit card (automatic),61.54,1528.19,0,1,4.3,No
CUST-00108,Female,0,Yes,Yes,45,Yes,No,Fiber optic,No,Yes,No,No,No,Yes,Month-to-month,No,Mailed check,91.65,4019.2,5,3,3.6,No
CUST-00109,Male,0,No,No,29,Yes,No,Fiber optic,Yes,Yes,No,No,No,No,Month-to-month,Yes,Electronic check,107.75,3278.63,3,3,4.7,Yes
CUST-00110,Female,1,Yes,No,5,Yes,No,No,No internet service,No internet service,No internet service,No internet service,No internet service,No internet service,Month-to-month,No,Electronic check,40.69,190.01,1,1,4.7,Yes
CUST-00111,Male,0,No,Yes,38,Yes,No,DSL,Yes,No,Yes,No,Yes,No,Month-to-month,No,Bank transfer (automatic),43.77,1694.59,0,2,4.9,No
CUST-00112,Female,0,Yes,No,26,Yes,No,No,No internet service,No internet service,No internet service,No internet service,No internet service,No internet service,Month-to-month,Yes,Mailed check,47.24,1246.47,2,0,4.7,No
CUST-00113,Female,0,No,No,20,Yes,Yes,Fiber optic,No,No,No,No,No,No,Two year,Yes,Mailed check,111.47,2064.24,3,1,4.3,No
CUST-00114,Male,0,Yes,No,62,Yes,No,Fiber optic,No,No,Yes,No,Yes,No,Month-to-month,Yes,Bank transfer (automatic),81.66,4864.69,6,2,4.2,No
CUST-00115,Female,0,Yes,Yes,56,Yes,No,Fiber optic,Yes,No,Yes,No,No,No,Month-to-month,No,Bank transfer (automatic),84.22,4738.58,0,1,3.5,No
CUST-00116,Female,0,No,No,20,Yes,Yes,No,No internet service,No internet service,No internet service,No internet service,No internet service,No internet service,Month-to-month,No,Bank transfer (automatic),39.26,741.21,1,0,4.5,No
CUST-00117,Male,0,Yes,Yes,38,Yes,Yes,Fiber optic,Yes,Yes,No,No,No,Yes,Month-to-month,Yes,Electronic check,74.31,2741.33,1,2,4.5,Yes
CUST-00118,Male,0,No,No,52,Yes,Yes,DSL,No,No,No,No,Yes,Yes,Month-to-month,No,Credit card (automatic),40.96,2060.64,1,2,4.8,No
CUST-00119,Male,0,No,No,4,Yes,Yes,Fiber optic,No,No,No,Yes,No,Yes,Two year,No,Mailed check,101.68,381.66,4,0,3.9,No
CUST-00120,Male,0,No,No,7,Yes,No,No,No internet service,No internet service,No internet service,No internet service,No internet service,No internet service,Month-to-month,Yes,Bank transfer (automatic),37.93,257.34,1,1,5.0,Yes
CUST-00121,Male,0,No,Yes,39,Yes,No,Fiber optic,No,No,No,No,No,No,One year,Yes,Mailed check,104.39,3864.93,3,1,4.3,No
CUST-00122,Female,0,No,No,67,Yes,No,No,No internet service,No internet service,No internet service,No internet service,No internet service,No internet service,Month-to-month,Yes,Electronic check,34.59,2430.07,5,1,4.0,No
CUST-00123,Female,0,No,Yes,67,Yes,No,No,No internet service,No internet service,No internet service,No internet service,No internet service,No internet service,One year,Yes,Mailed check,30.2,1963.12,2,0,5.0,No
CUST-00124,Male,0,Yes,No,33,No,No phone service,DSL,Yes,No,Yes,Yes,Yes,No,Two year,Yes,Electronic check,68.87,,0,0,5.0,No
CUST-00125,Female,0,No,No,51,Yes,No,No,No internet service,No internet service,No internet service,No internet service,No internet service,No internet service,Month-to-month,No,Electronic check,50.1,2637.37,1,2,4.5,No
CUST-00126,Female,0,No,No,36,Yes,Yes,Fiber optic,No,Yes,Yes,No,No,No,Month-to-month,Yes,Electronic check,99.64,3865.14,4,2,4.3,No
CUST-00127,Male,0,Yes,No,66,Yes,Yes,DSL,No,No,Yes,Yes,Yes,No,Month-to-month,No,Mailed check,86.03,6070.64,1,2,4.2,No
CUST-00128,Female,0,No,Yes,42,Yes,No,Fiber optic,No,No,No,No,Yes,No,Month-to-month,No,Electronic check,120.0,5276.88,4,0,4.5,No
CUST-00129,Female,0,Yes,Yes,65,Yes,No,No,No internet service,No internet service,No internet service,No internet service,No internet service,No internet service,Month-to-month,Yes,Credit card (automatic),44.41,3005.44,3,0,5.0,No
CUST-00130,Female,1,No,No,27,Yes,No,Fiber optic,Yes,Yes,No,Yes,No,No,Month-to-month,No,Electronic check,70.35,1945.76,2,1,5.0,No
CUST-00131,Female,0,Yes,No,68,Yes,No,DSL,No,Yes,No,Yes,Yes,No,Month-to-month,No,Credit card (automatic),35.08,2240.92,1,0,4.0,No
CUST-00132,Female,1,No,Yes,53,Yes,Yes,Fiber optic,No,No,No,Yes,Yes,No,Month-to-month,Yes,Mailed check,103.2,5881.1,6,3,3.7,No
CUST-00133,Male,0,Yes,No,56,Yes,Yes,Fiber optic,No,No,Yes,No,Yes,No,Month-to-month,Yes,Bank transfer (automatic),94.56,4985.52,3,0,4.0,No
CUST-00134,Female,0,No,No,2,Yes,No,Fiber optic,No,Yes,No,Yes,No,No,Month-to-month,Yes,Credit card (automatic),87.95,180.71,3,0,4.0,No
CUST-00135,Female,0,Yes,No,59,Yes,No,Fiber optic,No,No,No,No,No,No,One year,No,Bank transfer (automatic),95.61,5318.84,2,0,5.0,No
CUST-00136,Male,0,No,No,12,Yes,Yes,Fiber optic,No,No,No,Yes,No,No,Month-to-month,No,Mailed check,120.0,1352.65,5,1,4.3,Yes
CUST-00137,Female,1,No,Yes,68,Yes,No,Fiber optic,Yes,No,No,Yes,No,No,Month-to-month,Yes,Bank transfer (automatic),77.68,5449.45,1,1,4.1,No
CUST-00138,Male,0,No,Yes,14,Yes,Yes,DSL,No,No,No,No,Yes,No,Month-to-month,Yes,Credit card (automatic),80.37,1127.89,1,0,5.0,No
CUST-00139,Male,0,Yes,No,60,Yes,No,No,No internet service,No internet service,No internet service,No internet service,No internet service,No internet service,One year,Yes,Electronic check,18.0,1109.28,2,0,5.0,No
CUST-00140,Male,0,Yes,No,46,Yes,No,DSL,No,Yes,No,No,No,No,Month-to-month,No,Bank transfer (automatic),50.08,2417.93,3,2,3.8,No
CUST-00141,Female,0,Yes,No,29,Yes,No,Fiber optic,Yes,Yes,No,No,No,Yes,One year,Yes,Mailed check,88.27,2391.0,2,1,5.0,No
CUST-00142,Male,0,No,No,65,No,No phone service,No,No internet service,No internet service,No internet service,No internet service,No internet service,No internet service,One year,Yes,Credit card (automatic),33.87,2327.87,2,0,4.8,No
CUST-00143,Male,1,Yes,Yes,28,Yes,No,Fiber optic,No,No,No,No,No,No,Month-to-month,No,Electronic check,109.49,2859.71,2,1,4.4,Yes
CUST-00144,Male,0,No,No,5,Yes,No,Fiber optic,Yes,Yes,No,No,No,Yes,Month-to-month,Yes,Bank transfer (automatic),80.01,425.68,2,2,5.0,No
CUST-00145,Female,0,Yes,No,6,Yes,No,DSL,No,Yes,Yes,No,Yes,Yes,Two year,Yes,Electronic check,72.79,447.89,0,0,5.0,Yes
CUST-00146,Female,0,No,Yes,62,Yes,No,Fiber optic,No,Yes,No,Yes,No,No,Month-to-month,Yes,Bank transfer (automatic),77.39,4786.32,1,0,4.7,No
CUST-00147,Male,0,Yes,No,28,Yes,No,Fiber optic,Yes,Yes,Yes,Yes,No,No,One year,Yes,Electronic check,120.0,3340.27,1,0,4.8,No
CUST-00148,Male,0,Yes,No,60,Yes,No,No,No internet service,No internet service,No internet service,No internet service,No internet service,No internet service,One year,No,Credit card (automatic),19.0,1052.54,1,2,4.2,No
CUST-00149,Female,1,Yes,No,2,Yes,No,Fiber optic,No,No,Yes,No,Yes,No,Month-to-month,No,Electronic check,96.38,189.09,4,1,3.8,Yes
CUST-00150,Male,0,Yes,No,6,Yes,No,DSL,No,No,Yes,No,Yes,Yes,One year,Yes,Credit card (automatic),55.15,310.31,2,0,5.0,No
CUST-00151,Female,0,Yes,Yes,72,Yes,Yes,DSL,No,Yes,No,No,No,No,Month-to-month,Yes,Mailed check,47.25,3468.82,3,2,4.4,Yes
CUST-00152,Male,0,Yes,No,11,Yes,Yes,No,No internet service,No internet service,No internet service,No internet service,No internet service,No internet service,One year,No,Credit card (automatic),28.24,321.04,3,1,5.0,No
CUST-00153,Female,0,No,No,50,No,No phone service,Fiber optic,No,Yes,Yes,No,No,Yes,Two year,Yes,Electronic check,107.89,5780.31,4,0,4.1,No
CUST-00154,Male,0,No,Yes,26,Yes,No,DSL,No,No,No,No,No,No,One year,No,Credit card (automatic),62.69,1698.92,1,1,5.0,No
CUST-00155,Male,0,Yes,No,37,Yes,Yes,Fiber optic,No,No,Yes,No,No,Yes,Month-to-month,No,Mailed check,120.0,4774.41,1,3,3.7,Yes
CUST-00156,Female,0,No,No,9,Yes,No,DSL,No,No,No,Yes,No,No,One year,No,Electronic check,45.07,387.96,2,0,4.8,Yes
CUST-00157,Male,0,Yes,No,20,Yes,Yes,DSL,No,No,No,Yes,No,Yes,One year,No,Credit card (automatic),71.07,1464.37,0,0,5.0,No
CUST-00158,Female,0,Yes,No,55,Yes,Yes,No,No internet service,No internet service,No internet service,No internet service,No internet service,No internet service,Month-to-month,No,Electronic check,18.0,951.6,1,5,4.0,Yes
CUST-00159,Female,1,Yes,No,39,Yes,No,Fiber optic,No,Yes,Yes,No,No,Yes,Month-to-month,No,Electronic check,82.38,3042.26,1,3,4.3,No
CUST-00160,Female,0,Yes,Yes,37,Yes,No,DSL,No,No,No,No,Yes,No,Month-to-month,No,Electronic check,75.71,2805.33,2,1,4.1,No
CUST-00161,Female,1,Yes,Yes,69,Yes,Yes,No,No internet service,No internet service,No internet service,No internet service,No internet service,No internet service,One year,Yes,Mailed check,42.17,2912.49,2,0,4.2,No
CUST-00162,Female,1,No,Yes,30,Yes,No,No,No internet service,No internet service,No internet service,No internet service,No internet service,No internet service,One year,Yes,Bank transfer (automatic),47.62,1529.28,2,2,3.9,No
CUST-00163,Male,0,No,No,58,Yes,Yes,No,No internet service,No internet service,No internet service,No internet service,No internet service,No internet service,Two year,No,Electronic check,41.09,2428.66,7,0,3.8,No
CUST-00164,Male,0,No,No,53,Yes,No,Fiber optic,No,No,No,No,Yes,Yes,Two year,Yes,Bank transfer (automatic),112.17,5846.39,3,0,4.7,No
CUST-00165,Male,0,No,No,34,Yes,Yes,No,No internet service,No internet service,No internet service,No internet service,No internet service,No internet service,Two year,Yes,Credit card (automatic),23.55,818.54,3,0,4.3,No
CUST-00166,Female,0,Yes,Yes,22,Yes,Yes,DSL,Yes,Yes,Yes,No,No,No,Two year,No,Mailed check,70.4,1448.87,0,0,5.0,No
CUST-00167,Male,0,No,Yes,26,No,No phone service,No,No internet service,No internet service,No internet service,No internet service,No internet service,No internet service,Month-to-month,Yes,Credit card (automatic),23.79,659.22,4,4,3.2,Yes
CUST-00168,Male,0,Yes,No,63,Yes,Yes,Fiber optic,No,No,No,No,No,Yes,Month-to-month,Yes,Electronic check,84.52,5151.5,5,6,3.4,Yes
CUST-00169,Male,0,Yes,Yes,23,Yes,No,DSL,No,No,Yes,No,Yes,No,Month-to-month,Yes,Bank transfer (automatic),42.49,932.08,2,5,4.0,No
CUST-00170,Male,0,Yes,No,48,Yes,No,DSL,Yes,No,Yes,No,No,Yes,One year,Yes,Bank transfer (automatic),62.62,2982.82,1,0,5.0,No
CUST-00171,Male,1,Yes,No,9,Yes,Yes,DSL,No,Yes,No,No,Yes,Yes,One year,No,Mailed check,56.46,511.14,2,2,4.4,No
CUST-00172,Male,0,No,No,25,Yes,No,Fiber optic,No,Yes,Yes,No,No,Yes,Two year,Yes,Electronic check,113.6,2906.88,2,1,5.0,No
CUST-00173,Female,0,Yes,No,68,Yes,No,No,No internet service,No internet service,No internet service,No internet service,No internet service,No internet service,One year,Yes,Mailed check,44.58,3120.36,3,0,4.2,No
CUST-00174,Female,1,Yes,No,39,Yes,Yes,DSL,Yes,No,No,No,Yes,No,One year,Yes,Electronic check,55.28,2098.42,0,1,5.0,No
CUST-00175,Female,0,No,Yes,60,Yes,Yes,No,No internet service,No internet service,No internet service,No internet service,No internet service,No internet service,Two year,Yes,Electronic check,31.4,1923.54,0,1,4.7,No
CUST-00176,Male,0,No,No,19,Yes,Yes,Fiber optic,Yes,Yes,Yes,Yes,No,No,Two year,Yes,Mailed check,74.28,1350.42,3,0,4.4,No
CUST-00177,Female,1,No,Yes,55,Yes,No,DSL,No,Yes,No,Yes,No,No,Month-to-month,Yes,Bank transfer (automatic),77.61,4452.04,2,1,5.0,Yes
CUST-00178,Male,0,No,Yes,71,Yes,No,Fiber optic,Yes,No,No,No,No,Yes,Month-to-month,Yes,Credit card (automatic),62.0,4395.11,0,1,5.0,No
CUST-00179,Female,0,No,No,67,No,No phone service,DSL,No,Yes,Yes,No,No,No,Two year,No,Electronic check,61.36,3898.31,1,0,4.4,No
CUST-00180,Female,0,Yes,Yes,32,Yes,Yes,DSL,No,Yes,No,No,Yes,No,One year,No,Credit card (automatic),88.09,2690.84,2,0,4.0,No
CUST-00181,Female,1,Yes,No,50,No,No phone service,Fiber optic,Yes,Yes,No,No,Yes,Yes,Month-to-month,Yes,Bank transfer (automatic),108.66,5743.22,2,2,4.2,No
CUST-00182,Male,0,Yes,No,65,Yes,Yes,No,No internet service,No internet service,No internet service,No internet service,No internet service,No internet service,Month-to-month,No,Bank transfer (automatic),30.41,2126.38,1,0,4.7,No
CUST-00183,Male,0,Yes,No,59,Yes,No,DSL,No,Yes,No,No,No,Yes,One year,Yes,Electronic check,71.7,4468.33,1,0,4.7,No
CUST-00184,Female,0,No,No,71,Yes,No,Fiber optic,No,Yes,No,Yes,No,No,One year,Yes,Credit card (automatic),88.82,6392.29,3,0,4.3,No
CUST-00185,Male,0,No,No,3,Yes,Yes,Fiber optic,No,No,No,No,No,No,Two year,Yes,Bank transfer (automatic),89.28,247.41,3,0,4.0,No
CUST-00186,Male,0,No,No,39,Yes,Yes,Fiber optic,Yes,No,Yes,Yes,No,Yes,Month-to-month,No,Electronic check,106.7,3854.43,3,1,4.4,No
CUST-00187,Male,0,No,Yes,57,No,No phone service,No,No internet service,No internet service,No internet service,No internet service,No internet service,No internet service,Two year,Yes,Mailed check,46.08,2625.4,1,0,5.0,No
CUST-00188,Male,1,No,No,53,Yes,Yes,Fiber optic,Yes,Yes,No,Yes,Yes,Yes,Two year,Yes,Mailed check,67.55,3573.5,5,1,4.1,No
CUST-00189,Male,0,No,Yes,12,No,No phone service,No,No internet service,No internet service,No internet service,No internet service,No internet service,No internet service,One year,Yes,Credit card (automatic),28.51,364.7,0,1,4.6,No
CUST-00190,Male,0,No,Yes,42,Yes,No,Fiber optic,No,No,No,Yes,No,No,One year,Yes,Credit card (automatic),68.94,2815.31,5,0,4.1,Yes
CUST-00191,Female,0,Yes,Yes,12,Yes,No,DSL,Yes,Yes,No,Yes,Yes,Yes,Month-to-month,Yes,Bank transfer (automatic),54.31,635.48,1,1,4.8,Yes
CUST-00192,Female,0,Yes,No,7,Yes,Yes,Fiber optic,No,Yes,Yes,Yes,No,Yes,Month-to-month,Yes,Mailed check,78.91,542.44,3,3,4.6,Yes
CUST-00193,Female,0,No,No,9,Yes,No,DSL,Yes,No,No,No,No,No,Month-to-month,No,Mailed check,61.82,559.6,0,2,4.1,No
CUST-00194,Male,0,Yes,No,69,Yes,No,Fiber optic,No,No,Yes,Yes,No,No,Month-to-month,No,Electronic check,91.6,6268.71,7,4,2.6,Yes
CUST-00195,Female,0,No,No,20,Yes,Yes,DSL,No,Yes,No,No,Yes,Yes,Month-to-month,Yes,Bank transfer (automatic),35.86,751.41,4,1,4.8,No
CUST-00196,Male,0,Yes,No,33,Yes,No,DSL,No,No,No,No,No,No,One year,No,Mailed check,65.14,2113.89,0,0,5.0,No
CUST-00197,Male,0,No,No,19,Yes,No,No,No internet service,No internet service,No internet service,No internet service,No internet service,No internet service,Month-to-month,Yes,Mailed check,29.06,591.88,1,4,3.7,No
CUST-00198,Male,0,Yes,Yes,65,Yes,No,No,No internet service,No internet service,No internet service,No internet service,No internet service,No internet service,Two year,Yes,Electronic check,39.94,2494.38,1,0,5.0,No
CUST-00199,Male,0,Yes,Yes,65,Yes,No,Fiber optic,No,Yes,Yes,No,No,No,Two year,Yes,Electronic check,92.52,6045.19,3,0,4.7,No
CUST-00200,Female,1,No,No,48,Yes,Yes,Fiber optic,Yes,No,No,No,No,No,Month-to-month,Yes,Electronic check,111.25,5280.58,6,5,3.0,Yes
CUST-00201,Male,0,Yes,Yes,60,No,No phone service,No,No internet service,No internet service,No internet service,No internet service,No internet service,No internet service,Two year,Yes,Mailed check,18.0,1017.87,0,1,4.8,No
CUST-00202,Female,1,No,No,8,Yes,No,DSL,No,No,Yes,Yes,No,No,Month-to-month,No,Mailed check,46.02,396.46,2,1,4.8,No
CUST-00203,Male,1,Yes,No,72,Yes,No,Fiber optic,No,No,Yes,No,Yes,No,Two year,Yes,Credit card (automatic),98.5,7327.61,6,0,5.0,No
CUST-00204,Female,0,Yes,No,31,Yes,Yes,DSL,No,No,No,Yes,No,No,One year,Yes,Bank transfer (automatic),77.98,2402.4,2,1,5.0,No
CUST-00205,Male,1,Yes,Yes,29,Yes,Yes,No,No internet service,No internet service,No internet service,No internet service,No internet service,No internet service,Month-to-month,Yes,Bank transfer (automatic),27.69,760.18,1,1,5.0,Yes
CUST-00206,Male,0,No,No,15,No,No phone service,DSL,Yes,No,No,No,No,Yes,One year,No,Electronic check,47.34,752.86,0,1,5.0,No
CUST-00207,Female,0,No,No,64,Yes,No,No,No internet service,No internet service,No internet service,No internet service,No internet service,No internet service,One year,Yes,Mailed check,27.04,1691.65,3,1,3.8,No
CUST-00208,Female,0,Yes,No,13,Yes,No,DSL,No,No,No,No,Yes,No,Two year,No,Credit card (automatic),66.1,833.51,3,1,4.6,Yes
CUST-00209,Male,0,Yes,No,62,Yes,No,Fiber optic,Yes,No,Yes,Yes,No,No,One year,Yes,Mailed check,117.07,6696.95,4,0,4.1,No
CUST-00210,Female,0,No,No,52,Yes,No,No,No internet service,No internet service,No internet service,No internet service,No internet service,No internet service,One year,Yes,Mailed check,31.59,1745.72,1,0,3.9,Yes
CUST-00211,Male,0,No,No,56,Yes,No,DSL,No,No,No,No,Yes,No,One year,Yes,Electronic check,36.99,2055.01,5,0,4.9,No
CUST-00212,Female,0,Yes,Yes,3,Yes,Yes,No,No internet service,No internet service,No internet service,No internet service,No internet service,No internet service,Two year,Yes,Electronic check,49.33,151.96,1,2,4.1,No
CUST-00213,Female,0,Yes,No,54,Yes,No,DSL,Yes,No,Yes,Yes,No,No,One year,No,Bank transfer (automatic),72.78,3864.66,1,1,3.8,No
CUST-00214,Male,0,Yes,No,70,Yes,No,Fiber optic,No,No,Yes,No,No,Yes,One year,No,Credit card (automatic),89.81,6766.37,5,0,4.0,No
CUST-00215,Female,0,Yes,Yes,29,Yes,No,Fiber optic,Yes,No,No,No,Yes,No,Month-to-month,Yes,Bank transfer (automatic),95.09,,2,1,3.7,No
CUST-00216,Male,0,No,No,33,Yes,No,DSL,Yes,No,No,No,Yes,Yes,Two year,Yes,Credit card (automatic),39.8,1390.96,3,0,5.0,No
CUST-00217,Male,0,No,No,9,Yes,No,Fiber optic,No,No,Yes,No,Yes,No,Two year,Yes,Credit card (automatic),106.74,980.01,0,0,5.0,No
CUST-00218,Male,0,No,No,36,Yes,Yes,Fiber optic,Yes,Yes,Yes,No,Yes,No,Month-to-month,Yes,Bank transfer (automatic),98.69,3730.67,3,3,3.8,No
CUST-00219,Male,0,No,Yes,49,Yes,Yes,Fiber optic,No,Yes,No,No,No,No,Two year,Yes,Mailed check,91.97,4462.62,0,0,5.0,No
CUST-00220,Female,0,Yes,No,22,Yes,Yes,Fiber optic,No,Yes,Yes,No,No,Yes,Month-to-month,Yes,Mailed check,97.06,2010.3,4,0,4.3,Yes
CUST-00221,Male,0,No,Yes,54,Yes,No,Fiber optic,No,Yes,Yes,No,No,No,One year,Yes,Credit card (automatic),89.29,4836.7,5,0,4.3,No
CUST-00222,Male,0,Yes,No,7,Yes,No,DSL,Yes,Yes,No,Yes,No,No,Two year,Yes,Mailed check,63.18,459.95,3,0,4.3,No
CUST-00223,Female,0,Yes,No,49,Yes,No,DSL,No,No,Yes,No,No,Yes,Month-to-month,Yes,Mailed check,78.2,3781.38,3,1,4.3,No
CUST-00224,Male,0,No,No,43,Yes,No,No,No internet service,No internet service,No internet service,No internet service,No internet service,No internet service,One year,Yes,Credit card (automatic),18.48,833.65,2,1,3.8,No
CUST-00225,Female,0,Yes,No,17,Yes,No,Fiber optic,No,No,No,No,No,No,Two year,Yes,Electronic check,80.15,1439.88,3,1,4.0,No
CUST-00226,Male,0,No,No,25,Yes,No,DSL,No,Yes,No,No,Yes,Yes,Two year,No,Mailed check,75.28,1975.73,1,0,5.0,No
CUST-00227,Female,0,No,No,18,Yes,No,DSL,Yes,Yes,Yes,Yes,No,No,One year,Yes,Electronic check,83.19,1485.29,1,0,5.0,No
CUST-00228,Female,0,No,No,45,Yes,No,Fiber optic,No,Yes,No,Yes,No,No,Month-to-month,No,Electronic check,108.77,4795.0,3,6,3.3,Yes
CUST-00229,Female,0,No,Yes,46,Yes,Yes,Fiber optic,No,No,No,No,No,No,One year,No,Credit card (automatic),81.06,3714.75,5,1,4.2,Yes
CUST-00230,Male,0,Yes,No,41,Yes,No,DSL,Yes,No,Yes,No,No,Yes,Month-to-month,Yes,Electronic check,40.29,1612.04,3,1,4.4,No
CUST-00231,Male,0,Yes,No,14,Yes,No,No,No internet service,No internet service,No internet service,No internet service,No internet service,No internet service,One year,Yes,Credit card (automatic),29.95,399.32,1,0,4.0,No
CUST-00232,Female,0,No,No,16,Yes,No,No,No internet service,No internet service,No internet service,No internet service,No internet service,No internet service,One year,No,Mailed check,34.44,535.02,0,0,4.8,No
CUST-00233,Male,0,No,Yes,59,Yes,Yes,No,No internet service,No internet service,No internet service,No internet service,No internet service,No internet service,Two year,Yes,Mailed check,30.53,1798.99,0,1,4.4,No
CUST-00234,Female,0,No,No,34,Yes,No,Fiber optic,Yes,No,Yes,No,Yes,No,Month-to-month,Yes,Credit card (automatic),87.88,3031.02,2,0,4.7,Yes
CUST-00235,Male,0,Yes,Yes,32,Yes,No,Fiber optic,No,No,No,Yes,Yes,No,One year,Yes,Mailed check,105.38,3633.39,4,3,3.7,No
CUST-00236,Female,0,Yes,No,23,Yes,Yes,DSL,Yes,No,Yes,No,No,No,One year,Yes,Electronic check,36.6,866.3,1,0,4.0,No
CUST-00237,Female,1,Yes,No,67,Yes,No,Fiber optic,No,Yes,No,No,Yes,Yes,One year,Yes,Bank transfer (automatic),82.43,5401.81,3,0,4.3,No
CUST-00238,Male,0,No,No,18,No,No phone service,Fiber optic,No,No,No,Yes,No,Yes,One year,Yes,Mailed check,69.55,1180.25,2,1,3.5,No
CUST-00239,Male,0,No,No,56,Yes,No,DSL,No,No,No,No,No,No,Month-to-month,Yes,Mailed check,73.12,,1,1,4.6,Yes
CUST-00240,Female,0,No,Yes,56,Yes,Yes,Fiber optic,No,No,No,Yes,No,No,One year,No,Credit card (automatic),96.56,5253.76,5,1,3.8,Yes
CUST-00241,Male,1,Yes,No,18,Yes,Yes,Fiber optic,No,No,No,No,No,No,Month-to-month,No,Bank transfer (automatic),107.25,2067.04,3,1,3.9,No
CUST-00242,Female,0,No,No,1,Yes,Yes,Fiber optic,Yes,No,No,No,No,Yes,Two year,No,Mailed check,75.87,72.15,1,0,4.9,No
CUST-00243,Male,1,Yes,Yes,18,Yes,Yes,DSL,No,No,No,Yes,Yes,No,Month-to-month,No,Electronic check,88.97,1608.15,1,1,4.2,Yes
CUST-00244,Female,0,Yes,No,20,Yes,No,No,No internet service,No internet service,No internet service,No internet service,No internet service,No internet service,Two year,Yes,Electronic check,39.35,813.05,1,1,4.4,No
CUST-00245,Female,0,Yes,No,54,Yes,No,Fiber optic,No,No,No,No,No,No,Month-to-month,Yes,Electronic check,86.82,4446.76,2,2,3.3,Yes
CUST-00246,Male,0,No,No,39,Yes,Yes,Fiber optic,No,No,No,Yes,No,Yes,Month-to-month,No,Credit card (automatic),105.16,3852.77,3,0,5.0,No
CUST-00247,Female,0,Yes,No,31,Yes,No,No,No internet service,No internet service,No internet service,No internet service,No internet service,No internet service,One year,No,Electronic check,27.35,823.96,2,1,4.8,No
CUST-00248,Male,0,Yes,Yes,35,Yes,No,DSL,No,Yes,Yes,No,No,No,Month-to-month,No,Credit card (automatic),84.36,3180.41,0,1,4.7,No
CUST-00249,Female,1,No,No,69,Yes,Yes,No,No internet service,No internet service,No internet service,No internet service,No internet service,No internet service,One year,No,Bank transfer (automatic),27.99,1905.73,3,0,4.7,No
CUST-00250,Male,0,No,Yes,68,Yes,No,No,No internet service,No internet service,No internet service,No internet service,No internet service,No internet service,One year,Yes,Mailed check,18.0,1191.18,3,0,5.0,No
CUST-00251,Male,1,Yes,No,2,Yes,No,No,No internet service,No internet service,No internet service,No internet service,No internet service,No internet service,Month-to-month,Yes,Credit card (automatic),42.67,83.55,0,3,4.5,No
CUST-00252,Male,0,Yes,Yes,61,Yes,No,Fiber optic,No,No,Yes,Yes,No,No,One year,No,Electronic check,98.19,6464.59,1,0,3.9,No
CUST-00253,Male,0,No,No,27,Yes,Yes,DSL,Yes,No,No,Yes,Yes,Yes,Month-to-month,Yes,Electronic check,45.74,1154.16,1,2,5.0,No
CUST-00254,Male,0,No,Yes,55,Yes,No,DSL,Yes,No,Yes,Yes,No,No,One year,Yes,Electronic check,43.99,2232.38,4,0,4.0,No
CUST-00255,Female,0,No,Yes,71,Yes,Yes,No,No internet service,No internet service,No internet service,No internet service,No internet service,No internet service,One year,No,Credit card (automatic),33.47,2395.33,3,0,4.3,No
CUST-00256,Male,0,Yes,Yes,38,Yes,No,DSL,Yes,No,No,No,No,No,One year,No,Bank transfer (automatic),60.82,2380.99,3,1,4.5,No
CUST-00257,Female,0,No,No,45,Yes,No,DSL,Yes,No,Yes,Yes,No,No,Month-to-month,Yes,Mailed check,53.96,2278.86,1,1,4.1,No
CUST-00258,Male,0,No,Yes,31,Yes,Yes,No,No internet service,No internet service,No internet service,No internet service,No internet service,No internet service,One year,Yes,Bank transfer (automatic),33.31,966.31,0,0,5.0,No
CUST-00259,Male,0,Yes,Yes,6,Yes,No,Fiber optic,No,No,Yes,No,No,Yes,Month-to-month,Yes,Mailed check,105.71,645.1,5,3,3.6,Yes
CUST-00260,Female,0,Yes,Yes,3,Yes,No,DSL,Yes,No,Yes,No,No,Yes,Month-to-month,No,Mailed check,49.28,156.78,3,2,4.1,Yes
CUST-00261,Female,0,No,No,26,Yes,No,Fiber optic,No,No,Yes,Yes,No,No,Month-to-month,No,Credit card (automatic),94.13,2380.34,1,0,4.8,No
CUST-00262,Male,0,Yes,No,60,Yes,No,DSL,Yes,No,No,Yes,No,No,Month-to-month,No,Bank transfer (automatic),41.87,2479.22,0,2,4.8,No
CUST-00263,Male,0,No,No,25,Yes,No,Fiber optic,No,Yes,No,Yes,Yes,No,Two year,Yes,Bank transfer (automatic),73.86,1719.84,4,0,5.0,No
CUST-00264,Female,0,No,Yes,32,Yes,Yes,DSL,No,No,No,No,No,No,One year,Yes,Bank transfer (automatic),67.43,2286.63,0,0,4.4,No
CUST-00265,Female,0,Yes,Yes,39,No,No phone service,Fiber optic,No,Yes,No,No,No,Yes,Month-to-month,Yes,Electronic check,71.51,2612.92,5,2,3.8,No
CUST-00266,Female,0,No,Yes,24,Yes,Yes,DSL,No,No,No,No,No,No,Two year,Yes,Credit card (automatic),63.93,1500.46,1,0,4.4,No
CUST-00267,Male,0,Yes,No,36,Yes,Yes,Fiber optic,No,No,No,No,Yes,Yes,One year,No,Electronic check,90.08,3071.12,3,0,4.4,No
CUST-00268,Male,0,No,Yes,44,Yes,No,Fiber optic,No,Yes,Yes,No,No,No,Month-to-month,No,Electronic check,106.29,4583.46,1,1,4.7,No
CUST-00269,Female,1,No,Yes,62,Yes,No,DSL,No,No,No,Yes,No,No,Two year,No,Mailed check,47.53,3151.23,2,0,4.5,No
CUST-00270,Female,0,No,Yes,55,Yes,No,No,No internet service,No internet service,No internet service,No internet service,No internet service,No internet service,One year,No,Credit card (automatic),36.29,2052.24,1,0,5.0,No
CUST-00271,Male,1,Yes,No,59,No,No phone service,No,No internet service,No internet service,No internet service,No internet service,No internet service,No internet service,Month-to-month,Yes,Bank transfer (automatic),18.0,1018.55,2,1,5.0,No
CUST-00272,Male,0,No,No,38,Yes,No,Fiber optic,No,Yes,No,No,No,No,One year,Yes,Mailed check,110.6,4477.22,2,0,3.9,No
CUST-00273,Male,0,No,Yes,51,Yes,Yes,No,No internet service,No internet service,No internet service,No internet service,No internet service,No internet service,Month-to-month,Yes,Electronic check,32.6,1680.36,3,1,4.3,No
CUST-00274,Female,0,No,No,11,Yes,No,DSL,No,Yes,No,Yes,Yes,No,Month-to-month,No,Electronic check,51.95,578.62,0,3,4.1,No
CUST-00275,Male,0,No,No,11,Yes,Yes,Fiber optic,No,Yes,No,No,No,Yes,Month-to-month,No,Electronic check,73.62,791.11,1,2,4.2,No
CUST-00276,Male,0,Yes,No,67,Yes,No,No,No internet service,No internet service,No internet service,No internet service,No internet service,No internet service,Month-to-month,No,Electronic check,33.72,2150.05,1,3,4.7,No
CUST-00277,Male,0,No,Yes,44,No,No phone service,Fiber optic,No,Yes,No,No,No,No,Month-to-month,No,Mailed check,82.31,3797.19,2,6,3.0,Yes
CUST-00278,Female,0,Yes,No,9,Yes,Yes,DSL,No,No,Yes,Yes,Yes,Yes,Month-to-month,No,Electronic check,64.91,620.32,0,2,4.8,No
CUST-00279,Male,0,Yes,No,30,No,No phone service,No,No internet service,No internet service,No internet service,No internet service,No internet service,No internet service,Month-to-month,Yes,Credit card (automatic),32.05,915.0,0,2,4.6,No
CUST-00280,Male,0,No,No,70,Yes,Yes,DSL,Yes,No,Yes,No,No,Yes,Two year,Yes,Electronic check,48.29,3129.56,1,1,4.9,No
CUST-00281,Male,0,No,No,2,Yes,No,DSL,Yes,No,No,Yes,No,Yes,Month-to-month,No,Credit card (automatic),57.59,116.11,1,1,5.0,No
CUST-00282,Male,0,No,Yes,32,Yes,No,Fiber optic,No,No,No,No,No,No,Two year,Yes,Credit card (automatic),91.59,3134.61,2,0,5.0,No
CUST-00283,Female,0,Yes,No,61,Yes,No,DSL,No,No,No,No,No,No,One year,No,Electronic check,70.95,4213.88,0,0,5.0,No
CUST-00284,Male,0,Yes,No,69,Yes,Yes,DSL,No,No,No,No,Yes,No,Month-to-month,Yes,Electronic check,50.28,3539.31,1,0,5.0,No
CUST-00285,Male,0,No,Yes,27,Yes,Yes,Fiber optic,No,No,No,No,Yes,No,Month-to-month,No,Bank transfer (automatic),100.19,2553.12,1,2,3.8,Yes
CUST-00286,Female,0,Yes,Yes,66,Yes,Yes,Fiber optic,Yes,Yes,No,No,No,No,One year,No,Credit card (automatic),118.56,8206.31,2,1,4.2,No
CUST-00287,Male,0,No,No,52,Yes,Yes,Fiber optic,No,No,No,No,Yes,Yes,Month-to-month,No,Mailed check,92.84,4885.51,5,1,4.1,No
CUST-00288,Female,0,No,Yes,30,Yes,No,Fiber optic,Yes,No,No,No,No,No,One year,Yes,Mailed check,109.15,3308.35,7,0,3.2,Yes
CUST-00289,Female,0,Yes,No,57,Yes,Yes,Fiber optic,No,No,No,No,No,Yes,Month-to-month,Yes,Electronic check,82.48,4692.09,0,0,4.6,No
CUST-00290,Male,0,Yes,No,58,Yes,Yes,Fiber optic,No,No,No,Yes,Yes,Yes,Month-to-month,No,Credit card (automatic),74.72,,1,1,4.8,No
CUST-00291,Female,0,Yes,No,20,Yes,Yes,DSL,No,No,No,Yes,Yes,No,One year,No,Electronic check,72.1,1386.71,0,1,5.0,No
CUST-00292,Male,0,No,Yes,7,Yes,No,DSL,No,No,Yes,No,Yes,No,Month-to-month,Yes,Electronic check,41.93,311.0,0,8,3.7,Yes
CUST-00293,Female,0,No,No,57,Yes,No,No,No internet service,No internet service,No internet service,No internet service,No internet service,No internet service,Month-to-month,Yes,Electronic check,29.58,1731.71,4,2,3.8,No
CUST-00294,Male,0,Yes,No,6,Yes,No,Fiber optic,No,Yes,Yes,Yes,No,No,Month-to-month,Yes,Bank transfer (automatic),104.0,627.63,4,3,4.1,No
CUST-00295,Female,0,Yes,No,57,Yes,No,DSL,No,No,No,No,Yes,No,Month-to-month,No,Mailed check,68.74,4205.61,0,4,3.7,No
CUST-00296,Female,1,Yes,Yes,26,Yes,Yes,No,No internet service,No internet service,No internet service,No internet service,No internet service,No internet service,Two year,Yes,Credit card (automatic),29.99,792.9,1,0,5.0,No
CUST-00297,Female,0,Yes,Yes,51,Yes,No,Fiber optic,Yes,No,No,No,No,No,One year,Yes,Electronic check,73.15,3993.21,2,0,4.8,Yes
CUST-00298,Male,0,No,Yes,44,Yes,Yes,Fiber optic,No,No,Yes,No,No,No,Two year,Yes,Bank transfer (automatic),105.74,4408.19,4,0,3.2,No
CUST-00299,Male,0,No,Yes,3,Yes,No,DSL,No,No,No,Yes,No,No,One year,Yes,Credit card (automatic),47.51,134.14,2,0,3.6,No
CUST-00300,Male,0,Yes,No,1,Yes,Yes,Fiber optic,No,Yes,No,No,No,Yes,Two year,No,Credit card (automatic),82.21,78.06,2,1,4.3,No
CUST-00301,Male,1,No,Yes,46,Yes,No,DSL,Yes,Yes,No,No,No,Yes,Month-to-month,No,Electronic check,46.6,2259.76,1,0,4.8,No
CUST-00302,Female,0,Yes,Yes,38,Yes,No,Fiber optic,Yes,No,Yes,Yes,Yes,No,One year,Yes,Bank transfer (automatic),99.35,3838.06,1,0,4.2,No
CUST-00303,Male,0,Yes,No,4,Yes,No,Fiber optic,No,No,Yes,No,Yes,No,Two year,Yes,Credit card (automatic),103.98,448.81,1,1,4.8,No
CUST-00304,Female,1,No,Yes,71,Yes,No,Fiber optic,No,No,No,Yes,Yes,No,Two year,No,Credit card (automatic),66.55,4473.71,2,0,5.0,No
CUST-00305,Female,0,Yes,Yes,18,Yes,Yes,DSL,No,No,Yes,Yes,No,No,Two year,No,Credit card (automatic),47.57,864.81,2,0,4.6,No
CUST-00306,Male,0,Yes,No,62,Yes,Yes,DSL,Yes,No,Yes,Yes,No,No,Month-to-month,Yes,Credit card (automatic),74.47,4335.67,3,2,4.3,No
CUST-00307,Male,0,No,No,9,Yes,No,No,No internet service,No internet service,No internet service,No internet service,No internet service,No internet service,Month-to-month,No,Electronic check,24.08,229.71,2,4,3.8,Yes
CUST-00308,Female,0,No,No,17,No,No phone service,No,No internet service,No internet service,No internet service,No internet service,No internet service,No internet service,Month-to-month,No,Electronic check,34.91,626.38,2,3,3.5,Yes
CUST-00309,Male,0,Yes,No,39,Yes,Yes,DSL,No,Yes,Yes,No,Yes,Yes,Month-to-month,Yes,Credit card (automatic),70.16,2865.01,3,1,4.6,No
CUST-00310,Male,0,No,Yes,39,Yes,Yes,Fiber optic,No,Yes,No,No,No,No,Month-to-month,No,Credit card (automatic),109.95,4107.39,2,0,4.5,No
CUST-00311,Female,1,Yes,No,44,Yes,Yes,Fiber optic,No,No,No,No,Yes,No,Month-to-month,Yes,Electronic check,61.65,2689.47,1,2,4.9,No
CUST-00312,Female,1,No,No,13,No,No phone service,No,No internet service,No internet service,No internet service,No internet service,No internet service,No internet service,Month-to-month,Yes,Credit card (automatic),36.95,508.34,1,2,4.7,No
CUST-00313,Male,0,Yes,No,20,Yes,No,No,No internet service,No internet service,No internet service,No internet service,No internet service,No internet service,Month-to-month,No,Electronic check,28.18,575.81,2,2,3.8,Yes
CUST-00314,Male,0,No,No,19,Yes,No,Fiber optic,Yes,No,No,No,No,No,One year,No,Credit card (automatic),111.77,1985.45,2,1,3.8,No
CUST-00315,Male,0,Yes,No,32,Yes,Yes,DSL,No,No,No,No,Yes,No,Two year,Yes,Electronic check,55.11,1850.2,2,1,4.7,No
CUST-00316,Female,0,No,No,67,No,No phone service,Fiber optic,No,No,No,No,No,Yes,Month-to-month,No,Bank transfer (automatic),106.45,6997.49,1,3,4.0,No
CUST-00317,Female,0,No,No,34,Yes,Yes,No,No internet service,No internet service,No internet service,No internet service,No internet service,No internet service,Two year,No,Credit card (automatic),44.79,1427.83,2,0,4.5,No
CUST-00318,Female,0,Yes,Yes,72,Yes,Yes,Fiber optic,Yes,Yes,Yes,Yes,No,Yes,Two year,No,Bank transfer (automatic),81.41,5814.79,4,1,4.3,No
CUST-00319,Female,0,No,No,19,Yes,No,Fiber optic,Yes,Yes,No,Yes,No,No,Month-to-month,No,Electronic check,105.38,1859.72,5,0,3.8,Yes
CUST-00320,Female,0,Yes,Yes,18,Yes,No,DSL,No,No,No,No,Yes,Yes,Two year,No,Electronic check,60.59,1015.75,1,1,3.9,No
CUST-00321,Male,0,No,No,8,Yes,No,DSL,No,Yes,No,Yes,No,Yes,Month-to-month,No,Bank transfer (automatic),70.94,557.29,1,0,5.0,No
CUST-00322,Male,0,Yes,No,16,Yes,No,No,No internet service,No internet service,No internet service,No internet service,No internet service,No internet service,Month-to-month,Yes,Bank transfer (automatic),18.0,302.75,2,3,4.3,Yes
CUST-00323,Female,0,Yes,No,23,Yes,Yes,DSL,Yes,Yes,No,No,No,Yes,Month-to-month,Yes,Credit card (automatic),74.28,1589.63,1,2,4.2,No
CUST-00324,Female,0,No,Yes,28,Yes,Yes,Fiber optic,No,No,Yes,Yes,Yes,No,One year,No,Bank transfer (automatic),100.95,2791.71,1,1,3.6,No
CUST-00325,Female,0,Yes,No,52,Yes,Yes,DSL,No,No,No,No,Yes,No,Month-to-month,No,Electronic check,69.99,3682.53,3,0,3.4,No
CUST-00326,Male,1,No,No,33,Yes,Yes,DSL,No,No,No,No,No,No,Month-to-month,Yes,Electronic check,79.25,2773.0,1,2,4.0,No
CUST-00327,Male,0,No,Yes,50,Yes,No,Fiber optic,Yes,No,Yes,No,No,No,One year,No,Bank transfer (automatic),69.16,3501.66,5,1,4.0,Yes
CUST-00328,Male,1,Yes,Yes,7,Yes,No,DSL,No,No,No,No,No,Yes,Two year,Yes,Mailed check,62.58,439.95,2,0,5.0,No
CUST-00329,Male,0,Yes,No,69,Yes,No,Fiber optic,No,No,No,No,No,No,Two year,No,Electronic check,73.94,5062.48,3,0,4.6,No
CUST-00330,Female,0,No,Yes,11,Yes,No,DSL,Yes,No,No,No,No,Yes,Month-to-month,Yes,Credit card (automatic),67.78,751.12,1,0,5.0,No
CUST-00331,Female,1,No,No,3,Yes,Yes,Fiber optic,Yes,Yes,Yes,No,No,No,Two year,No,Bank transfer (automatic),75.34,229.14,2,1,3.9,No
CUST-00332,Male,0,Yes,No,31,No,No phone service,No,No internet service,No internet service,No internet service,No internet service,No internet service,No internet service,Month-to-month,No,Credit card (automatic),42.21,1406.4,3,0,4.4,No
CUST-00333,Male,0,Yes,Yes,47,No,No phone service,Fiber optic,No,No,No,Yes,Yes,No,Two year,No,Bank transfer (automatic),116.64,5454.91,1,0,4.2,No
CUST-00334,Female,0,No,No,17,Yes,No,DSL,Yes,No,Yes,No,Yes,Yes,Month-to-month,Yes,Electronic check,67.27,1083.66,2,2,4.2,Yes
CUST-00335,Male,0,No,Yes,12,Yes,No,No,No internet service,No internet service,No internet service,No internet service,No internet service,No internet service,Two year,Yes,Credit card (automatic),30.84,364.86,2,1,4.6,No
CUST-00336,Female,0,No,Yes,61,Yes,No,DSL,Yes,No,Yes,No,No,No,Month-to-month,Yes,Bank transfer (automatic),71.65,4475.28,3,1,5.0,No
CUST-00337,Female,0,Yes,No,60,Yes,No,DSL,No,No,No,No,No,No,Month-to-month,Yes,Bank transfer (automatic),61.39,3565.68,1,0,4.4,No
CUST-00338,Male,1,No,Yes,55,Yes,No,No,No internet service,No internet service,No internet service,No internet service,No internet service,No internet service,Two year,Yes,Mailed check,46.54,2676.4,1,0,4.9,No
CUST-00339,Male,0,No,No,16,Yes,No,DSL,No,No,Yes,Yes,No,No,One year,No,Bank transfer (automatic),56.04,953.02,1,0,4.8,No
CUST-00340,Female,0,Yes,No,39,Yes,No,Fiber optic,Yes,Yes,No,Yes,No,No,One year,Yes,Credit card (automatic),82.09,3252.74,3,0,4.3,No
CUST-00341,Female,0,Yes,Yes,50,No,No phone service,DSL,No,No,No,No,No,Yes,One year,Yes,Electronic check,38.87,2080.23,0,0,5.0,No
CUST-00342,Male,0,Yes,No,32,Yes,No,Fiber optic,No,No,No,No,Yes,No,Month-to-month,No,Credit card (automatic),97.3,2917.03,2,2,4.1,No
CUST-00343,Female,0,No,No,13,No,No phone service,Fiber optic,No,Yes,Yes,No,No,No,Month-to-month,No,Electronic check,72.26,921.93,3,3,4.1,Yes
CUST-00344,Female,0,Yes,Yes,60,No,No phone service,Fiber optic,No,No,Yes,No,Yes,No,Month-to-month,Yes,Mailed check,77.21,4326.51,6,1,3.7,Yes
CUST-00345,Female,0,No,No,68,Yes,No,Fiber optic,Yes,No,No,No,Yes,Yes,One year,No,Credit card (automatic),96.1,6624.69,4,1,3.9,No
CUST-00346,Male,0,No,No,12,Yes,Yes,DSL,No,No,Yes,No,No,No,Month-to-month,Yes,Bank transfer (automatic),53.76,667.68,2,4,4.5,Yes
CUST-00347,Female,0,Yes,No,51,Yes,No,DSL,No,No,Yes,No,Yes,No,Month-to-month,Yes,Electronic check,40.71,1956.37,2,0,5.0,No
CUST-00348,Female,0,No,No,64,Yes,No,No,No internet service,No internet service,No internet service,No internet service,No internet service,No internet service,Month-to-month,Yes,Mailed check,45.54,2699.13,2,2,4.1,No
CUST-00349,Male,0,No,No,39,Yes,Yes,No,No internet service,No internet service,No internet service,No internet service,No internet service,No internet service,Month-to-month,Yes,Bank transfer (automatic),25.71,1077.43,2,2,3.6,No
CUST-00350,Male,0,Yes,Yes,4,Yes,Yes,Fiber optic,No,No,No,No,No,Yes,Month-to-month,No,Electronic check,74.98,316.98,3,5,4.4,Yes
CUST-00351,Female,0,No,Yes,50,Yes,Yes,Fiber optic,Yes,No,Yes,No,No,Yes,Month-to-month,No,Electronic check,86.01,4086.8,5,0,4.0,Yes
CUST-00352,Male,0,No,No,67,Yes,No,Fiber optic,No,Yes,No,Yes,No,No,Month-to-month,Yes,Credit card (automatic),105.61,6982.97,3,2,3.8,No
CUST-00353,Male,0,Yes,No,19,Yes,No,Fiber optic,Yes,No,Yes,No,No,No,One year,No,Electronic check,71.12,1255.43,4,0,4.5,No
CUST-00354,Male,0,No,No,10,Yes,Yes,Fiber optic,No,Yes,Yes,No,No,Yes,Month-to-month,No,Electronic check,88.35,856.02,3,4,3.1,Yes
CUST-00355,Female,0,No,Yes,19,No,No phone service,DSL,Yes,Yes,No,No,No,No,Month-to-month,Yes,Bank transfer (automatic),65.0,1179.18,2,0,5.0,No
CUST-00356,Female,0,Yes,No,59,Yes,No,Fiber optic,No,Yes,No,No,No,No,Month-to-month,Yes,Bank transfer (automatic),104.39,6113.32,3,2,4.1,No
CUST-00357,Male,0,No,Yes,41,No,No phone service,DSL,Yes,Yes,Yes,Yes,Yes,No,Month-to-month,Yes,Electronic check,62.51,2420.36,0,4,4.3,No
CUST-00358,Female,0,No,No,2,Yes,Yes,Fiber optic,No,No,Yes,Yes,No,Yes,Two year,Yes,Bank transfer (automatic),115.59,249.39,4,0,3.6,No
CUST-00359,Male,0,No,No,43,No,No phone service,Fiber optic,No,Yes,No,Yes,No,No,Two year,Yes,Electronic check,75.55,3046.56,2,1,4.3,No
CUST-00360,Female,0,Yes,Yes,59,Yes,No,Fiber optic,No,Yes,No,No,No,No,Month-to-month,Yes,Credit card (automatic),71.3,4359.28,4,1,3.7,No
CUST-00361,Female,0,Yes,No,14,Yes,Yes,Fiber optic,No,No,No,Yes,Yes,Yes,Month-to-month,Yes,Bank transfer (automatic),103.87,1409.79,4,0,3.8,Yes
CUST-00362,Female,0,Yes,No,43,Yes,Yes,No,No internet service,No internet service,No internet service,No internet service,No internet service,No internet service,Month-to-month,Yes,Bank transfer (automatic),20.44,933.39,2,3,3.4,No
CUST-00363,Male,0,No,No,17,Yes,No,No,No internet service,No internet service,No internet service,No internet service,No internet service,No internet service,One year,Yes,Bank transfer (automatic),18.0,284.2,1,1,4.6,No
CUST-00364,Female,0,No,No,2,Yes,No,No,No internet service,No internet service,No internet service,No internet service,No internet service,No internet service,Month-to-month,Yes,Electronic check,43.43,91.34,1,1,4.7,Yes
CUST-00365,Male,0,No,No,29,Yes,No,No,No internet service,No internet service,No internet service,No internet service,No internet service,No internet service,Month-to-month,Yes,Electronic check,43.15,1200.74,3,3,4.3,No
CUST-00366,Female,0,Yes,No,56,Yes,Yes,Fiber optic,No,No,Yes,No,Yes,Yes,One year,Yes,Mailed check,88.92,5271.02,6,1,3.6,Yes
CUST-00367,Male,0,No,No,49,Yes,No,Fiber optic,No,No,No,No,Yes,No,One year,Yes,Bank transfer (automatic),92.58,4562.69,3,0,5.0,No
CUST-00368,Male,0,No,No,8,Yes,No,Fiber optic,No,No,No,No,No,Yes,Month-to-month,Yes,Credit card (automatic),83.83,623.59,1,0,4.8,No
CUST-00369,Male,0,No,Yes,14,No,No phone service,No,No internet service,No internet service,No internet service,No internet service,No internet service,No internet service,Month-to-month,Yes,Electronic check,39.01,514.11,1,1,5.0,Yes
CUST-00370,Female,0,No,Yes,39,Yes,No,Fiber optic,No,No,No,No,No,No,One year,Yes,Credit card (automatic),108.66,4396.17,1,0,4.7,Yes
CUST-00371,Male,1,No,No,24,Yes,No,Fiber optic,No,No,No,No,Yes,No,One year,Yes,Electronic check,119.62,2870.26,3,1,4.2,No
CUST-00372,Female,0,Yes,Yes,24,Yes,Yes,No,No internet service,No internet service,No internet service,No internet service,No internet service,No internet service,Month-to-month,No,Electronic check,18.0,458.67,2,4,4.6,No
CUST-00373,Male,1,No,No,32,Yes,No,Fiber optic,No,No,Yes,Yes,No,No,Two year,No,Mailed check,89.66,2828.34,0,0,4.4,No
CUST-00374,Male,0,No,No,55,Yes,No,DSL,No,No,Yes,No,No,No,Month-to-month,No,Mailed check,64.27,3788.33,3,0,4.8,No
CUST-00375,Female,0,No,No,42,Yes,Yes,Fiber optic,Yes,No,Yes,No,No,No,Month-to-month,No,Credit card (automatic),113.77,4599.23,0,0,5.0,Yes
CUST-00376,Male,0,Yes,No,62,Yes,Yes,Fiber optic,No,Yes,Yes,No,Yes,No,One year,No,Mailed check,100.14,6029.33,5,0,4.3,No
CUST-00377,Female,0,No,No,8,Yes,No,Fiber optic,No,Yes,Yes,No,No,Yes,One year,Yes,Bank transfer (automatic),80.1,641.56,4,3,3.4,No
CUST-00378,Female,1,Yes,Yes,34,Yes,No,No,No internet service,No internet service,No internet service,No internet service,No internet service,No internet service,Two year,No,Credit card (automatic),24.88,810.27,0,0,4.7,No
CUST-00379,Male,0,Yes,No,40,Yes,Yes,Fiber optic,Yes,No,No,No,Yes,No,Month-to-month,Yes,Mailed check,77.82,3023.27,5,0,4.2,No
CUST-00380,Male,1,Yes,No,55,Yes,No,No,No internet service,No internet service,No internet service,No internet service,No internet service,No internet service,Two year,Yes,Mailed check,27.79,1476.54,2,0,5.0,No
CUST-00381,Male,0,Yes,Yes,38,Yes,Yes,Fiber optic,No,Yes,No,No,No,No,Month-to-month,Yes,Electronic check,87.27,3565.14,4,3,4.0,No
CUST-00382,Female,1,Yes,Yes,66,Yes,No,DSL,Yes,Yes,No,No,Yes,Yes,Month-to-month,Yes,Bank transfer (automatic),72.38,4976.36,2,2,2.9,No
CUST-00383,Female,1,No,No,61,Yes,No,Fiber optic,No,No,No,No,Yes,No,Two year,No,Credit card (automatic),101.97,5833.45,2,2,4.6,Yes
CUST-00384,Male,0,No,No,50,Yes,No,Fiber optic,No,No,Yes,No,Yes,No,Month-to-month,Yes,Electronic check,104.79,4923.46,6,2,3.8,Yes
CUST-00385,Male,0,Yes,Yes,29,Yes,No,No,No internet service,No internet service,No internet service,No internet service,No internet service,No internet service,Two year,Yes,Credit card (automatic),36.92,1123.25,3,0,5.0,No
CUST-00386,Male,0,No,No,24,Yes,No,Fiber optic,No,No,Yes,No,Yes,No,One year,No,Credit card (automatic),80.96,1961.76,2,1,4.1,No
CUST-00387,Male,0,No,Yes,39,Yes,No,Fiber optic,Yes,No,No,Yes,Yes,No,One year,No,Bank transfer (automatic),91.23,3389.87,3,1,4.3,No
CUST-00388,Female,1,No,Yes,34,Yes,No,Fiber optic,No,Yes,No,No,No,No,Month-to-month,Yes,Bank transfer (automatic),106.44,3597.13,7,1,3.4,Yes
CUST-00389,Female,0,Yes,No,3,Yes,No,No,No internet service,No internet service,No internet service,No internet service,No internet service,No internet service,Month-to-month,Yes,Credit card (automatic),18.0,58.0,1,0,5.0,No
CUST-00390,Male,0,Yes,Yes,17,Yes,Yes,DSL,No,No,No,No,No,Yes,Two year,No,Credit card (automatic),62.38,1102.39,0,0,5.0,No
CUST-00391,Female,0,No,No,61,Yes,Yes,DSL,No,Yes,No,No,No,No,Month-to-month,Yes,Bank transfer (automatic),78.39,4894.62,2,1,4.0,No
CUST-00392,Male,0,No,Yes,34,Yes,No,Fiber optic,No,Yes,No,No,Yes,Yes,Month-to-month,Yes,Electronic check,83.5,2957.64,3,1,5.0,No
CUST-00393,Male,1,No,No,69,Yes,Yes,Fiber optic,No,No,Yes,Yes,Yes,Yes,Month-to-month,Yes,Bank transfer (automatic),101.72,7522.32,1,0,4.3,No
CUST-00394,Female,0,Yes,No,18,No,No phone service,Fiber optic,No,No,Yes,No,No,Yes,Month-to-month,Yes,Electronic check,85.01,1552.58,3,3,3.9,Yes
CUST-00395,Female,0,No,Yes,70,Yes,Yes,DSL,No,Yes,Yes,Yes,Yes,No,Month-to-month,Yes,Mailed check,64.33,4669.45,2,0,5.0,No
CUST-00396,Female,1,No,No,59,Yes,Yes,Fiber optic,No,No,No,Yes,No,No,Month-to-month,No,Bank transfer (automatic),82.44,4846.15,3,3,3.8,No
CUST-00397,Male,0,No,No,26,Yes,Yes,DSL,Yes,No,No,Yes,No,Yes,Two year,Yes,Mailed check,82.03,2231.54,1,1,4.5,No
CUST-00398,Male,0,No,Yes,44,Yes,Yes,DSL,Yes,No,No,No,Yes,Yes,Month-to-month,Yes,Electronic check,38.67,1743.31,3,1,4.3,No
CUST-00399,Male,0,No,No,72,Yes,Yes,Fiber optic,No,Yes,No,No,Yes,No,One year,Yes,Mailed check,71.45,5096.43,2,0,4.3,No
CUST-00400,Male,0,No,Yes,46,Yes,No,DSL,No,Yes,No,No,No,Yes,One year,Yes,Mailed check,59.99,2958.5,2,1,4.8,No
CUST-00401,Female,0,No,Yes,68,No,No phone service,Fiber optic,No,No,Yes,Yes,No,Yes,Two year,No,Credit card (automatic),109.36,7202.33,2,1,4.2,No
CUST-00402,Female,0,No,No,8,Yes,No,Fiber optic,No,No,Yes,No,No,No,Month-to-month,No,Electronic check,79.81,681.55,2,6,3.1,Yes
CUST-00403,Male,0,No,Yes,12,Yes,Yes,DSL,Yes,No,No,Yes,Yes,No,One year,Yes,Credit card (automatic),64.64,738.4,2,0,4.9,No
CUST-00404,Female,1,Yes,No,1,Yes,No,Fiber optic,Yes,Yes,No,Yes,No,Yes,Month-to-month,No,Mailed check,98.55,103.38,3,0,4.3,No
CUST-00405,Male,1,No,No,24,Yes,No,Fiber optic,No,No,No,No,No,Yes,Two year,Yes,Electronic check,97.27,2348.11,5,2,3.5,No
CUST-00406,Female,0,No,No,57,Yes,Yes,DSL,No,Yes,Yes,Yes,No,No,Two year,Yes,Electronic check,76.78,4432.61,0,0,4.6,No
CUST-00407,Male,0,No,Yes,70,Yes,Yes,Fiber optic,No,Yes,No,Yes,No,No,Two year,Yes,Electronic check,112.03,7517.23,3,1,4.5,No
CUST-00408,Male,0,Yes,Yes,40,Yes,No,DSL,Yes,Yes,Yes,Yes,No,Yes,Month-to-month,Yes,Mailed check,43.68,1737.36,2,1,4.6,No
CUST-00409,Female,0,No,No,31,Yes,No,No,No internet service,No internet service,No internet service,No internet service,No internet service,No internet service,Month-to-month,No,Credit card (automatic),35.84,1101.14,0,1,4.1,No
CUST-00410,Male,0,No,Yes,68,Yes,Yes,Fiber optic,Yes,No,No,No,Yes,No,Two year,No,Bank transfer (automatic),87.52,6279.02,6,2,3.0,No
CUST-00411,Male,0,Yes,No,43,Yes,No,DSL,No,No,Yes,No,Yes,Yes,One year,No,Electronic check,52.51,2340.85,3,1,4.5,No
CUST-00412,Male,0,Yes,No,39,Yes,Yes,No,No internet service,No internet service,No internet service,No internet service,No internet service,No internet service,Month-to-month,Yes,Mailed check,41.48,1623.95,1,0,4.8,No
CUST-00413,Male,0,Yes,No,7,Yes,Yes,Fiber optic,No,Yes,Yes,No,No,Yes,Month-to-month,No,Electronic check,86.29,636.68,0,1,4.4,Yes
CUST-00414,Male,0,No,No,16,Yes,Yes,DSL,No,No,No,Yes,No,No,Month-to-month,Yes,Electronic check,50.76,839.53,1,6,4.5,Yes
CUST-00415,Male,0,No,Yes,51,Yes,No,Fiber optic,Yes,Yes,No,No,No,No,One year,Yes,Electronic check,104.83,5757.93,1,1,4.4,No
CUST-00416,Female,0,No,Yes,51,Yes,Yes,Fiber optic,Yes,No,Yes,No,No,No,Month-to-month,Yes,Bank transfer (automatic),104.87,5101.24,3,1,5.0,No
CUST-00417,Female,0,Yes,No,36,No,No phone service,Fiber optic,Yes,No,Yes,Yes,No,No,Two year,No,Bank transfer (automatic),101.51,3570.84,3,1,4.4,No
CUST-00418,Male,0,No,No,51,Yes,Yes,Fiber optic,No,Yes,Yes,No,Yes,No,One year,No,Electronic check,79.93,4157.06,4,1,4.6,No
CUST-00419,Male,0,No,No,50,Yes,Yes,No,No internet service,No internet service,No internet service,No internet service,No internet service,No internet service,Two year,No,Electronic check,36.6,1949.42,1,0,5.0,No
CUST-00420,Female,1,No,Yes,5,Yes,Yes,No,No internet service,No internet service,No internet service,No internet service,No internet service,No internet service,Month-to-month,No,Bank transfer (automatic),46.69,240.88,1,1,5.0,Yes
CUST-00421,Female,1,Yes,No,61,Yes,No,DSL,No,Yes,No,No,No,Yes,One year,No,Electronic check,64.17,3956.65,0,0,4.6,No
CUST-00422,Female,0,Yes,Yes,50,No,No phone service,No,No internet service,No internet service,No internet service,No internet service,No internet service,No internet service,Two year,No,Electronic check,27.81,1344.21,2,0,4.9,No
CUST-00423,Female,0,No,No,16,Yes,No,DSL,No,Yes,No,No,No,No,One year,Yes,Mailed check,46.96,775.79,3,2,5.0,No
CUST-00424,Female,0,Yes,Yes,16,Yes,Yes,No,No internet service,No internet service,No internet service,No internet service,No internet service,No internet service,One year,No,Credit card (automatic),32.02,527.23,0,0,4.9,No
CUST-00425,Male,0,No,No,69,Yes,Yes,DSL,No,No,No,No,No,No,Month-to-month,Yes,Credit card (automatic),64.65,4715.25,1,3,4.6,No
CUST-00426,Male,0,No,No,19,Yes,Yes,DSL,Yes,No,Yes,No,No,No,Month-to-month,Yes,Electronic check,54.7,1030.07,0,1,5.0,No
CUST-00427,Female,0,Yes,No,3,Yes,No,Fiber optic,Yes,Yes,No,No,No,No,One year,No,Mailed check,99.87,281.46,6,2,4.4,Yes
CUST-00428,Female,1,Yes,No,3,Yes,No,DSL,Yes,Yes,No,No,No,Yes,Month-to-month,Yes,Credit card (automatic),46.55,131.47,0,3,3.9,Yes
CUST-00429,Male,1,No,Yes,17,No,No phone service,No,No internet service,No internet service,No internet service,No internet service,No internet service,No internet service,Two year,No,Mailed check,31.93,569.53,4,0,4.1,No
CUST-00430,Female,0,No,No,46,Yes,Yes,DSL,Yes,Yes,Yes,No,Yes,No,One year,No,Mailed check,65.73,2835.55,2,1,4.4,No
CUST-00431,Male,0,No,No,33,Yes,No,Fiber optic,No,No,No,Yes,No,No,Month-to-month,No,Credit card (automatic),84.79,2824.43,0,2,4.4,No
CUST-00432,Female,0,Yes,No,53,Yes,No,No,No internet service,No internet service,No internet service,No internet service,No internet service,No internet service,One year,Yes,Bank transfer (automatic),27.77,1455.51,2,1,4.7,No
CUST-00433,Female,1,No,No,17,Yes,No,Fiber optic,Yes,No,No,No,Yes,No,One year,No,Mailed check,116.67,1922.18,3,0,3.8,No
CUST-00434,Male,0,Yes,No,17,Yes,No,Fiber optic,Yes,No,Yes,Yes,Yes,No,One year,No,Electronic check,120.0,2145.3,2,0,5.0,Yes
CUST-00435,Male,0,No,Yes,30,Yes,Yes,No,No internet service,No internet service,No internet service,No internet service,No internet service,No internet service,One year,No,Electronic check,29.63,831.29,2,1,4.4,No
CUST-00436,Male,0,No,No,58,No,No phone service,DSL,No,Yes,No,Yes,Yes,Yes,Month-to-month,Yes,Electronic check,48.58,2849.11,2,0,5.0,No
CUST-00437,Female,0,Yes,No,37,Yes,No,DSL,No,No,No,No,Yes,No,Month-to-month,No,Bank transfer (automatic),58.61,2124.98,1,1,4.7,No
CUST-00438,Female,0,No,No,55,Yes,Yes,DSL,Yes,No,No,No,No,No,Two year,Yes,Mailed check,71.72,3682.67,2,0,4.7,No
CUST-00439,Male,0,No,No,7,Yes,No,DSL,Yes,No,No,No,No,Yes,Month-to-month,Yes,Bank transfer (automatic),69.27,504.98,3,1,4.4,No
CUST-00440,Male,0,Yes,No,30,Yes,No,DSL,Yes,No,No,Yes,No,No,Month-to-month,No,Electronic check,45.07,1328.48,1,0,4.8,No
CUST-00441,Female,0,No,No,32,Yes,No,Fiber optic,Yes,No,No,Yes,Yes,No,Two year,Yes,Mailed check,69.57,2143.66,4,1,3.8,No
CUST-00442,Male,0,No,No,5,Yes,No,DSL,No,No,No,Yes,No,Yes,Month-to-month,Yes,Bank transfer (automatic),55.1,287.49,1,2,4.6,No
CUST-00443,Male,0,No,No,23,Yes,Yes,Fiber optic,No,Yes,Yes,No,No,No,Two year,No,Credit card (automatic),76.12,1657.83,4,0,3.5,No
CUST-00444,Male,0,Yes,Yes,21,Yes,No,Fiber optic,Yes,No,No,Yes,Yes,Yes,Month-to-month,No,Electronic check,88.37,1985.34,2,1,4.8,Yes
CUST-00445,Female,1,No,No,33,Yes,No,Fiber optic,No,Yes,Yes,Yes,Yes,Yes,Month-to-month,No,Electronic check,76.9,2433.31,2,4,3.9,Yes
CUST-00446,Female,0,Yes,No,12,Yes,No,Fiber optic,Yes,Yes,Yes,No,Yes,No,One year,Yes,Credit card (automatic),81.79,976.96,4,2,3.9,No
CUST-00447,Male,0,No,No,20,Yes,Yes,DSL,No,No,No,No,Yes,Yes,Month-to-month,No,Electronic check,69.05,1338.69,0,3,3.9,Yes
CUST-00448,Female,0,No,No,70,No,No phone service,Fiber optic,Yes,No,No,No,No,No,Two year,Yes,Mailed check,117.74,8406.3,4,1,3.6,Yes
CUST-00449,Female,0,Yes,No,11,Yes,Yes,Fiber optic,Yes,No,Yes,No,Yes,No,One year,Yes,Credit card (automatic),80.84,947.69,1,1,5.0,No
CUST-00450,Male,0,Yes,Yes,59,No,No phone service,No,No internet service,No internet service,No internet service,No internet service,No internet service,No internet service,Month-to-month,Yes,Mailed check,21.13,1206.74,1,2,3.5,No
CUST-00451,Female,0,No,No,40,No,No phone service,Fiber optic,No,No,No,No,No,No,Two year,Yes,Bank transfer (automatic),103.85,3995.35,3,0,3.4,No
CUST-00452,Female,0,Yes,No,6,Yes,Yes,Fiber optic,Yes,No,Yes,No,No,Yes,Month-to-month,No,Electronic check,100.41,606.97,5,1,4.3,Yes
CUST-00453,Male,0,No,No,29,Yes,No,Fiber optic,Yes,No,Yes,Yes,No,No,Month-to-month,Yes,Bank transfer (automatic),86.98,2412.88,3,1,4.1,Yes
CUST-00454,Male,0,No,Yes,37,Yes,No,Fiber optic,No,No,No,Yes,No,No,Month-to-month,No,Credit card (automatic),83.11,2841.55,3,3,3.6,No
CUST-00455,Female,1,No,Yes,20,Yes,No,Fiber optic,No,No,Yes,No,No,Yes,Month-to-month,Yes,Mailed check,117.11,2450.25,3,2,2.9,Yes
CUST-00456,Female,0,Yes,No,20,Yes,Yes,Fiber optic,No,Yes,No,No,No,No,One year,Yes,Credit card (automatic),111.64,2317.37,5,1,4.6,Yes
CUST-00457,Male,1,Yes,No,52,Yes,No,Fiber optic,Yes,No,Yes,No,Yes,No,Two year,No,Electronic check,103.67,5589.06,2,0,5.0,No
CUST-00458,Female,1,Yes,No,3,Yes,No,No,No internet service,No internet service,No internet service,No internet service,No internet service,No internet service,One year,Yes,Credit card (automatic),24.43,74.92,2,0,4.4,No
CUST-00459,Female,0,No,No,67,Yes,Yes,DSL,No,No,No,No,No,Yes,One year,Yes,Credit card (automatic),54.9,3906.0,0,1,4.1,No
CUST-00460,Male,0,No,No,24,Yes,Yes,No,No internet service,No internet service,No internet service,No internet service,No internet service,No internet service,Month-to-month,Yes,Credit card (automatic),26.35,640.84,3,1,4.7,No
CUST-00461,Female,0,No,No,28,Yes,No,No,No internet service,No internet service,No internet service,No internet service,No internet service,No internet service,One year,Yes,Electronic check,36.52,1040.62,1,0,4.7,No
CUST-00462,Male,0,Yes,No,10,Yes,No,DSL,No,Yes,Yes,No,No,No,Month-to-month,No,Bank transfer (automatic),48.38,507.17,1,0,5.0,No
CUST-00463,Female,0,Yes,No,64,Yes,Yes,DSL,Yes,No,Yes,No,No,Yes,One year,Yes,Electronic check,52.32,3543.79,2,1,4.8,No
CUST-00464,Male,0,Yes,Yes,17,Yes,Yes,Fiber optic,No,Yes,No,No,No,No,Month-to-month,Yes,Electronic check,103.72,1858.5,2,3,4.4,No
CUST-00465,Male,0,No,No,58,Yes,No,DSL,No,No,No,Yes,Yes,Yes,Month-to-month,Yes,Electronic check,51.87,3092.76,0,4,4.0,No
CUST-00466,Female,0,Yes,Yes,24,Yes,No,DSL,No,No,Yes,No,No,Yes,Month-to-month,No,Electronic check,60.84,1373.79,2,5,3.7,Yes
CUST-00467,Male,0,Yes,No,3,Yes,No,Fiber optic,No,Yes,Yes,No,Yes,No,Month-to-month,No,Mailed check,82.4,243.57,3,1,3.9,Yes
CUST-00468,Female,0,No,Yes,30,No,No phone service,Fiber optic,Yes,No,Yes,Yes,No,Yes,One year,Yes,Bank transfer (automatic),80.3,2389.86,5,0,4.1,No
CUST-00469,Male,0,No,Yes,38,Yes,Yes,DSL,No,No,No,Yes,No,Yes,Month-to-month,Yes,Electronic check,78.5,3057.1,3,1,4.0,No
CUST-00470,Female,1,Yes,Yes,34,Yes,Yes,No,No internet service,No internet service,No internet service,No internet service,No internet service,No internet service,Month-to-month,Yes,Electronic check,30.9,1085.67,3,3,4.2,Yes
CUST-00471,Female,0,No,Yes,72,Yes,Yes,DSL,No,Yes,No,No,Yes,No,Month-to-month,No,Mailed check,49.81,3623.51,2,3,4.2,No
CUST-00472,Female,0,Yes,No,38,Yes,No,DSL,No,No,Yes,No,No,No,Month-to-month,Yes,Mailed check,36.55,1292.88,2,2,3.8,No
CUST-00473,Male,0,Yes,No,57,Yes,No,DSL,No,No,Yes,No,No,No,Month-to-month,Yes,Mailed check,35.41,1905.08,0,1,4.6,No
CUST-00474,Male,0,Yes,No,27,Yes,Yes,No,No internet service,No internet service,No internet service,No internet service,No internet service,No internet service,Month-to-month,No,Mailed check,41.39,1036.33,2,3,3.6,No
CUST-00475,Female,0,Yes,No,11,Yes,No,No,No internet service,No internet service,No internet service,No internet service,No internet service,No internet service,One year,No,Credit card (automatic),18.0,211.07,2,0,4.5,No
CUST-00476,Female,0,No,No,36,Yes,No,DSL,No,Yes,Yes,No,Yes,Yes,Month-to-month,Yes,Electronic check,46.64,1578.69,2,2,4.0,No
CUST-00477,Female,0,No,No,41,Yes,Yes,Fiber optic,No,No,No,Yes,No,No,One year,Yes,Bank transfer (automatic),112.15,4540.41,6,2,3.1,Yes
CUST-00478,Male,1,No,No,31,Yes,Yes,DSL,No,Yes,Yes,No,Yes,Yes,One year,Yes,Credit card (automatic),39.53,1152.57,0,0,5.0,No
CUST-00479,Female,1,Yes,Yes,56,Yes,No,DSL,No,Yes,Yes,No,Yes,No,Month-to-month,Yes,Mailed check,68.53,3789.62,1,0,4.0,No
CUST-00480,Male,0,No,No,70,Yes,No,DSL,No,No,No,No,Yes,No,Month-to-month,No,Electronic check,61.27,3960.76,1,3,4.5,No
CUST-00481,Male,0,No,Yes,6,No,No phone service,No,No internet service,No internet service,No internet service,No internet service,No internet service,No internet service,Month-to-month,No,Mailed check,31.04,187.48,0,3,5.0,Yes
CUST-00482,Female,0,Yes,Yes,5,Yes,Yes,Fiber optic,No,Yes,No,No,No,Yes,Month-to-month,No,Bank transfer (automatic),94.73,482.77,2,0,5.0,No
CUST-00483,Male,0,No,No,20,Yes,Yes,Fiber optic,Yes,No,No,Yes,Yes,No,Month-to-month,Yes,Electronic check,95.45,1981.77,1,2,5.0,No
CUST-00484,Female,0,No,Yes,43,Yes,No,DSL,No,Yes,No,No,No,No,Two year,No,Bank transfer (automatic),60.2,2383.46,2,0,4.4,No
CUST-00485,Male,0,No,Yes,4,Yes,Yes,No,No internet service,No internet service,No internet service,No internet service,No internet service,No internet service,Month-to-month,Yes,Electronic check,49.66,212.64,1,3,3.4,Yes
CUST-00486,Male,0,Yes,No,14,Yes,Yes,No,No internet service,No internet service,No internet service,No internet service,No internet service,No internet service,Month-to-month,Yes,Bank transfer (automatic),25.27,343.87,0,0,5.0,No
CUST-00487,Male,0,No,Yes,30,Yes,Yes,DSL,Yes,No,Yes,No,No,Yes,Two year,Yes,Mailed check,58.99,1630.74,1,0,4.8,No
CUST-00488,Female,0,No,No,28,Yes,No,Fiber optic,Yes,Yes,Yes,No,No,Yes,One year,Yes,Bank transfer (automatic),120.0,3455.77,4,0,4.1,No
CUST-00489,Female,0,No,No,61,No,No phone service,Fiber optic,No,No,No,No,No,Yes,Two year,Yes,Electronic check,83.04,5314.61,2,1,4.5,No
CUST-00490,Female,0,No,No,40,Yes,Yes,No,No internet service,No internet service,No internet service,No internet service,No internet service,No internet service,Month-to-month,Yes,Credit card (automatic),28.21,1121.78,1,1,4.3,No
CUST-00491,Female,0,Yes,No,63,Yes,No,Fiber optic,No,No,No,No,Yes,No,One year,Yes,Bank transfer (automatic),88.67,5851.42,4,2,4.0,No
CUST-00492,Female,0,No,Yes,55,Yes,No,DSL,Yes,Yes,Yes,Yes,Yes,No,Two year,Yes,Bank transfer (automatic),46.28,2352.33,1,0,5.0,No
CUST-00493,Female,1,No,No,30,Yes,No,Fiber optic,Yes,Yes,Yes,No,No,Yes,Two year,Yes,Credit card (automatic),113.85,3247.81,2,0,4.4,No
CUST-00494,Female,0,No,No,71,Yes,No,Fiber optic,No,No,Yes,No,No,Yes,Month-to-month,No,Electronic check,92.96,6556.79,3,3,4.4,Yes
CUST-00495,Male,0,Yes,Yes,61,Yes,No,Fiber optic,No,No,No,No,Yes,Yes,Month-to-month,Yes,Electronic check,70.88,4296.78,2,3,3.4,No
CUST-00496,Male,0,Yes,No,36,Yes,No,DSL,No,No,Yes,Yes,Yes,No,Month-to-month,Yes,Electronic check,62.91,2334.35,3,4,4.3,No
CUST-00497,Male,0,Yes,No,62,Yes,Yes,No,No internet service,No internet service,No internet service,No internet service,No internet service,No internet service,One year,No,Electronic check,18.0,1109.84,3,0,3.8,No
CUST-00498,Male,0,Yes,No,19,Yes,No,No,No internet service,No internet service,No internet service,No internet service,No internet service,No internet service,Month-to-month,Yes,Electronic check,44.21,904.07,1,3,3.7,No
CUST-00499,Female,0,No,No,15,Yes,No,Fiber optic,No,No,No,No,Yes,Yes,Month-to-month,Yes,Credit card (automatic),81.94,1197.27,3,3,4.0,No
CUST-00500,Male,1,Yes,Yes,57,Yes,Yes,Fiber optic,No,No,No,No,Yes,No,Month-to-month,Yes,Mailed check,85.85,4543.8,0,3,3.8,Yes
CUST-00501,Male,0,No,No,57,Yes,No,Fiber optic,Yes,Yes,No,Yes,No,Yes,Month-to-month,No,Electronic check,85.61,5092.83,2,2,4.4,Yes
CUST-00502,Female,0,No,No,16,Yes,Yes,Fiber optic,Yes,No,No,Yes,No,No,Two year,Yes,Bank transfer (automatic),88.67,1421.04,1,0,3.5,No
CUST-00503,Female,0,No,No,55,Yes,No,DSL,No,Yes,Yes,No,No,Yes,Month-to-month,No,Mailed check,49.44,2656.89,0,2,4.8,No
CUST-00504,Female,0,Yes,No,37,No,No phone service,Fiber optic,No,No,Yes,No,Yes,No,Two year,Yes,Electronic check,104.49,4019.57,2,0,4.4,No
CUST-00505,Male,0,No,Yes,41,Yes,Yes,Fiber optic,No,No,No,No,No,Yes,Month-to-month,No,Credit card (automatic),70.8,2687.89,3,4,3.9,Yes
CUST-00506,Male,0,No,No,61,No,No phone service,No,No internet service,No internet service,No internet service,No internet service,No internet service,No internet service,One year,No,Credit card (automatic),39.01,2494.49,4,0,5.0,Yes
CUST-00507,Female,0,No,No,12,Yes,Yes,DSL,No,Yes,No,No,Yes,Yes,Month-to-month,No,Bank transfer (automatic),81.47,912.16,1,0,4.7,No
CUST-00508,Male,0,Yes,No,30,Yes,Yes,DSL,No,Yes,No,No,No,No,Month-to-month,No,Mailed check,44.5,1283.71,0,2,4.8,No
CUST-00509,Male,0,No,Yes,21,Yes,No,Fiber optic,No,No,No,Yes,Yes,No,Two year,No,Electronic check,111.01,2349.17,5,0,5.0,No
CUST-00510,Male,0,Yes,No,41,Yes,No,No,No internet service,No internet service,No internet service,No internet service,No internet service,No internet service,Month-to-month,Yes,Mailed check,31.45,1200.09,0,2,4.3,No
CUST-00511,Female,1,No,Yes,12,Yes,No,Fiber optic,No,No,Yes,No,No,No,Month-to-month,Yes,Mailed check,81.17,982.28,1,3,4.6,No
CUST-00512,Female,0,Yes,No,9,Yes,Yes,DSL,No,No,Yes,No,No,No,Two year,No,Mailed check,59.42,497.39,1,0,5.0,No
CUST-00513,Female,1,Yes,No,51,Yes,No,Fiber optic,No,No,No,No,No,Yes,Month-to-month,Yes,Mailed check,65.35,3114.32,1,1,4.9,No
CUST-00514,Female,1,No,No,5,Yes,No,DSL,No,Yes,No,No,Yes,No,Two year,Yes,Mailed check,52.63,242.71,0,1,4.0,No
CUST-00515,Female,1,Yes,Yes,31,Yes,No,Fiber optic,Yes,No,No,No,No,Yes,Month-to-month,Yes,Bank transfer (automatic),112.86,3334.82,4,0,5.0,No
CUST-00516,Male,0,No,Yes,72,Yes,No,Fiber optic,No,Yes,No,No,Yes,No,Month-to-month,No,Electronic check,101.66,7536.94,0,2,4.8,No
CUST-00517,Female,0,No,No,72,No,No phone service,Fiber optic,No,No,Yes,No,No,No,One year,No,Electronic check,100.52,6852.24,5,0,4.1,No
CUST-00518,Male,0,Yes,No,13,Yes,No,Fiber optic,No,Yes,No,No,No,No,Month-to-month,No,Mailed check,117.19,1420.97,3,2,4.2,Yes
CUST-00519,Male,0,Yes,Yes,67,Yes,Yes,DSL,No,Yes,Yes,No,Yes,No,One year,Yes,Credit card (automatic),68.83,4968.12,2,2,4.4,No
CUST-00520,Female,0,Yes,No,25,Yes,No,Fiber optic,No,No,No,No,No,Yes,Two year,No,Credit card (automatic),75.44,2026.37,4,0,3.4,No
CUST-00521,Male,0,No,Yes,15,Yes,Yes,No,No internet service,No internet service,No internet service,No internet service,No internet service,No internet service,Month-to-month,Yes,Bank transfer (automatic),25.46,365.8,2,1,4.6,No
CUST-00522,Male,1,No,No,37,Yes,No,Fiber optic,Yes,No,No,No,No,Yes,One year,No,Bank transfer (automatic),102.9,3570.43,2,1,4.9,No
CUST-00523,Male,0,Yes,No,36,Yes,No,No,No internet service,No internet service,No internet service,No internet service,No internet service,No internet service,Month-to-month,Yes,Mailed check,20.04,761.08,0,1,4.7,No
CUST-00524,Female,0,No,Yes,27,No,No phone service,Fiber optic,No,No,No,No,No,Yes,One year,No,Electronic check,88.86,2450.03,1,0,4.4,No
CUST-00525,Male,0,Yes,No,31,Yes,Yes,Fiber optic,No,No,No,No,No,No,Month-to-month,No,Mailed check,100.39,2873.01,3,1,3.7,Yes
CUST-00526,Male,0,No,No,8,Yes,No,DSL,No,No,Yes,Yes,No,No,Month-to-month,Yes,Bank transfer (automatic),45.72,381.85,2,0,5.0,No
CUST-00527,Female,0,No,No,19,Yes,No,No,No internet service,No internet service,No internet service,No internet service,No internet service,No internet service,Month-to-month,Yes,Credit card (automatic),44.51,885.72,0,0,5.0,No
CUST-00528,Male,0,Yes,No,15,Yes,No,DSL,Yes,No,No,Yes,No,No,One year,Yes,Mailed check,75.17,1037.95,0,3,4.8,No
CUST-00529,Female,0,No,No,68,Yes,No,DSL,No,No,No,No,No,Yes,Month-to-month,Yes,Electronic check,61.96,4110.69,1,3,3.8,Yes
CUST-00530,Female,0,Yes,Yes,36,Yes,Yes,DSL,No,No,No,Yes,Yes,Yes,Month-to-month,No,Electronic check,63.29,2229.05,1,1,4.8,Yes
CUST-00531,Female,0,No,No,40,Yes,No,Fiber optic,No,Yes,Yes,No,Yes,Yes,Month-to-month,No,Electronic check,106.73,3978.54,2,3,4.2,No
CUST-00532,Male,0,No,No,32,Yes,No,Fiber optic,No,Yes,Yes,Yes,No,No,Month-to-month,No,Mailed check,66.28,2117.98,3,1,4.2,Yes
CUST-00533,Male,0,No,Yes,64,Yes,No,Fiber optic,No,No,No,No,No,Yes,Month-to-month,No,Credit card (automatic),111.13,6714.58,5,2,4.4,No
CUST-00534,Male,0,No,No,58,No,No phone service,DSL,No,Yes,No,No,Yes,No,Month-to-month,Yes,Electronic check,65.67,3512.98,4,5,3.7,No
CUST-00535,Female,0,No,No,50,Yes,No,Fiber optic,No,Yes,No,No,No,No,Month-to-month,Yes,Electronic check,103.19,4774.26,0,1,4.0,No
CUST-00536,Male,0,Yes,Yes,23,Yes,Yes,DSL,No,Yes,Yes,Yes,No,No,Month-to-month,Yes,Electronic check,73.72,1736.0,0,0,4.6,No
CUST-00537,Male,0,No,No,23,Yes,Yes,Fiber optic,No,Yes,No,No,No,Yes,Month-to-month,No,Bank transfer (automatic),103.09,2494.94,4,3,3.4,Yes
CUST-00538,Male,0,Yes,Yes,68,Yes,Yes,DSL,Yes,No,No,No,Yes,No,One year,No,Credit card (automatic),44.1,2818.45,0,0,4.7,No
CUST-00539,Female,0,No,No,67,Yes,No,Fiber optic,No,Yes,Yes,Yes,No,Yes,Month-to-month,No,Bank transfer (automatic),75.12,4772.28,2,1,4.9,No
CUST-00540,Male,0,Yes,No,21,Yes,No,Fiber optic,Yes,Yes,No,Yes,No,No,Month-to-month,Yes,Credit card (automatic),79.34,1683.69,4,2,4.5,No
CUST-00541,Female,1,No,No,25,Yes,No,Fiber optic,Yes,No,No,No,No,Yes,One year,No,Bank transfer (automatic),90.17,2212.04,5,0,4.4,No
CUST-00542,Male,0,No,No,24,Yes,No,Fiber optic,Yes,No,Yes,Yes,Yes,Yes,One year,Yes,Credit card (automatic),112.71,2639.04,2,2,4.9,No
CUST-00543,Male,1,Yes,Yes,57,Yes,No,No,No internet service,No internet service,No internet service,No internet service,No internet service,No internet service,Month-to-month,Yes,Bank transfer (automatic),27.86,1576.81,0,2,3.9,Yes
CUST-00544,Male,0,No,No,69,Yes,No,Fiber optic,No,No,No,Yes,No,No,Two year,No,Bank transfer (automatic),109.46,7589.07,1,0,4.6,No
CUST-00545,Female,0,No,No,64,Yes,No,Fiber optic,No,No,No,No,No,No,Month-to-month,No,Credit card (automatic),84.69,5679.25,1,1,3.7,No
CUST-00546,Male,0,Yes,Yes,61,Yes,No,DSL,Yes,Yes,No,No,No,No,Month-to-month,No,Mailed check,76.73,4907.58,3,2,4.5,No
CUST-00547,Male,0,No,No,26,Yes,No,Fiber optic,No,No,No,No,Yes,Yes,Two year,Yes,Electronic check,110.42,2929.03,2,1,4.5,No
CUST-00548,Female,1,No,No,23,Yes,No,Fiber optic,No,No,No,Yes,Yes,Yes,Month-to-month,Yes,Credit card (automatic),120.0,2614.49,3,0,4.6,Yes
CUST-00549,Female,0,No,No,65,Yes,No,Fiber optic,No,No,Yes,No,No,No,Two year,No,Mailed check,100.29,6165.18,5,1,3.8,No
CUST-00550,Female,1,Yes,No,29,No,No phone service,Fiber optic,No,No,Yes,No,Yes,No,One year,No,Credit card (automatic),100.98,2974.39,1,0,5.0,No
CUST-00551,Female,1,No,No,16,Yes,Yes,Fiber optic,Yes,No,No,No,Yes,Yes,Month-to-month,No,Mailed check,79.02,1271.97,4,0,4.5,Yes
CUST-00552,Male,0,Yes,No,61,Yes,No,No,No internet service,No internet service,No internet service,No internet service,No internet service,No internet service,Month-to-month,Yes,Credit card (automatic),36.19,2124.96,4,1,4.3,No
CUST-00553,Female,0,No,No,35,No,No phone service,DSL,No,Yes,Yes,No,No,No,Two year,Yes,Credit card (automatic),73.9,2643.86,0,0,5.0,No
CUST-00554,Male,0,Yes,No,7,Yes,No,Fiber optic,No,No,No,No,Yes,Yes,Two year,Yes,Bank transfer (automatic),86.96,606.47,6,1,4.7,No
CUST-00555,Female,0,Yes,No,65,No,No phone service,Fiber optic,No,No,No,No,No,Yes,One year,No,Bank transfer (automatic),103.84,6553.27,2,1,5.0,No
CUST-00556,Female,0,Yes,No,22,Yes,No,DSL,No,No,No,No,Yes,Yes,Month-to-month,No,Credit card (automatic),80.01,1828.23,4,2,4.1,No
CUST-00557,Female,0,Yes,No,23,Yes,Yes,DSL,No,Yes,No,Yes,Yes,Yes,One year,Yes,Credit card (automatic),42.96,1016.78,1,1,4.9,No
CUST-00558,Female,1,No,Yes,39,Yes,No,Fiber optic,Yes,Yes,No,No,No,Yes,Month-to-month,No,Mailed check,107.04,4201.12,2,2,4.5,No
CUST-00559,Female,0,No,Yes,20,No,No phone service,DSL,No,Yes,No,No,No,No,Month-to-month,No,Bank transfer (automatic),65.78,1410.55,1,3,4.7,No
CUST-00560,Female,0,No,No,60,Yes,Yes,No,No internet service,No internet service,No internet service,No internet service,No internet service,No internet service,Two year,No,Credit card (automatic),45.89,2823.04,1,0,5.0,No
CUST-00561,Female,0,No,Yes,50,Yes,Yes,DSL,No,No,Yes,No,No,No,Month-to-month,No,Bank transfer (automatic),48.17,2592.7,0,2,4.6,No
CUST-00562,Male,0,Yes,No,41,Yes,No,Fiber optic,No,No,No,Yes,Yes,Yes,One year,Yes,Electronic check,113.48,4668.24,4,0,4.4,Yes
CUST-00563,Male,1,Yes,No,15,Yes,No,Fiber optic,No,Yes,No,No,No,No,Month-to-month,Yes,Electronic check,73.31,1107.81,10,4,2.8,Yes
CUST-00564,Male,0,No,No,36,Yes,No,DSL,Yes,No,Yes,No,No,No,One year,Yes,Bank transfer (automatic),80.62,2843.64,1,1,4.2,No
CUST-00565,Female,1,No,No,20,Yes,No,DSL,No,No,Yes,No,No,No,Month-to-month,Yes,Electronic check,67.28,1250.97,3,2,4.2,No
CUST-00566,Male,0,No,No,70,Yes,Yes,Fiber optic,Yes,Yes,No,Yes,Yes,No,Month-to-month,No,Bank transfer (automatic),97.7,7349.47,4,2,3.4,No
CUST-00567,Male,1,Yes,No,58,Yes,No,Fiber optic,Yes,Yes,Yes,Yes,No,No,Month-to-month,Yes,Credit card (automatic),70.95,4166.12,5,2,3.3,No
CUST-00568,Male,0,No,No,9,Yes,No,Fiber optic,No,No,No,No,Yes,Yes,Two year,Yes,Bank transfer (automatic),95.94,838.51,0,0,5.0,No
CUST-00569,Female,0,Yes,No,39,Yes,No,Fiber optic,Yes,No,No,No,No,No,Two year,No,Electronic check,105.14,3817.3,1,1,4.2,No
CUST-00570,Female,0,No,Yes,57,Yes,Yes,Fiber optic,No,No,Yes,No,Yes,No,Month-to-month,No,Credit card (automatic),100.58,5402.62,1,1,5.0,No
CUST-00571,Female,0,Yes,Yes,38,Yes,No,No,No internet service,No internet service,No internet service,No internet service,No internet service,No internet service,One year,Yes,Mailed check,45.34,1852.83,0,0,5.0,No
CUST-00572,Male,0,No,No,10,Yes,No,Fiber optic,Yes,No,Yes,No,No,No,Month-to-month,Yes,Electronic check,68.97,675.45,1,2,5.0,No
CUST-00573,Male,0,Yes,Yes,11,No,No phone service,No,No internet service,No internet service,No internet service,No internet service,No internet service,No internet service,Month-to-month,Yes,Mailed check,22.84,264.27,1,2,5.0,No
CUST-00574,Male,0,No,No,53,Yes,Yes,DSL,Yes,No,No,No,No,No,One year,Yes,Bank transfer (automatic),75.93,3837.66,1,2,2.9,No
CUST-00575,Male,0,Yes,No,38,Yes,Yes,Fiber optic,Yes,Yes,Yes,Yes,Yes,No,Month-to-month,Yes,Bank transfer (automatic),99.08,3519.59,5,3,3.6,No
CUST-00576,Male,0,No,No,40,Yes,No,Fiber optic,No,Yes,No,Yes,Yes,No,Month-to-month,Yes,Bank transfer (automatic),97.0,4081.33,3,3,4.7,No
CUST-00577,Female,0,Yes,No,20,Yes,No,Fiber optic,No,Yes,No,No,No,No,Month-to-month,No,Electronic check,102.3,2106.04,2,3,4.2,Yes
CUST-00578,Female,0,No,Yes,20,Yes,Yes,DSL,No,No,No,No,Yes,No,One year,No,Mailed check,70.9,1517.17,1,0,4.5,No
CUST-00579,Female,0,Yes,No,30,Yes,Yes,DSL,No,Yes,No,No,Yes,No,Two year,No,Bank transfer (automatic),57.75,1812.29,4,1,3.5,No
CUST-00580,Male,0,Yes,No,40,Yes,No,DSL,Yes,No,No,Yes,Yes,No,Two year,Yes,Electronic check,55.47,2225.7,2,0,4.3,No
CUST-00581,Male,0,No,Yes,34,Yes,No,DSL,No,Yes,No,No,No,No,Two year,Yes,Credit card (automatic),47.88,1671.69,1,1,4.1,No
CUST-00582,Female,0,Yes,Yes,64,Yes,No,Fiber optic,Yes,No,No,No,No,No,One year,Yes,Electronic check,81.96,5515.16,3,1,3.0,No
CUST-00583,Male,0,Yes,No,14,Yes,Yes,Fiber optic,No,No,Yes,Yes,No,No,Month-to-month,No,Electronic check,85.44,1284.18,2,4,3.7,Yes
CUST-00584,Male,0,No,Yes,34,Yes,No,DSL,No,No,Yes,No,No,Yes,Two year,No,Electronic check,48.57,1611.62,1,1,4.7,No
CUST-00585,Male,1,No,No,17,Yes,No,Fiber optic,No,No,No,Yes,No,No,Month-to-month,No,Electronic check,74.1,1325.82,3,4,4.1,Yes
CUST-00586,Female,0,No,No,1,No,No phone service,Fiber optic,No,Yes,Yes,Yes,No,No,Month-to-month,Yes,Electronic check,79.67,77.01,5,4,3.7,Yes
CUST-00587,Female,0,Yes,Yes,30,Yes,No,DSL,No,Yes,No,No,No,Yes,Two year,Yes,Mailed check,38.79,1179.43,1,3,4.6,Yes
CUST-00588,Male,0,No,Yes,5,Yes,Yes,DSL,Yes,No,No,No,Yes,Yes,One year,Yes,Credit card (automatic),42.57,216.95,0,1,4.0,No
CUST-00589,Female,0,No,Yes,27,Yes,Yes,Fiber optic,No,Yes,No,No,No,No,One year,No,Electronic check,69.06,1716.07,2,0,4.4,No
CUST-00590,Female,0,Yes,No,46,Yes,No,Fiber optic,Yes,No,Yes,No,No,Yes,One year,No,Electronic check,119.58,5641.35,4,0,3.6,No
CUST-00591,Female,0,No,No,28,Yes,No,No,No internet service,No internet service,No internet service,No internet service,No internet service,No internet service,Two year,Yes,Electronic check,42.88,1201.16,0,0,5.0,No
CUST-00592,Female,0,Yes,Yes,49,Yes,Yes,DSL,No,No,No,No,No,Yes,Month-to-month,No,Electronic check,60.17,2880.98,2,3,4.2,No
CUST-00593,Male,0,No,No,22,Yes,Yes,Fiber optic,No,Yes,No,No,Yes,Yes,Month-to-month,Yes,Electronic check,82.83,1886.44,5,4,3.6,No
CUST-00594,Female,0,No,No,29,No,No phone service,Fiber optic,No,Yes,No,No,No,Yes,Two year,Yes,Electronic check,73.51,2189.32,5,2,4.3,No
CUST-00595,Male,0,No,No,64,Yes,No,No,No internet service,No internet service,No internet service,No internet service,No internet service,No internet service,Two year,Yes,Electronic check,30.38,1988.28,2,0,4.7,No
CUST-00596,Female,1,No,Yes,18,Yes,Yes,Fiber optic,No,Yes,Yes,No,No,Yes,One year,No,Electronic check,95.27,1697.65,3,0,5.0,No
CUST-00597,Female,1,Yes,Yes,37,Yes,No,DSL,No,No,Yes,Yes,Yes,No,Month-to-month,No,Credit card (automatic),62.76,2198.24,1,2,4.2,No
CUST-00598,Female,1,Yes,No,52,Yes,Yes,No,No internet service,No internet service,No internet service,No internet service,No internet service,No internet service,Two year,Yes,Electronic check,30.36,1628.42,2,0,4.6,No
CUST-00599,Female,1,No,No,27,Yes,No,Fiber optic,Yes,Yes,No,Yes,No,No,Two year,No,Bank transfer (automatic),91.43,2651.21,2,0,4.9,No
CUST-00600,Female,0,No,No,22,Yes,No,No,No internet service,No internet service,No internet service,No internet service,No internet service,No internet service,Month-to-month,Yes,Electronic check,36.05,827.93,3,3,4.1,No
CUST-00601,Female,0,No,Yes,51,Yes,Yes,DSL,No,No,No,No,No,No,One year,No,Mailed check,60.09,2958.83,3,0,4.6,No
CUST-00602,Female,0,Yes,Yes,6,Yes,No,Fiber optic,No,No,No,No,No,No,Two year,Yes,Electronic check,120.0,705.84,4,0,4.0,Yes
CUST-00603,Female,0,No,No,20,Yes,No,Fiber optic,Yes,No,Yes,No,Yes,Yes,Month-to-month,Yes,Electronic check,81.53,1640.09,2,4,3.7,Yes
CUST-00604,Male,0,Yes,Yes,30,Yes,Yes,DSL,No,No,Yes,Yes,Yes,No,Month-to-month,No,Electronic check,73.21,2342.9,5,2,4.3,Yes
CUST-00605,Female,1,Yes,No,16,Yes,No,Fiber optic,No,Yes,Yes,No,No,No,Two year,Yes,Bank transfer (automatic),97.42,1645.95,7,0,3.7,No
CUST-00606,Female,0,No,No,39,Yes,No,DSL,No,No,No,Yes,No,No,One year,No,Credit card (automatic),40.84,1530.05,2,0,5.0,No
CUST-00607,Male,0,No,Yes,45,Yes,No,DSL,Yes,Yes,No,Yes,No,Yes,One year,No,Mailed check,67.63,2936.31,1,0,4.4,No
CUST-00608,Female,0,No,No,70,Yes,No,DSL,No,No,No,No,No,No,One year,No,Bank transfer (automatic),59.69,4418.23,0,0,5.0,No
CUST-00609,Female,0,No,Yes,44,Yes,Yes,No,No internet service,No internet service,No internet service,No internet service,No internet service,No internet service,Month-to-month,Yes,Bank transfer (automatic),28.39,1288.37,2,1,4.9,No
CUST-00610,Female,0,Yes,No,43,Yes,Yes,No,No internet service,No internet service,No internet service,No internet service,No internet service,No internet service,Two year,No,Credit card (automatic),33.27,1500.73,1,1,4.9,No
CUST-00611,Female,0,No,Yes,53,Yes,No,Fiber optic,Yes,No,Yes,No,Yes,No,One year,Yes,Bank transfer (automatic),81.85,4026.49,1,0,4.8,No
CUST-00612,Male,0,No,No,15,Yes,No,Fiber optic,No,Yes,Yes,Yes,Yes,No,Month-to-month,Yes,Electronic check,101.78,1571.48,1,3,4.1,Yes
CUST-00613,Female,0,No,No,34,Yes,No,DSL,Yes,No,Yes,No,No,No,One year,Yes,Bank transfer (automatic),42.85,1548.43,1,0,5.0,No
CUST-00614,Male,1,Yes,Yes,60,Yes,No,Fiber optic,No,No,Yes,No,No,Yes,One year,No,Credit card (automatic),88.1,5322.68,1,1,5.0,No
CUST-00615,Female,0,Yes,No,13,No,No phone service,No,No internet service,No internet service,No internet service,No internet service,No internet service,No internet service,One year,Yes,Credit card (automatic),35.04,474.26,1,1,4.7,No
CUST-00616,Female,0,Yes,No,21,Yes,Yes,No,No internet service,No internet service,No internet service,No internet service,No internet service,No internet service,Month-to-month,Yes,Credit card (automatic),44.72,880.77,1,1,4.2,No
CUST-00617,Male,0,Yes,No,16,Yes,No,Fiber optic,Yes,Yes,No,No,No,No,Month-to-month,No,Electronic check,82.99,1395.69,3,2,4.7,No
CUST-00618,Male,0,Yes,Yes,70,Yes,Yes,DSL,No,No,Yes,No,Yes,Yes,Month-to-month,No,Mailed check,52.97,3442.66,0,2,4.2,No
CUST-00619,Male,0,No,Yes,26,Yes,No,Fiber optic,Yes,Yes,Yes,No,Yes,Yes,Month-to-month,Yes,Mailed check,77.72,2027.51,3,1,4.3,No
CUST-00620,Male,1,No,No,24,Yes,Yes,No,No internet service,No internet service,No internet service,No internet service,No internet service,No internet service,Two year,Yes,Credit card (automatic),44.75,1022.36,1,0,4.4,No
CUST-00621,Male,0,Yes,No,59,Yes,Yes,No,No internet service,No internet service,No internet service,No internet service,No internet service,No internet service,One year,No,Electronic check,24.06,1532.84,2,1,4.1,No
CUST-00622,Male,0,No,No,66,Yes,Yes,Fiber optic,No,No,No,No,Yes,No,One year,No,Mailed check,110.05,7417.23,1,3,4.2,No
CUST-00623,Male,0,No,No,1,Yes,No,DSL,No,No,No,Yes,No,No,Month-to-month,No,Bank transfer (automatic),58.42,63.06,5,1,4.4,No
CUST-00624,Male,0,No,No,64,Yes,Yes,No,No internet service,No internet service,No internet service,No internet service,No internet service,No internet service,Month-to-month,Yes,Electronic check,18.0,1198.11,3,4,3.7,Yes
CUST-00625,Female,0,No,Yes,51,Yes,No,Fiber optic,No,No,No,No,Yes,No,Two year,Yes,Credit card (automatic),115.83,5894.68,2,1,5.0,No
CUST-00626,Male,0,No,No,63,Yes,No,DSL,No,No,Yes,Yes,No,Yes,Month-to-month,No,Bank transfer (automatic),57.81,3881.21,2,2,4.2,No
CUST-00627,Male,1,Yes,No,7,Yes,Yes,DSL,Yes,No,No,Yes,Yes,No,One year,No,Electronic check,39.99,269.21,2,1,4.9,No
CUST-00628,Male,0,Yes,No,3,Yes,No,Fiber optic,Yes,Yes,Yes,No,Yes,No,Month-to-month,No,Bank transfer (automatic),68.78,222.05,3,2,3.3,Yes
CUST-00629,Female,0,No,No,25,Yes,Yes,No,No internet service,No internet service,No internet service,No internet service,No internet service,No internet service,Two year,Yes,Bank transfer (automatic),43.02,1015.21,2,0,4.5,No
CUST-00630,Male,0,No,No,62,Yes,No,No,No internet service,No internet service,No internet service,No internet service,No internet service,No internet service,One year,Yes,Electronic check,33.36,2071.64,0,0,4.4,No
CUST-00631,Female,0,No,No,36,Yes,No,No,No internet service,No internet service,No internet service,No internet service,No internet service,No internet service,Two year,Yes,Credit card (automatic),45.14,1722.14,2,1,4.7,No
CUST-00632,Male,1,No,No,52,Yes,No,Fiber optic,Yes,Yes,Yes,No,Yes,Yes,Two year,Yes,Mailed check,101.18,5361.01,4,0,4.6,No
CUST-00633,Male,0,Yes,Yes,18,Yes,No,No,No internet service,No internet service,No internet service,No internet service,No internet service,No internet service,Month-to-month,No,Mailed check,23.31,440.34,1,0,5.0,No
CUST-00634,Male,0,Yes,No,25,Yes,Yes,DSL,Yes,Yes,No,No,No,Yes,One year,No,Bank transfer (automatic),64.62,1638.22,3,0,5.0,No
CUST-00635,Male,0,No,No,64,Yes,No,DSL,Yes,No,No,No,Yes,Yes,Month-to-month,Yes,Electronic check,64.63,4126.3,2,1,4.8,No
CUST-00636,Female,0,Yes,No,36,Yes,Yes,DSL,Yes,No,Yes,No,Yes,No,One year,No,Bank transfer (automatic),72.69,2742.69,2,0,4.6,No
CUST-00637,Male,0,No,No,57,Yes,No,Fiber optic,No,Yes,No,Yes,No,Yes,Month-to-month,Yes,Electronic check,111.02,6198.74,0,2,5.0,Yes
CUST-00638,Male,0,No,Yes,47,Yes,Yes,No,No internet service,No internet service,No internet service,No internet service,No internet service,No internet service,Month-to-month,Yes,Credit card (automatic),30.79,1492.52,0,4,4.4,No
CUST-00639,Female,0,No,No,13,Yes,Yes,No,No internet service,No internet service,No internet service,No internet service,No internet service,No internet service,One year,Yes,Credit card (automatic),25.09,303.13,1,0,4.1,No
CUST-00640,Female,0,Yes,No,68,Yes,No,No,No internet service,No internet service,No internet service,No internet service,No internet service,No internet service,Month-to-month,No,Bank transfer (automatic),19.72,1293.31,1,1,4.9,No
CUST-00641,Female,0,No,Yes,69,Yes,No,Fiber optic,Yes,No,No,Yes,No,Yes,Month-to-month,No,Electronic check,119.39,8825.76,2,6,3.7,No
CUST-00642,Female,0,Yes,No,57,Yes,Yes,Fiber optic,No,No,No,Yes,No,Yes,One year,Yes,Mailed check,110.13,6215.71,1,0,4.9,No
CUST-00643,Female,0,No,No,34,Yes,No,DSL,No,No,Yes,No,No,Yes,Month-to-month,Yes,Credit card (automatic),60.58,2107.17,1,0,5.0,No
CUST-00644,Male,0,Yes,Yes,31,Yes,No,Fiber optic,No,No,No,No,Yes,No,Two year,Yes,Mailed check,113.04,3299.42,4,0,3.9,No
CUST-00645,Female,0,No,No,22,Yes,Yes,Fiber optic,No,Yes,Yes,No,No,No,Month-to-month,Yes,Electronic check,83.89,1706.19,3,4,3.9,No
CUST-00646,Male,0,No,Yes,47,No,No phone service,Fiber optic,Yes,Yes,Yes,No,No,No,Month-to-month,Yes,Electronic check,85.04,3930.03,1,2,4.6,No
CUST-00647,Male,0,Yes,No,23,Yes,No,DSL,No,No,Yes,No,No,No,Month-to-month,No,Electronic check,68.33,1492.49,5,3,4.5,Yes
CUST-00648,Female,0,No,No,14,Yes,No,DSL,Yes,No,No,No,No,No,Two year,No,Electronic check,60.66,838.47,0,3,4.1,No
CUST-00649,Female,0,Yes,No,5,Yes,No,No,No internet service,No internet service,No internet service,No internet service,No internet service,No internet service,One year,Yes,Electronic check,27.45,134.62,0,1,3.7,No
CUST-00650,Female,1,Yes,Yes,31,No,No phone service,Fiber optic,No,No,No,Yes,Yes,No,Month-to-month,No,Mailed check,101.27,3185.44,6,0,4.0,Yes
CUST-00651,Male,0,No,No,59,No,No phone service,Fiber optic,No,Yes,Yes,Yes,No,Yes,Month-to-month,Yes,Bank transfer (automatic),71.91,4408.27,3,2,3.2,No
CUST-00652,Female,0,No,No,57,Yes,No,No,No internet service,No internet service,No internet service,No internet service,No internet service,No internet service,One year,Yes,Mailed check,42.57,2381.34,1,0,4.1,No
CUST-00653,Male,0,Yes,No,62,Yes,No,Fiber optic,No,No,Yes,Yes,Yes,Yes,Two year,No,Mailed check,74.89,4727.99,1,0,4.9,No
CUST-00654,Female,0,No,No,44,Yes,Yes,DSL,No,Yes,No,Yes,No,No,Month-to-month,Yes,Credit card (automatic),42.47,1744.93,2,1,4.9,No
CUST-00655,Female,0,No,Yes,63,Yes,No,Fiber optic,Yes,No,No,Yes,No,No,Two year,Yes,Credit card (automatic),77.97,4705.58,3,0,5.0,No
CUST-00656,Female,0,No,No,57,Yes,No,Fiber optic,Yes,No,No,Yes,No,Yes,One year,Yes,Mailed check,84.46,5061.65,4,0,4.8,Yes
CUST-00657,Female,0,Yes,Yes,59,Yes,No,Fiber optic,Yes,Yes,No,No,No,Yes,One year,No,Mailed check,109.89,6798.03,1,0,4.3,No
CUST-00658,Female,0,Yes,No,37,Yes,Yes,Fiber optic,Yes,Yes,No,No,No,Yes,Month-to-month,Yes,Credit card (automatic),99.46,3542.7,5,1,4.1,No
CUST-00659,Male,1,No,No,7,Yes,No,Fiber optic,Yes,No,No,Yes,Yes,No,Month-to-month,Yes,Electronic check,73.93,555.15,2,1,4.0,Yes
CUST-00660,Male,0,Yes,No,28,Yes,Yes,DSL,No,No,Yes,Yes,Yes,No,Month-to-month,No,Mailed check,30.54,913.0,0,2,4.5,No
CUST-00661,Male,0,Yes,No,61,Yes,No,DSL,No,No,No,Yes,No,Yes,One year,Yes,Bank transfer (automatic),61.3,3923.64,2,0,4.5,No
CUST-00662,Female,1,No,No,54,Yes,Yes,No,No internet service,No internet service,No internet service,No internet service,No internet service,No internet service,Month-to-month,No,Mailed check,32.33,1685.95,3,2,4.4,No
CUST-00663,Male,1,Yes,No,1,Yes,No,Fiber optic,No,No,No,No,Yes,No,Month-to-month,Yes,Mailed check,112.29,108.63,5,1,3.7,No
CUST-00664,Male,0,No,No,7,Yes,No,No,No internet service,No internet service,No internet service,No internet service,No internet service,No internet service,Month-to-month,Yes,Electronic check,18.0,126.99,1,3,5.0,No
CUST-00665,Female,0,Yes,Yes,48,Yes,Yes,Fiber optic,No,No,No,No,No,Yes,Two year,No,Mailed check,97.18,4475.93,6,0,4.1,No
CUST-00666,Female,0,No,No,71,Yes,No,DSL,No,No,No,No,No,No,Month-to-month,Yes,Credit card (automatic),83.42,6023.78,2,0,4.4,No
CUST-00667,Female,0,No,No,53,Yes,Yes,Fiber optic,No,No,Yes,No,No,No,Month-to-month,Yes,Credit card (automatic),62.31,3266.7,4,4,3.3,Yes
CUST-00668,Female,0,No,No,69,Yes,Yes,Fiber optic,Yes,No,No,Yes,Yes,Yes,Month-to-month,Yes,Bank transfer (automatic),66.8,4524.52,2,2,3.7,No
CUST-00669,Female,0,No,Yes,5,Yes,Yes,Fiber optic,No,No,No,No,No,Yes,Month-to-month,Yes,Credit card (automatic),89.36,462.88,1,1,4.4,No
CUST-00670,Male,0,No,No,64,Yes,No,Fiber optic,No,Yes,No,Yes,No,Yes,One year,No,Bank transfer (automatic),97.1,6264.62,0,1,5.0,No
CUST-00671,Female,0,Yes,No,10,Yes,No,Fiber optic,No,No,Yes,No,Yes,No,One year,Yes,Electronic check,107.43,1022.29,2,1,4.4,Yes
CUST-00672,Female,0,No,Yes,64,Yes,Yes,Fiber optic,No,Yes,No,No,Yes,Yes,One year,No,Bank transfer (automatic),74.78,4616.87,3,0,4.3,No
CUST-00673,Female,0,No,No,71,Yes,No,DSL,No,No,No,No,No,No,One year,Yes,Credit card (automatic),35.69,2596.25,1,0,5.0,No
CUST-00674,Male,0,No,No,37,No,No phone service,No,No internet service,No internet service,No internet service,No internet service,No internet service,No internet service,Month-to-month,No,Bank transfer (automatic),32.79,1120.12,2,2,3.6,No
CUST-00675,Female,0,Yes,Yes,39,Yes,Yes,Fiber optic,No,No,Yes,No,No,Yes,Month-to-month,No,Credit card (automatic),109.02,4575.28,4,2,4.6,No
CUST-00676,Female,1,Yes,Yes,36,Yes,No,Fiber optic,Yes,No,No,No,No,No,One year,Yes,Bank transfer (automatic),92.98,3321.75,3,2,4.4,No
CUST-00677,Female,0,No,No,40,Yes,No,DSL,Yes,No,No,No,No,No,Month-to-month,No,Electronic check,60.47,2561.33,1,2,4.4,Yes
CUST-00678,Male,0,No,Yes,60,Yes,No,DSL,Yes,Yes,No,No,No,No,Month-to-month,No,Electronic check,65.27,4130.48,2,1,5.0,No
CUST-00679,Female,0,Yes,No,21,Yes,No,Fiber optic,No,No,Yes,Yes,No,Yes,Month-to-month,No,Bank transfer (automatic),112.6,2438.27,2,1,4.9,No
CUST-00680,Female,0,Yes,No,21,No,No phone service,Fiber optic,Yes,No,No,No,No,Yes,Month-to-month,Yes,Electronic check,82.4,1827.93,1,2,4.4,Yes
CUST-00681,Female,0,No,No,70,Yes,Yes,No,No internet service,No internet service,No internet service,No internet service,No internet service,No internet service,Month-to-month,No,Mailed check,25.28,1680.43,1,3,3.8,No
CUST-00682,Male,0,Yes,No,62,Yes,Yes,Fiber optic,No,Yes,Yes,Yes,Yes,Yes,Two year,Yes,Electronic check,119.32,7679.35,3,0,4.2,No
CUST-00683,Female,0,No,Yes,39,Yes,No,Fiber optic,No,Yes,No,No,Yes,Yes,Month-to-month,Yes,Electronic check,98.02,3776.21,5,2,4.1,Yes
CUST-00684,Female,0,Yes,No,15,Yes,No,Fiber optic,No,No,No,No,No,Yes,Two year,Yes,Electronic check,69.3,1083.71,3,0,4.3,No
CUST-00685,Male,0,Yes,Yes,69,Yes,Yes,No,No internet service,No internet service,No internet service,No internet service,No internet service,No internet service,Month-to-month,No,Mailed check,27.64,2022.4,1,2,4.2,Yes
CUST-00686,Female,0,Yes,Yes,64,Yes,Yes,No,No internet service,No internet service,No internet service,No internet service,No internet service,No internet service,Month-to-month,Yes,Electronic check,38.33,2386.11,4,3,3.3,No
CUST-00687,Male,0,No,No,24,Yes,Yes,DSL,No,Yes,Yes,No,No,No,Month-to-month,Yes,Credit card (automatic),52.65,1236.64,2,0,5.0,No
CUST-00688,Female,1,No,No,39,Yes,No,Fiber optic,No,No,Yes,No,No,No,Month-to-month,No,Credit card (automatic),101.88,4047.5,1,1,5.0,No
CUST-00689,Male,0,Yes,Yes,31,Yes,Yes,No,No internet service,No internet service,No internet service,No internet service,No internet service,No internet service,Two year,Yes,Electronic check,35.5,1065.01,2,1,4.5,No
CUST-00690,Female,0,Yes,No,61,Yes,No,DSL,No,Yes,Yes,No,Yes,Yes,One year,No,Electronic check,75.69,4747.81,3,0,4.3,No
CUST-00691,Female,0,Yes,Yes,50,Yes,No,DSL,No,Yes,No,No,Yes,No,Two year,No,Electronic check,64.64,3120.72,1,1,4.7,Yes
CUST-00692,Female,0,Yes,Yes,36,Yes,No,No,No internet service,No internet service,No internet service,No internet service,No internet service,No internet service,Month-to-month,No,Bank transfer (automatic),34.08,1222.79,1,2,4.4,No
CUST-00693,Female,0,No,No,70,Yes,Yes,Fiber optic,Yes,Yes,No,No,No,No,Month-to-month,Yes,Mailed check,90.22,6805.9,3,1,4.1,No
CUST-00694,Female,0,Yes,No,44,Yes,Yes,No,No internet service,No internet service,No internet service,No internet service,No internet service,No internet service,Two year,Yes,Electronic check,40.63,1807.96,2,0,4.2,No
CUST-00695,Male,0,No,No,35,Yes,Yes,Fiber optic,No,No,No,No,Yes,Yes,Month-to-month,Yes,Bank transfer (automatic),105.69,3724.49,3,1,4.2,No
CUST-00696,Male,0,Yes,No,67,Yes,Yes,Fiber optic,No,No,Yes,Yes,No,Yes,Month-to-month,No,Mailed check,104.15,7034.86,4,2,4.2,No
CUST-00697,Female,0,Yes,No,33,No,No phone service,Fiber optic,No,No,No,No,Yes,Yes,One year,Yes,Mailed check,115.8,3885.05,3,0,3.2,No
CUST-00698,Female,0,Yes,Yes,31,No,No phone service,Fiber optic,No,Yes,No,No,No,No,Month-to-month,Yes,Bank transfer (automatic),85.68,2675.31,2,3,5.0,No
CUST-00699,Male,0,Yes,No,28,Yes,Yes,No,No internet service,No internet service,No internet service,No internet service,No internet service,No internet service,One year,Yes,Electronic check,37.48,1015.29,1,1,4.9,No
CUST-00700,Male,0,Yes,Yes,16,Yes,No,Fiber optic,No,Yes,Yes,Yes,Yes,Yes,Two year,Yes,Credit card (automatic),81.22,1256.85,5,0,4.0,No
CUST-00701,Female,1,Yes,No,21,Yes,No,No,No internet service,No internet service,No internet service,No internet service,No internet service,No internet service,Month-to-month,No,Electronic check,39.85,889.55,1,3,3.2,Yes
CUST-00702,Female,0,Yes,No,7,Yes,No,DSL,No,Yes,No,No,No,No,Month-to-month,Yes,Mailed check,74.78,502.37,0,0,4.4,No
CUST-00703,Male,0,No,No,53,Yes,Yes,No,No internet service,No internet service,No internet service,No internet service,No internet service,No internet service,Two year,Yes,Credit card (automatic),43.6,2212.58,1,0,4.4,No
CUST-00704,Male,0,Yes,No,43,Yes,Yes,Fiber optic,No,No,No,Yes,No,No,Two year,Yes,Credit card (automatic),82.22,3315.53,1,0,5.0,No
CUST-00705,Male,0,Yes,No,68,Yes,Yes,DSL,No,Yes,Yes,No,No,No,One year,No,Bank transfer (automatic),80.0,5683.19,1,1,4.4,No
CUST-00706,Female,0,Yes,Yes,44,Yes,No,Fiber optic,No,Yes,No,No,Yes,Yes,One year,No,Bank transfer (automatic),97.83,4364.85,8,1,3.9,No
CUST-00707,Male,0,No,No,6,Yes,Yes,DSL,No,No,No,No,Yes,No,One year,Yes,Mailed check,55.5,,1,0,4.6,Yes
CUST-00708,Female,0,No,No,45,Yes,No,DSL,Yes,No,No,No,Yes,Yes,Month-to-month,No,Electronic check,66.76,3069.28,1,1,4.3,Yes
CUST-00709,Male,0,No,No,13,Yes,No,No,No internet service,No internet service,No internet service,No internet service,No internet service,No internet service,Month-to-month,Yes,Mailed check,30.68,398.12,4,2,4.6,No
CUST-00710,Male,0,No,Yes,3,Yes,Yes,No,No internet service,No internet service,No internet service,No internet service,No internet service,No internet service,Month-to-month,No,Electronic check,23.07,68.9,1,4,4.0,No
CUST-00711,Female,1,No,No,48,Yes,Yes,DSL,Yes,Yes,No,No,No,No,Month-to-month,Yes,Credit card (automatic),78.79,3724.18,1,6,2.9,Yes
CUST-00712,Female,0,Yes,No,2,No,No phone service,DSL,No,No,No,No,Yes,No,Month-to-month,Yes,Electronic check,72.68,155.49,2,3,4.9,Yes
CUST-00713,Female,1,No,No,30,Yes,No,DSL,No,No,Yes,No,No,No,Month-to-month,Yes,Bank transfer (automatic),54.23,1523.93,0,0,5.0,No
CUST-00714,Female,0,No,No,65,Yes,No,No,No internet service,No internet service,No internet service,No internet service,No internet service,No internet service,Month-to-month,Yes,Credit card (automatic),31.68,1965.51,2,1,4.5,No
CUST-00715,Female,1,Yes,No,19,Yes,Yes,Fiber optic,No,Yes,No,No,Yes,No,Month-to-month,No,Electronic check,106.13,1866.22,2,4,3.8,Yes
CUST-00716,Female,0,No,No,51,Yes,Yes,Fiber optic,No,No,Yes,Yes,No,No,One year,No,Bank transfer (automatic),91.87,5017.07,3,2,4.0,No
CUST-00717,Female,0,Yes,Yes,28,Yes,No,Fiber optic,No,Yes,No,No,Yes,Yes,Month-to-month,Yes,Mailed check,83.52,2242.91,2,1,3.9,No
CUST-00718,Male,0,Yes,No,9,Yes,No,No,No internet service,No internet service,No internet service,No internet service,No internet service,No internet service,Two year,Yes,Electronic check,36.2,302.75,0,1,4.6,No
CUST-00719,Male,1,No,No,15,Yes,Yes,DSL,No,No,No,No,No,No,One year,No,Bank transfer (automatic),69.7,1112.63,1,1,4.9,No
CUST-00720,Female,0,Yes,No,6,Yes,No,DSL,No,No,No,Yes,Yes,No,Two year,Yes,Mailed check,62.83,404.65,0,1,3.5,Yes
CUST-00721,Male,0,No,No,11,Yes,Yes,Fiber optic,No,No,No,No,No,No,Month-to-month,No,Mailed check,75.93,870.94,4,1,3.4,No
CUST-00722,Female,0,No,Yes,12,Yes,Yes,No,No internet service,No internet service,No internet service,No internet service,No internet service,No internet service,Month-to-month,No,Electronic check,21.82,267.74,2,2,3.6,Yes
CUST-00723,Female,1,No,No,64,Yes,Yes,Fiber optic,No,No,No,No,No,No,One year,Yes,Mailed check,70.76,4356.14,6,0,3.9,No
CUST-00724,Male,0,Yes,No,59,Yes,No,No,No internet service,No internet service,No internet service,No internet service,No internet service,No internet service,One year,No,Electronic check,52.09,2965.8,3,0,4.2,No
CUST-00725,Female,0,No,No,26,Yes,No,No,No internet service,No internet service,No internet service,No internet service,No internet service,No internet service,Month-to-month,No,Bank transfer (automatic),46.24,1182.95,2,0,4.9,No
CUST-00726,Male,0,No,Yes,53,Yes,No,DSL,No,No,No,No,Yes,No,Two year,No,Credit card (automatic),64.9,3474.16,2,1,3.9,No
CUST-00727,Female,1,Yes,No,15,Yes,Yes,Fiber optic,Yes,Yes,No,Yes,No,No,Month-to-month,Yes,Electronic check,93.19,1388.86,3,3,3.9,No
CUST-00728,Male,0,Yes,No,46,Yes,Yes,No,No internet service,No internet service,No internet service,No internet service,No internet service,No internet service,Two year,Yes,Electronic check,18.36,889.46,0,0,4.7,Yes
CUST-00729,Male,0,No,No,15,Yes,Yes,DSL,No,No,Yes,No,Yes,No,Month-to-month,Yes,Credit card (automatic),49.03,734.08,2,0,4.5,No
CUST-00730,Female,0,No,No,47,Yes,Yes,Fiber optic,Yes,No,No,No,No,No,One year,Yes,Mailed check,76.16,3691.8,2,0,5.0,No
CUST-00731,Female,1,Yes,No,26,Yes,No,DSL,No,No,No,No,No,No,Month-to-month,Yes,Bank transfer (automatic),46.35,1175.24,0,3,4.8,No
CUST-00732,Male,1,Yes,No,62,Yes,No,No,No internet service,No internet service,No internet service,No internet service,No internet service,No internet service,Month-to-month,Yes,Electronic check,47.82,2903.04,0,3,4.9,Yes
CUST-00733,Female,0,No,Yes,61,Yes,Yes,DSL,No,No,No,Yes,No,Yes,Month-to-month,Yes,Electronic check,53.65,3434.64,1,2,4.2,No
CUST-00734,Female,0,Yes,No,25,Yes,Yes,Fiber optic,No,No,No,Yes,Yes,Yes,Month-to-month,No,Electronic check,106.46,2700.33,1,4,4.9,Yes
CUST-00735,Male,0,Yes,No,3,Yes,Yes,Fiber optic,No,No,No,Yes,Yes,No,Two year,No,Bank transfer (automatic),114.73,342.54,6,0,4.9,No
CUST-00736,Female,1,No,No,24,Yes,No,Fiber optic,No,No,No,No,No,No,Month-to-month,Yes,Mailed check,75.03,1676.97,0,1,4.2,Yes
CUST-00737,Female,0,Yes,No,21,Yes,No,DSL,No,No,No,No,Yes,No,Two year,Yes,Credit card (automatic),71.03,1592.06,0,0,4.2,No
CUST-00738,Male,0,Yes,No,31,Yes,No,DSL,No,No,Yes,No,No,No,Two year,Yes,Electronic check,44.79,1405.67,2,2,5.0,Yes
CUST-00739,Female,0,No,Yes,42,Yes,Yes,No,No internet service,No internet service,No internet service,No internet service,No internet service,No internet service,Month-to-month,No,Mailed check,27.45,1168.93,3,0,4.3,No
CUST-00740,Female,0,No,No,72,Yes,Yes,No,No internet service,No internet service,No internet service,No internet service,No internet service,No internet service,Month-to-month,Yes,Mailed check,42.44,,1,2,4.3,No
CUST-00741,Female,0,No,No,5,Yes,Yes,Fiber optic,No,No,No,Yes,No,No,Two year,Yes,Electronic check,83.65,432.99,5,0,4.1,Yes
CUST-00742,Female,0,Yes,No,40,Yes,Yes,DSL,No,No,No,Yes,Yes,Yes,One year,Yes,Mailed check,70.15,2774.52,4,0,4.5,No
CUST-00743,Female,1,No,No,13,Yes,No,Fiber optic,Yes,Yes,No,No,Yes,No,Two year,No,Mailed check,94.51,1178.47,4,1,5.0,No
CUST-00744,Male,0,No,No,40,Yes,Yes,Fiber optic,No,No,No,Yes,Yes,No,One year,No,Mailed check,77.44,3166.15,2,0,4.4,No
CUST-00745,Female,0,No,Yes,46,Yes,Yes,Fiber optic,Yes,Yes,No,Yes,No,No,Month-to-month,Yes,Credit card (automatic),70.93,3323.4,4,1,4.0,No
CUST-00746,Male,0,No,Yes,59,Yes,Yes,DSL,Yes,No,Yes,No,No,Yes,One year,Yes,Mailed check,73.05,4069.68,4,0,4.3,No
CUST-00747,Female,0,No,No,41,Yes,Yes,DSL,No,No,No,Yes,No,No,Month-to-month,No,Credit card (automatic),69.23,2863.8,5,2,4.2,No
CUST-00748,Male,1,No,No,13,Yes,No,DSL,No,Yes,No,No,Yes,Yes,Month-to-month,No,Bank transfer (automatic),71.04,984.36,0,1,4.8,No
CUST-00749,Male,0,No,No,66,Yes,No,Fiber optic,No,No,No,No,No,Yes,Month-to-month,Yes,Credit card (automatic),97.95,6364.54,6,1,3.9,Yes
CUST-00750,Male,0,Yes,No,30,Yes,No,DSL,No,Yes,No,No,No,Yes,One year,Yes,Bank transfer (automatic),51.13,1540.25,0,0,4.7,No
CUST-00751,Female,0,No,Yes,35,Yes,Yes,Fiber optic,No,No,No,Yes,No,Yes,Two year,Yes,Bank transfer (automatic),83.83,2786.72,6,0,4.1,No
CUST-00752,Male,0,No,No,47,Yes,No,Fiber optic,Yes,No,Yes,No,Yes,No,Month-to-month,Yes,Electronic check,80.42,3911.08,3,3,3.6,Yes
CUST-00753,Male,0,Yes,No,20,Yes,No,Fiber optic,Yes,Yes,No,Yes,Yes,No,Month-to-month,No,Electronic check,120.0,2287.64,9,4,3.3,Yes
CUST-00754,Female,0,Yes,No,72,Yes,No,Fiber optic,Yes,No,Yes,No,No,No,Month-to-month,Yes,Bank transfer (automatic),86.19,6328.52,3,1,3.6,No
CUST-00755,Female,0,No,No,4,Yes,Yes,Fiber optic,No,No,No,No,No,No,Month-to-month,Yes,Electronic check,97.45,412.02,3,2,4.9,Yes
CUST-00756,Male,0,Yes,Yes,12,Yes,Yes,DSL,No,No,No,No,No,Yes,Month-to-month,Yes,Mailed check,73.56,878.0,1,3,4.3,No
CUST-00757,Female,0,No,Yes,72,Yes,Yes,DSL,No,No,No,No,Yes,No,Month-to-month,Yes,Electronic check,46.45,3232.64,2,0,4.5,No
CUST-00758,Male,0,No,Yes,33,Yes,Yes,Fiber optic,Yes,No,No,Yes,No,No,Month-to-month,Yes,Bank transfer (automatic),113.58,3962.16,4,3,4.6,No
CUST-00759,Male,1,Yes,No,65,Yes,No,Fiber optic,Yes,Yes,No,No,Yes,Yes,Month-to-month,Yes,Bank transfer (automatic),91.58,5634.71,2,4,3.6,No
CUST-00760,Female,0,Yes,Yes,66,Yes,No,Fiber optic,Yes,Yes,No,No,Yes,No,Month-to-month,Yes,Mailed check,88.8,5698.87,1,2,4.8,No
CUST-00761,Male,1,No,Yes,72,Yes,Yes,Fiber optic,No,Yes,Yes,Yes,No,No,Two year,Yes,Mailed check,78.17,5220.87,4,0,3.5,No
CUST-00762,Female,0,Yes,No,53,No,No phone service,DSL,No,Yes,No,Yes,No,No,Month-to-month,No,Bank transfer (automatic),67.19,3524.18,0,2,4.4,No
CUST-00763,Female,0,No,No,50,Yes,Yes,DSL,No,No,No,No,No,Yes,Month-to-month,No,Credit card (automatic),72.41,3373.74,0,1,4.3,Yes
CUST-00764,Female,0,Yes,No,45,Yes,Yes,Fiber optic,No,Yes,No,No,No,No,Month-to-month,No,Electronic check,104.39,4581.94,2,3,3.9,No
CUST-00765,Male,0,Yes,No,50,Yes,No,Fiber optic,Yes,No,No,No,No,Yes,Month-to-month,Yes,Electronic check,86.06,4399.7,3,2,4.8,No
CUST-00766,Female,0,No,Yes,19,Yes,Yes,Fiber optic,Yes,No,Yes,Yes,Yes,No,One year,Yes,Bank transfer (automatic),81.54,1589.29,4,0,4.3,No
CUST-00767,Female,0,Yes,Yes,59,Yes,No,DSL,No,No,Yes,No,Yes,No,One year,No,Mailed check,73.11,4580.85,2,1,5.0,No
CUST-00768,Male,0,No,No,14,No,No phone service,No,No internet service,No internet service,No internet service,No internet service,No internet service,No internet service,Month-to-month,No,Mailed check,19.9,295.37,1,3,4.9,No
CUST-00769,Male,0,No,No,35,Yes,Yes,Fiber optic,No,No,No,No,Yes,No,Month-to-month,Yes,Mailed check,90.6,3311.4,1,3,4.2,No
CUST-00770,Male,0,Yes,No,27,Yes,Yes,Fiber optic,No,No,No,Yes,No,No,Month-to-month,No,Bank transfer (automatic),111.84,2945.42,3,2,5.0,Yes
CUST-00771,Female,1,Yes,No,55,No,No phone service,Fiber optic,No,Yes,No,Yes,No,No,One year,No,Credit card (automatic),113.55,5777.91,2,0,4.5,No
CUST-00772,Female,1,No,Yes,19,Yes,No,Fiber optic,Yes,No,Yes,No,No,Yes,Month-to-month,Yes,Electronic check,106.32,1996.98,3,1,4.9,Yes
CUST-00773,Male,0,No,No,15,Yes,Yes,Fiber optic,No,Yes,Yes,Yes,No,No,Two year,No,Electronic check,64.12,950.43,4,0,4.8,No
CUST-00774,Female,0,No,Yes,59,Yes,No,DSL,Yes,No,No,Yes,Yes,No,Month-to-month,No,Credit card (automatic),82.94,4569.89,0,1,5.0,No
CUST-00775,Female,0,No,No,36,Yes,Yes,DSL,No,No,No,Yes,Yes,No,Month-to-month,No,Credit card (automatic),65.04,2158.72,2,1,4.6,No
CUST-00776,Female,0,Yes,No,52,Yes,No,DSL,Yes,No,No,No,No,No,Month-to-month,No,Mailed check,39.94,2064.01,0,1,4.1,No
CUST-00777,Male,0,Yes,Yes,64,Yes,Yes,No,No internet service,No internet service,No internet service,No internet service,No internet service,No internet service,Month-to-month,Yes,Mailed check,33.58,2288.58,0,0,4.2,No
CUST-00778,Male,0,No,No,61,No,No phone service,No,No internet service,No internet service,No internet service,No internet service,No internet service,No internet service,One year,Yes,Bank transfer (automatic),35.82,2200.61,1,1,3.7,No
CUST-00779,Male,0,No,No,29,Yes,No,Fiber optic,Yes,Yes,No,No,Yes,No,One year,Yes,Mailed check,104.33,2933.34,2,0,4.3,No
CUST-00780,Female,1,No,No,13,Yes,Yes,Fiber optic,Yes,Yes,No,No,Yes,No,One year,Yes,Bank transfer (automatic),84.27,1070.43,2,0,4.4,No
CUST-00781,Female,0,Yes,Yes,70,Yes,Yes,DSL,No,Yes,No,No,No,No,Month-to-month,Yes,Mailed check,80.51,6050.98,2,1,5.0,Yes
CUST-00782,Female,0,No,No,23,Yes,No,No,No internet service,No internet service,No internet service,No internet service,No internet service,No internet service,Month-to-month,Yes,Bank transfer (automatic),20.08,498.45,1,3,4.9,Yes
CUST-00783,Male,1,No,No,56,Yes,No,DSL,No,No,Yes,Yes,No,No,Month-to-month,No,Bank transfer (automatic),57.38,3449.09,2,1,4.4,No
CUST-00784,Male,0,Yes,Yes,56,Yes,No,DSL,Yes,No,No,No,No,No,Two year,Yes,Mailed check,56.8,3409.77,1,2,4.2,No
CUST-00785,Male,0,No,No,32,Yes,Yes,No,No internet service,No internet service,No internet service,No internet service,No internet service,No internet service,Month-to-month,Yes,Bank transfer (automatic),38.28,1248.08,1,1,5.0,No
CUST-00786,Female,1,No,Yes,12,Yes,No,DSL,No,No,No,No,Yes,No,Two year,No,Mailed check,55.92,657.39,0,0,5.0,No
CUST-00787,Male,1,Yes,No,34,Yes,Yes,No,No internet service,No internet service,No internet service,No internet service,No internet service,No internet service,Two year,Yes,Credit card (automatic),37.11,1201.88,0,0,4.8,No
CUST-00788,Female,0,Yes,No,11,Yes,No,No,No internet service,No internet service,No internet service,No internet service,No internet service,No internet service,Month-to-month,Yes,Mailed check,33.07,387.28,2,1,4.2,No
CUST-00789,Female,0,Yes,No,26,Yes,No,No,No internet service,No internet service,No internet service,No internet service,No internet service,No internet service,Two year,Yes,Credit card (automatic),27.5,717.98,1,0,4.2,No
CUST-00790,Male,0,No,No,28,Yes,No,Fiber optic,Yes,No,Yes,Yes,No,No,One year,Yes,Electronic check,120.0,3475.58,5,0,3.7,Yes
CUST-00791,Male,0,Yes,No,38,Yes,No,Fiber optic,Yes,Yes,Yes,No,No,No,Month-to-month,Yes,Bank transfer (automatic),95.21,3586.89,3,0,4.1,Yes
CUST-00792,Male,0,Yes,No,14,Yes,Yes,Fiber optic,No,No,No,Yes,No,No,One year,Yes,Electronic check,92.9,1204.43,7,0,4.5,No
CUST-00793,Female,0,Yes,No,61,No,No phone service,No,No internet service,No internet service,No internet service,No internet service,No internet service,No internet service,Month-to-month,Yes,Bank transfer (automatic),29.09,1840.82,1,0,5.0,No
CUST-00794,Female,0,Yes,Yes,6,Yes,Yes,Fiber optic,No,Yes,No,No,Yes,No,Month-to-month,Yes,Electronic check,113.63,708.22,3,3,4.4,No
CUST-00795,Male,0,Yes,No,71,No,No phone service,No,No internet service,No internet service,No internet service,No internet service,No internet service,No internet service,Month-to-month,Yes,Bank transfer (automatic),38.45,2889.08,0,1,4.2,No
CUST-00796,Male,0,No,No,23,Yes,No,No,No internet service,No internet service,No internet service,No internet service,No internet service,No internet service,One year,No,Mailed check,21.9,534.81,1,0,5.0,No
CUST-00797,Female,0,Yes,Yes,36,Yes,No,Fiber optic,No,Yes,No,Yes,No,No,Month-to-month,Yes,Credit card (automatic),102.96,3514.81,2,3,4.2,No
CUST-00798,Male,0,Yes,No,64,Yes,No,No,No internet service,No internet service,No internet service,No internet service,No internet service,No internet service,Two year,No,Electronic check,43.32,2958.64,0,0,4.9,No
CUST-00799,Male,0,Yes,Yes,48,Yes,No,DSL,No,No,No,No,No,Yes,Two year,No,Electronic check,73.01,3729.39,0,1,4.5,No
CUST-00800,Male,0,Yes,No,5,Yes,No,No,No internet service,No internet service,No internet service,No internet service,No internet service,No internet service,One year,Yes,Mailed check,25.31,128.72,2,0,3.8,No
CUST-00801,Male,0,Yes,No,44,Yes,No,No,No internet service,No internet service,No internet service,No internet service,No internet service,No internet service,One year,No,Mailed check,25.25,1031.9,1,0,4.8,No
CUST-00802,Male,0,No,No,41,Yes,No,DSL,No,Yes,No,Yes,No,Yes,Two year,Yes,Electronic check,67.56,2973.41,1,1,4.7,No
CUST-00803,Female,0,No,No,68,Yes,Yes,Fiber optic,No,Yes,Yes,Yes,No,Yes,Month-to-month,Yes,Mailed check,109.92,7729.6,2,0,4.1,No
CUST-00804,Female,0,No,No,41,Yes,No,Fiber optic,Yes,Yes,No,Yes,No,No,Two year,Yes,Bank transfer (automatic),118.67,4568.57,3,1,3.6,No
CUST-00805,Female,0,Yes,No,72,Yes,No,No,No internet service,No internet service,No internet service,No internet service,No internet service,No internet service,Month-to-month,No,Bank transfer (automatic),41.73,3139.82,2,1,4.0,No
CUST-00806,Female,0,No,No,39,No,No phone service,DSL,No,Yes,Yes,No,No,No,Two year,No,Electronic check,73.93,2887.76,3,1,5.0,No
CUST-00807,Female,0,No,No,14,Yes,No,Fiber optic,No,No,Yes,No,Yes,Yes,Month-to-month,No,Electronic check,107.42,1596.3,5,6,3.5,No
CUST-00808,Male,0,Yes,Yes,37,Yes,No,Fiber optic,No,Yes,No,No,No,No,One year,Yes,Mailed check,82.43,2881.05,2,1,4.7,No
CUST-00809,Male,1,Yes,Yes,67,Yes,No,Fiber optic,Yes,No,No,No,Yes,No,Two year,Yes,Credit card (automatic),70.51,4734.24,3,0,5.0,No
CUST-00810,Female,0,No,Yes,2,Yes,No,No,No internet service,No internet service,No internet service,No internet service,No internet service,No internet service,One year,Yes,Mailed check,25.42,53.93,1,0,5.0,No
CUST-00811,Male,0,Yes,No,29,No,No phone service,Fiber optic,No,No,No,No,No,Yes,Month-to-month,No,Bank transfer (automatic),70.71,2096.72,3,1,4.2,No
CUST-00812,Female,0,Yes,No,4,Yes,No,Fiber optic,No,No,No,No,No,Yes,Month-to-month,Yes,Credit card (automatic),114.96,452.1,3,1,4.7,Yes
CUST-00813,Female,0,No,No,61,No,No phone service,No,No internet service,No internet service,No internet service,No internet service,No internet service,No internet service,One year,No,Electronic check,36.35,2131.24,2,0,4.8,No
CUST-00814,Male,0,Yes,No,37,Yes,No,DSL,Yes,Yes,Yes,No,No,Yes,Month-to-month,No,Bank transfer (automatic),49.86,1912.56,2,4,3.7,Yes
CUST-00815,Female,0,No,Yes,52,Yes,No,DSL,Yes,No,Yes,No,No,No,Two year,No,Electronic check,75.02,3834.27,2,1,4.9,No
CUST-00816,Female,0,Yes,No,70,Yes,No,DSL,No,No,Yes,No,Yes,No,Month-to-month,Yes,Credit card (automatic),66.59,4781.78,4,1,3.8,No
CUST-00817,Male,0,Yes,No,60,Yes,No,No,No internet service,No internet service,No internet service,No internet service,No internet service,No internet service,Month-to-month,Yes,Mailed check,30.69,1812.2,3,5,3.7,Yes
CUST-00818,Male,0,Yes,No,30,Yes,Yes,No,No internet service,No internet service,No internet service,No internet service,No internet service,No internet service,Month-to-month,No,Bank transfer (automatic),31.29,936.11,0,2,4.5,Yes
CUST-00819,Female,0,Yes,Yes,68,Yes,No,Fiber optic,No,No,Yes,No,Yes,No,Month-to-month,Yes,Credit card (automatic),118.2,7527.81,5,1,3.2,No
CUST-00820,Female,1,No,No,35,No,No phone service,DSL,No,No,No,No,No,No,Two year,Yes,Electronic check,75.22,2787.66,1,0,5.0,No
CUST-00821,Male,0,No,No,71,Yes,No,Fiber optic,No,No,No,No,Yes,No,One year,Yes,Bank transfer (automatic),99.29,7359.01,1,0,4.8,No
CUST-00822,Female,0,No,No,71,Yes,No,Fiber optic,No,No,Yes,Yes,Yes,Yes,One year,Yes,Mailed check,94.77,7237.06,5,3,3.2,No
CUST-00823,Male,0,No,No,16,Yes,No,Fiber optic,Yes,No,No,Yes,No,No,Two year,Yes,Bank transfer (automatic),93.38,1505.56,2,0,4.5,No
CUST-00824,Female,0,Yes,No,57,Yes,No,DSL,Yes,No,No,No,No,Yes,Month-to-month,Yes,Electronic check,63.64,3765.21,3,1,4.7,No
CUST-00825,Female,0,Yes,No,51,No,No phone service,DSL,Yes,No,No,No,No,No,Month-to-month,No,Electronic check,53.81,2569.49,0,0,4.8,No
CUST-00826,Male,0,Yes,No,56,Yes,No,No,No internet service,No internet service,No internet service,No internet service,No internet service,No internet service,Month-to-month,No,Credit card (automatic),40.41,2207.04,1,2,4.7,No
CUST-00827,Female,0,No,No,13,Yes,Yes,Fiber optic,No,No,No,No,No,No,Month-to-month,No,Electronic check,101.78,1259.37,2,2,3.8,Yes
CUST-00828,Female,0,No,No,37,Yes,No,DSL,No,Yes,No,Yes,No,Yes,Month-to-month,No,Bank transfer (automatic),72.85,2583.55,1,1,4.7,No
CUST-00829,Female,1,Yes,No,11,Yes,Yes,No,No internet service,No internet service,No internet service,No internet service,No internet service,No internet service,Month-to-month,No,Bank transfer (automatic),53.34,555.85,2,1,5.0,No
CUST-00830,Male,0,No,Yes,65,No,No phone service,Fiber optic,No,No,Yes,No,Yes,Yes,Month-to-month,Yes,Electronic check,91.24,5827.61,6,2,3.2,Yes
CUST-00831,Male,0,No,No,63,Yes,No,Fiber optic,No,Yes,No,Yes,Yes,No,Month-to-month,No,Mailed check,119.45,7272.17,2,2,4.7,No
CUST-00832,Male,0,Yes,No,42,Yes,Yes,DSL,No,No,No,No,No,Yes,One year,Yes,Electronic check,87.71,3675.96,0,0,4.9,Yes
CUST-00833,Male,0,No,No,10,Yes,No,No,No internet service,No internet service,No internet service,No internet service,No internet service,No internet service,Month-to-month,No,Electronic check,34.97,370.83,1,0,5.0,No
CUST-00834,Male,0,No,No,48,Yes,No,DSL,Yes,Yes,No,No,No,No,One year,No,Credit card (automatic),74.44,3360.35,1,0,5.0,No
CUST-00835,Female,0,No,Yes,32,Yes,No,No,No internet service,No internet service,No internet service,No internet service,No internet service,No internet service,One year,Yes,Bank transfer (automatic),18.0,551.14,1,0,4.7,No
CUST-00836,Female,0,Yes,No,57,Yes,No,Fiber optic,Yes,No,No,No,No,No,Month-to-month,No,Electronic check,86.19,,8,3,3.6,No
CUST-00837,Female,0,Yes,Yes,8,Yes,No,DSL,No,Yes,No,Yes,No,No,One year,No,Mailed check,77.99,589.83,3,1,3.4,Yes
CUST-00838,Male,0,Yes,No,30,Yes,Yes,DSL,No,No,No,No,Yes,No,One year,Yes,Bank transfer (automatic),49.5,1442.0,2,0,4.9,No
CUST-00839,Male,0,No,No,27,Yes,No,No,No internet service,No internet service,No internet service,No internet service,No internet service,No internet service,Month-to-month,Yes,Electronic check,18.0,471.35,2,1,4.1,No
CUST-00840,Female,0,No,No,69,Yes,No,DSL,No,No,No,No,No,No,Month-to-month,Yes,Mailed check,60.95,4522.8,3,1,4.5,No
CUST-00841,Male,0,No,No,22,Yes,No,DSL,No,No,No,No,Yes,Yes,Month-to-month,No,Bank transfer (automatic),52.87,1140.87,0,2,4.8,No
CUST-00842,Female,0,Yes,No,72,Yes,Yes,Fiber optic,No,Yes,No,No,No,No,Two year,No,Mailed check,102.85,7914.74,5,0,3.7,No
CUST-00843,Female,0,Yes,No,67,Yes,No,DSL,No,No,No,No,No,No,Month-to-month,No,Electronic check,61.38,3964.08,1,4,5.0,No
CUST-00844,Male,0,No,Yes,43,Yes,Yes,Fiber optic,Yes,Yes,Yes,No,No,Yes,Month-to-month,No,Mailed check,114.78,4647.45,10,1,2.2,No
CUST-00845,Male,1,Yes,No,13,Yes,No,Fiber optic,No,No,No,No,No,No,Month-to-month,No,Bank transfer (automatic),95.31,1256.38,1,0,4.2,Yes
CUST-00846,Male,0,No,No,16,Yes,Yes,DSL,No,Yes,No,No,No,No,Month-to-month,No,Bank transfer (automatic),73.26,1229.3,1,0,5.0,No
CUST-00847,Male,0,No,No,2,Yes,Yes,Fiber optic,No,No,Yes,No,No,No,Month-to-month,Yes,Bank transfer (automatic),91.34,185.78,3,1,4.8,No
CUST-00848,Male,0,Yes,Yes,56,Yes,Yes,DSL,No,Yes,No,Yes,Yes,No,Month-to-month,Yes,Bank transfer (automatic),80.47,4360.47,4,0,4.2,Yes
CUST-00849,Female,0,Yes,No,53,No,No phone service,No,No internet service,No internet service,No internet service,No internet service,No internet service,No internet service,Month-to-month,No,Electronic check,20.84,1160.64,4,4,4.1,No
CUST-00850,Female,0,Yes,No,24,Yes,No,DSL,No,No,Yes,No,No,Yes,Month-to-month,No,Electronic check,74.47,1885.95,5,1,4.2,Yes
CUST-00851,Female,0,Yes,No,53,Yes,No,Fiber optic,No,No,No,Yes,No,No,One year,Yes,Bank transfer (automatic),93.79,4947.46,2,0,4.0,No
CUST-00852,Female,0,No,Yes,42,Yes,Yes,Fiber optic,No,No,Yes,Yes,No,No,One year,Yes,Electronic check,106.65,4779.02,2,0,5.0,No
CUST-00853,Female,0,Yes,No,59,Yes,No,Fiber optic,No,Yes,No,Yes,Yes,Yes,Month-to-month,No,Electronic check,77.97,4911.34,4,4,3.5,No
CUST-00854,Male,0,Yes,No,7,Yes,No,DSL,No,No,No,No,Yes,No,Month-to-month,Yes,Electronic check,46.6,333.75,3,1,4.4,Yes
CUST-00855,Male,0,Yes,No,15,No,No phone service,DSL,No,Yes,Yes,No,No,No,One year,No,Mailed check,80.76,1162.21,2,2,3.8,No
CUST-00856,Female,0,Yes,No,59,Yes,No,Fiber optic,No,No,Yes,No,Yes,No,Month-to-month,Yes,Mailed check,89.18,5499.15,7,1,4.4,No
CUST-00857,Male,0,No,No,27,Yes,No,Fiber optic,No,Yes,No,No,No,No,One year,Yes,Electronic check,111.01,3179.32,2,1,4.6,No
CUST-00858,Male,0,No,Yes,70,Yes,No,Fiber optic,No,No,No,Yes,Yes,No,Month-to-month,Yes,Mailed check,69.84,4751.08,3,0,5.0,No
CUST-00859,Female,0,No,No,64,Yes,Yes,DSL,Yes,No,No,No,Yes,Yes,One year,Yes,Credit card (automatic),70.85,4268.88,1,0,5.0,No
CUST-00860,Female,0,No,No,7,Yes,No,Fiber optic,No,Yes,No,Yes,No,No,Two year,Yes,Electronic check,94.61,656.26,6,0,3.9,Yes
CUST-00861,Female,0,Yes,No,30,Yes,Yes,DSL,Yes,No,No,Yes,No,No,Two year,No,Mailed check,40.49,1229.05,1,0,5.0,No
CUST-00862,Female,0,No,No,53,Yes,No,Fiber optic,Yes,No,Yes,Yes,No,No,Month-to-month,Yes,Mailed check,78.15,4133.86,1,1,4.1,No
CUST-00863,Male,0,Yes,No,10,Yes,No,Fiber optic,No,No,Yes,No,Yes,No,Month-to-month,No,Bank transfer (automatic),103.81,1119.99,3,0,3.9,Yes
CUST-00864,Female,0,No,No,62,Yes,No,DSL,No,No,No,No,Yes,No,One year,Yes,Credit card (automatic),54.04,3519.93,1,1,4.4,No
CUST-00865,Female,1,Yes,No,8,Yes,Yes,No,No internet service,No internet service,No internet service,No internet service,No internet service,No internet service,Month-to-month,Yes,Credit card (automatic),43.76,376.28,1,0,5.0,No
CUST-00866,Female,0,Yes,Yes,8,Yes,Yes,Fiber optic,Yes,Yes,Yes,Yes,No,Yes,Month-to-month,No,Mailed check,81.47,618.66,2,1,4.7,No
CUST-00867,Female,0,Yes,No,40,Yes,Yes,DSL,No,No,No,No,Yes,No,Two year,No,Mailed check,74.43,2851.95,2,1,3.9,No
CUST-00868,Female,0,No,Yes,18,Yes,No,DSL,No,No,No,Yes,Yes,No,Month-to-month,No,Bank transfer (automatic),84.9,1410.3,0,4,4.1,Yes
CUST-00869,Male,0,Yes,No,47,Yes,Yes,Fiber optic,No,Yes,No,No,No,Yes,Month-to-month,Yes,Credit card (automatic),95.12,4658.86,1,0,4.8,No
CUST-00870,Male,0,No,No,29,Yes,No,No,No internet service,No internet service,No internet service,No internet service,No internet service,No internet service,Month-to-month,No,Electronic check,18.0,539.04,0,5,3.4,No
CUST-00871,Male,0,Yes,Yes,20,Yes,Yes,DSL,Yes,No,No,No,Yes,No,Two year,No,Credit card (automatic),69.42,1362.39,1,0,4.1,No
CUST-00872,Male,0,No,No,61,Yes,No,DSL,Yes,No,No,Yes,No,No,Month-to-month,No,Bank transfer (automatic),37.7,2269.12,0,3,5.0,No
CUST-00873,Male,0,No,Yes,12,Yes,No,Fiber optic,No,Yes,No,Yes,No,No,Month-to-month,Yes,Mailed check,100.48,1187.45,5,3,3.8,No
CUST-00874,Male,0,Yes,No,36,Yes,Yes,Fiber optic,Yes,Yes,Yes,No,Yes,No,Month-to-month,No,Bank transfer (automatic),83.1,2817.97,3,1,4.4,No
CUST-00875,Female,1,Yes,No,13,No,No phone service,Fiber optic,Yes,No,Yes,No,No,No,Month-to-month,Yes,Credit card (automatic),95.73,1237.31,2,4,3.5,No
CUST-00876,Female,0,Yes,No,10,Yes,No,Fiber optic,No,No,No,No,No,No,One year,No,Electronic check,63.59,666.72,4,2,3.3,Yes
CUST-00877,Female,0,No,No,15,Yes,No,Fiber optic,No,No,Yes,No,Yes,No,Month-to-month,Yes,Credit card (automatic),110.63,1640.66,3,2,3.2,Yes
CUST-00878,Female,1,No,No,19,Yes,No,DSL,No,No,Yes,Yes,No,Yes,Month-to-month,Yes,Electronic check,47.81,877.72,3,3,4.9,No
CUST-00879,Female,0,Yes,No,30,No,No phone service,Fiber optic,No,No,No,No,No,No,Month-to-month,Yes,Credit card (automatic),116.31,3513.93,1,1,4.1,Yes
CUST-00880,Female,0,Yes,No,34,Yes,Yes,DSL,No,Yes,No,Yes,Yes,No,Month-to-month,Yes,Electronic check,57.02,1859.18,0,2,4.1,No
CUST-00881,Male,0,Yes,Yes,10,Yes,No,DSL,No,No,No,Yes,No,Yes,Month-to-month,Yes,Bank transfer (automatic),68.19,644.36,4,1,3.1,Yes
CUST-00882,Female,1,Yes,No,3,No,No phone service,No,No internet service,No internet service,No internet service,No internet service,No internet service,No internet service,One year,Yes,Electronic check,29.25,88.23,2,0,5.0,Yes
CUST-00883,Male,0,No,Yes,7,Yes,Yes,DSL,No,No,No,No,No,No,One year,Yes,Mailed check,39.48,281.57,1,0,5.0,No
CUST-00884,Male,0,Yes,No,46,Yes,Yes,DSL,No,No,Yes,No,Yes,No,Month-to-month,No,Electronic check,66.07,2840.22,0,4,4.5,No
CUST-00885,Female,1,Yes,No,71,Yes,No,No,No internet service,No internet service,No internet service,No internet service,No internet service,No internet service,One year,Yes,Electronic check,36.09,2512.2,0,1,5.0,No
CUST-00886,Female,0,No,No,2,Yes,No,No,No internet service,No internet service,No internet service,No internet service,No internet service,No internet service,Month-to-month,Yes,Credit card (automatic),35.22,73.31,0,2,5.0,No
CUST-00887,Male,1,No,No,3,Yes,No,No,No internet service,No internet service,No internet service,No internet service,No internet service,No internet service,Month-to-month,Yes,Credit card (automatic),23.87,75.24,4,0,3.2,Yes
CUST-00888,Male,1,No,Yes,57,Yes,Yes,DSL,Yes,Yes,No,No,No,No,Month-to-month,Yes,Bank transfer (automatic),37.27,2055.83,2,1,4.5,No
CUST-00889,Male,1,Yes,No,53,Yes,No,Fiber optic,No,No,No,Yes,Yes,No,One year,Yes,Credit card (automatic),101.08,5523.82,2,0,4.5,No
CUST-00890,Male,0,No,Yes,53,Yes,No,Fiber optic,No,Yes,No,Yes,Yes,Yes,Month-to-month,Yes,Electronic check,117.41,6541.42,4,3,3.2,Yes
CUST-00891,Male,0,No,No,13,Yes,No,Fiber optic,No,No,No,No,No,No,Month-to-month,No,Bank transfer (automatic),75.86,997.62,1,5,3.7,Yes
CUST-00892,Female,0,No,No,63,Yes,Yes,DSL,No,No,Yes,No,Yes,No,Two year,Yes,Mailed check,71.18,4668.94,1,0,4.9,No
CUST-00893,Female,0,Yes,No,45,Yes,Yes,Fiber optic,No,Yes,No,No,Yes,Yes,Month-to-month,Yes,Credit card (automatic),95.14,4035.53,3,0,5.0,No
CUST-00894,Female,0,No,No,12,Yes,Yes,DSL,No,No,No,No,Yes,No,One year,Yes,Mailed check,75.7,942.84,3,0,4.1,No
CUST-00895,Female,1,No,No,9,Yes,No,Fiber optic,No,No,No,No,No,No,Month-to-month,No,Credit card (automatic),120.0,1123.01,0,2,4.4,No
CUST-00896,Female,0,No,No,44,Yes,Yes,Fiber optic,No,Yes,No,Yes,Yes,Yes,Month-to-month,Yes,Credit card (automatic),85.57,3847.74,3,2,3.3,No
CUST-00897,Female,0,No,Yes,57,Yes,Yes,Fiber optic,No,Yes,Yes,No,No,No,Month-to-month,No,Mailed check,78.75,4364.47,1,2,3.9,No
CUST-00898,Male,0,No,Yes,57,No,No phone service,Fiber optic,No,No,No,Yes,No,No,Month-to-month,Yes,Bank transfer (automatic),107.88,6194.51,2,3,4.5,Yes
CUST-00899,Male,0,No,Yes,43,Yes,No,No,No internet service,No internet service,No internet service,No internet service,No internet service,No internet service,Two year,No,Credit card (automatic),20.68,844.32,0,1,4.7,No
CUST-00900,Female,0,No,No,38,Yes,Yes,No,No internet service,No internet service,No internet service,No internet service,No internet service,No internet service,Month-to-month,Yes,Mailed check,18.76,716.84,2,2,4.5,No
CUST-00901,Male,0,Yes,Yes,51,Yes,No,Fiber optic,No,No,No,Yes,No,No,One year,Yes,Bank transfer (automatic),103.46,5555.73,2,1,4.2,Yes
CUST-00902,Male,0,Yes,No,10,Yes,No,DSL,No,Yes,No,Yes,No,No,Two year,No,Electronic check,62.12,629.73,0,0,4.9,Yes
CUST-00903,Male,0,No,No,27,Yes,No,No,No internet service,No internet service,No internet service,No internet service,No internet service,No internet service,Month-to-month,No,Mailed check,52.63,1369.0,1,1,3.5,No
CUST-00904,Female,0,No,No,8,Yes,No,DSL,No,Yes,No,No,No,No,One year,Yes,Bank transfer (automatic),56.14,443.73,1,1,5.0,No
CUST-00905,Male,0,No,No,61,Yes,No,DSL,No,Yes,No,Yes,Yes,No,Month-to-month,Yes,Mailed check,34.54,2126.13,1,0,4.9,No
CUST-00906,Female,0,No,Yes,44,Yes,Yes,Fiber optic,No,No,No,No,No,No,Two year,Yes,Credit card (automatic),91.59,4097.44,1,0,4.5,No
CUST-00907,Male,0,No,No,56,Yes,Yes,Fiber optic,No,No,No,No,Yes,Yes,Month-to-month,Yes,Bank transfer (automatic),87.0,4913.29,3,1,4.2,No
CUST-00908,Male,1,No,Yes,36,Yes,Yes,DSL,No,No,No,No,No,No,Month-to-month,Yes,Mailed check,69.66,2642.97,1,1,4.8,No
CUST-00909,Male,0,Yes,No,67,Yes,Yes,DSL,No,Yes,Yes,Yes,No,Yes,Two year,No,Credit card (automatic),47.52,2959.52,3,0,5.0,No
CUST-00910,Male,0,No,No,67,Yes,Yes,DSL,No,No,No,No,Yes,Yes,One year,Yes,Bank transfer (automatic),60.8,4143.09,2,0,4.5,No
CUST-00911,Female,0,Yes,No,45,Yes,No,Fiber optic,No,No,No,No,No,No,One year,Yes,Electronic check,77.3,3456.03,3,0,3.9,Yes
CUST-00912,Male,0,No,No,61,Yes,Yes,Fiber optic,Yes,Yes,Yes,No,No,No,Month-to-month,Yes,Credit card (automatic),76.78,4421.58,1,0,4.6,Yes
CUST-00913,Male,1,No,Yes,48,Yes,No,Fiber optic,No,No,No,Yes,No,No,Month-to-month,No,Mailed check,82.11,3660.76,3,3,3.6,No
CUST-00914,Female,0,Yes,No,53,Yes,Yes,Fiber optic,Yes,No,No,No,No,No,Two year,Yes,Electronic check,97.95,5473.26,3,3,3.7,No
CUST-00915,Female,0,Yes,No,18,Yes,No,No,No internet service,No internet service,No internet service,No internet service,No internet service,No internet service,Month-to-month,Yes,Credit card (automatic),38.46,739.79,2,2,4.8,No
CUST-00916,Male,0,Yes,Yes,71,Yes,No,Fiber optic,No,No,Yes,No,No,No,One year,Yes,Mailed check,80.39,5781.06,4,0,4.0,No
CUST-00917,Female,0,No,No,14,Yes,Yes,Fiber optic,Yes,No,No,No,No,No,Two year,No,Electronic check,120.0,1813.13,1,0,4.5,No
CUST-00918,Female,0,Yes,Yes,51,Yes,Yes,Fiber optic,No,Yes,No,Yes,No,Yes,One year,No,Credit card (automatic),108.24,5303.99,3,1,4.0,No
CUST-00919,Male,0,Yes,Yes,44,Yes,No,Fiber optic,Yes,No,No,No,Yes,No,One year,Yes,Electronic check,81.01,3321.41,3,0,5.0,No
CUST-00920,Female,0,No,No,7,Yes,No,Fiber optic,No,No,Yes,No,Yes,Yes,Month-to-month,Yes,Mailed check,97.06,716.32,3,1,3.6,No
CUST-00921,Female,0,Yes,Yes,56,Yes,Yes,DSL,No,Yes,Yes,No,No,No,Month-to-month,Yes,Mailed check,86.7,4676.18,3,3,3.7,No
CUST-00922,Female,1,No,No,6,Yes,Yes,No,No internet service,No internet service,No internet service,No internet service,No internet service,No internet service,One year,Yes,Bank transfer (automatic),21.66,131.06,0,1,4.8,No
CUST-00923,Male,0,No,Yes,37,Yes,No,Fiber optic,No,No,Yes,No,No,No,Two year,Yes,Electronic check,116.71,4192.74,0,0,5.0,No
CUST-00924,Male,1,Yes,No,59,Yes,No,No,No internet service,No internet service,No internet service,No internet service,No internet service,No internet service,Month-to-month,No,Bank transfer (automatic),34.7,1995.17,1,1,4.3,No
CUST-00925,Male,0,Yes,No,10,Yes,No,Fiber optic,No,Yes,Yes,Yes,No,Yes,One year,Yes,Bank transfer (automatic),101.31,1076.79,2,0,5.0,No
CUST-00926,Female,0,No,No,26,Yes,Yes,Fiber optic,No,No,No,No,No,No,Month-to-month,Yes,Electronic check,84.34,2190.63,6,0,4.0,No
CUST-00927,Female,0,No,No,37,Yes,No,DSL,Yes,No,No,Yes,No,No,Month-to-month,Yes,Credit card (automatic),74.82,2572.63,1,1,3.8,No
CUST-00928,Male,0,Yes,No,67,Yes,No,Fiber optic,No,No,No,No,No,No,Month-to-month,Yes,Electronic check,101.81,6957.3,3,1,4.4,Yes
CUST-00929,Male,0,No,No,28,Yes,No,Fiber optic,No,No,No,No,No,Yes,Month-to-month,No,Credit card (automatic),73.67,2219.27,1,2,4.4,No
CUST-00930,Female,1,No,Yes,9,Yes,No,No,No internet service,No internet service,No internet service,No internet service,No internet service,No internet service,Month-to-month,No,Credit card (automatic),30.35,261.5,1,1,4.2,No
CUST-00931,Female,0,Yes,No,10,No,No phone service,No,No internet service,No internet service,No internet service,No internet service,No internet service,No internet service,Month-to-month,Yes,Bank transfer (automatic),37.12,382.51,0,0,5.0,No
CUST-00932,Female,0,No,No,15,Yes,No,Fiber optic,No,Yes,Yes,Yes,No,No,One year,No,Mailed check,82.11,1217.88,5,0,4.4,No
CUST-00933,Male,0,No,Yes,63,Yes,No,No,No internet service,No internet service,No internet service,No internet service,No internet service,No internet service,Month-to-month,No,Mailed check,44.25,2690.16,1,2,4.4,No
CUST-00934,Female,0,Yes,No,56,Yes,No,No,No internet service,No internet service,No internet service,No internet service,No internet service,No internet service,Month-to-month,No,Bank transfer (automatic),31.36,1873.63,0,3,4.1,No
CUST-00935,Male,0,No,No,31,No,No phone service,No,No internet service,No internet service,No internet service,No internet service,No internet service,No internet service,Month-to-month,Yes,Electronic check,47.18,1354.94,0,4,3.5,No
CUST-00936,Female,0,Yes,Yes,62,Yes,No,Fiber optic,Yes,Yes,No,Yes,No,No,Month-to-month,Yes,Electronic check,87.53,5804.08,0,2,5.0,No
CUST-00937,Male,0,Yes,No,67,Yes,Yes,DSL,No,No,No,Yes,No,Yes,Month-to-month,No,Mailed check,71.8,4490.56,3,1,4.7,No
CUST-00938,Male,0,Yes,No,63,Yes,Yes,No,No internet service,No internet service,No internet service,No internet service,No internet service,No internet service,One year,Yes,Credit card (automatic),47.66,3102.63,2,0,3.8,No
CUST-00939,Male,0,No,No,1,Yes,No,Fiber optic,No,No,Yes,No,No,No,Month-to-month,Yes,Electronic check,105.29,96.89,3,3,3.7,No
CUST-00940,Female,0,No,Yes,8,Yes,Yes,Fiber optic,No,Yes,No,No,Yes,Yes,Two year,Yes,Electronic check,82.87,703.22,7,0,3.2,No
CUST-00941,Female,0,No,No,53,Yes,No,Fiber optic,No,No,No,Yes,Yes,No,Month-to-month,No,Credit card (automatic),82.39,4531.03,1,5,4.1,No
CUST-00942,Male,0,Yes,No,28,Yes,Yes,DSL,Yes,Yes,No,No,Yes,No,Month-to-month,No,Credit card (automatic),82.95,2152.49,1,3,4.4,Yes
CUST-00943,Female,0,No,Yes,12,Yes,Yes,DSL,Yes,No,No,No,No,No,Month-to-month,No,Mailed check,48.66,602.8,0,3,3.4,No
CUST-00944,Male,0,No,No,47,Yes,Yes,DSL,No,No,No,No,No,Yes,Month-to-month,Yes,Bank transfer (automatic),63.97,3096.71,0,0,5.0,No
CUST-00945,Male,0,Yes,Yes,26,Yes,No,Fiber optic,Yes,No,No,Yes,No,Yes,Month-to-month,No,Electronic check,84.11,2172.34,6,4,2.8,No
CUST-00946,Male,1,Yes,Yes,67,Yes,Yes,Fiber optic,No,No,No,No,No,No,Two year,No,Credit card (automatic),89.24,6362.33,3,1,4.3,No
CUST-00947,Female,0,No,Yes,42,Yes,No,Fiber optic,Yes,Yes,No,No,No,No,Month-to-month,No,Credit card (automatic),86.38,3868.42,7,3,3.1,No
CUST-00948,Male,0,Yes,Yes,18,Yes,Yes,DSL,No,Yes,No,Yes,No,Yes,Month-to-month,No,Electronic check,73.46,1320.42,2,2,5.0,No
CUST-00949,Female,1,No,Yes,68,No,No phone service,DSL,No,No,Yes,No,Yes,No,Month-to-month,Yes,Bank transfer (automatic),49.19,3077.6,2,4,3.6,No
CUST-00950,Male,0,No,No,44,Yes,No,Fiber optic,No,No,Yes,No,No,No,One year,No,Electronic check,93.69,4264.23,1,1,4.8,No
CUST-00951,Male,0,Yes,No,22,Yes,No,DSL,No,Yes,No,Yes,No,Yes,One year,Yes,Mailed check,45.22,1010.74,2,0,5.0,No
CUST-00952,Male,1,No,Yes,11,Yes,No,No,No internet service,No internet service,No internet service,No internet service,No internet service,No internet service,Month-to-month,Yes,Electronic check,36.88,408.11,3,3,3.9,No
CUST-00953,Female,1,No,No,40,Yes,No,Fiber optic,Yes,Yes,No,No,No,No,Month-to-month,Yes,Credit card (automatic),101.39,4038.35,2,2,4.8,Yes
CUST-00954,Male,0,No,Yes,54,Yes,No,Fiber optic,No,Yes,No,Yes,No,Yes,One year,No,Mailed check,114.09,6074.3,3,0,4.1,No
CUST-00955,Female,0,No,No,61,Yes,Yes,Fiber optic,No,Yes,No,No,No,No,One year,Yes,Credit card (automatic),94.1,5677.71,2,1,4.8,No
CUST-00956,Female,0,Yes,No,10,Yes,Yes,Fiber optic,No,No,Yes,No,Yes,No,One year,Yes,Bank transfer (automatic),103.46,966.5,5,0,5.0,No
CUST-00957,Male,1,No,No,32,Yes,No,DSL,No,No,No,No,No,No,One year,No,Mailed check,78.96,2361.72,1,0,4.5,No
CUST-00958,Female,1,Yes,No,72,Yes,No,Fiber optic,No,Yes,No,No,No,No,Two year,Yes,Bank transfer (automatic),79.89,5361.66,0,1,4.5,No
CUST-00959,Female,0,Yes,Yes,48,Yes,No,DSL,No,Yes,No,No,No,Yes,Month-to-month,Yes,Electronic check,54.16,2491.28,2,6,3.4,Yes
CUST-00960,Male,0,Yes,Yes,7,Yes,No,Fiber optic,No,No,No,No,Yes,No,Month-to-month,No,Mailed check,68.92,447.73,4,1,3.5,No
CUST-00961,Male,0,Yes,No,67,Yes,Yes,Fiber optic,No,No,No,No,No,No,Two year,No,Electronic check,82.86,5991.29,2,0,5.0,No
CUST-00962,Male,0,Yes,No,50,Yes,Yes,Fiber optic,No,No,No,Yes,No,Yes,Month-to-month,Yes,Credit card (automatic),120.0,6208.35,3,1,4.4,No
CUST-00963,Female,0,Yes,No,34,Yes,No,Fiber optic,No,Yes,No,Yes,No,No,Two year,Yes,Credit card (automatic),103.42,3518.67,3,0,4.6,No
CUST-00964,Male,0,No,No,56,Yes,No,No,No internet service,No internet service,No internet service,No internet service,No internet service,No internet service,One year,No,Bank transfer (automatic),18.0,975.79,4,1,4.6,No
CUST-00965,Female,0,Yes,No,47,Yes,No,Fiber optic,No,Yes,No,No,No,Yes,One year,Yes,Credit card (automatic),107.64,5372.8,2,0,5.0,No
CUST-00966,Female,0,Yes,No,19,Yes,No,DSL,No,No,No,No,No,No,Two year,No,Electronic check,50.52,930.81,0,0,5.0,No
CUST-00967,Female,0,Yes,No,58,Yes,Yes,Fiber optic,No,No,No,No,No,No,One year,No,Electronic check,81.13,5064.21,2,0,4.7,Yes
CUST-00968,Male,0,No,Yes,19,No,No phone service,Fiber optic,No,No,Yes,No,Yes,Yes,Month-to-month,Yes,Bank transfer (automatic),106.92,2060.84,3,2,4.1,Yes
CUST-00969,Female,0,Yes,Yes,17,Yes,Yes,Fiber optic,No,No,No,No,Yes,No,Month-to-month,Yes,Electronic check,94.87,,2,1,4.5,Yes
CUST-00970,Male,0,No,No,43,Yes,Yes,Fiber optic,Yes,No,No,No,No,Yes,Month-to-month,Yes,Mailed check,88.55,3556.24,3,2,4.3,No
CUST-00971,Male,1,No,Yes,2,Yes,No,Fiber optic,No,No,No,No,No,Yes,Month-to-month,Yes,Bank transfer (automatic),73.94,152.7,2,2,3.9,No
CUST-00972,Male,0,Yes,No,46,Yes,No,Fiber optic,No,Yes,No,No,No,Yes,Month-to-month,No,Electronic check,114.08,4946.28,2,6,3.2,No
CUST-00973,Male,0,No,No,40,No,No phone service,Fiber optic,No,Yes,No,No,No,No,Month-to-month,No,Mailed check,90.78,3540.89,5,2,3.4,Yes
CUST-00974,Male,0,Yes,No,52,Yes,No,No,No internet service,No internet service,No internet service,No internet service,No internet service,No internet service,Month-to-month,No,Credit card (automatic),30.58,1713.78,0,0,4.7,No
CUST-00975,Male,0,No,No,12,Yes,Yes,Fiber optic,No,Yes,No,No,No,No,One year,No,Mailed check,85.55,953.99,7,0,3.7,No
CUST-00976,Male,0,Yes,No,42,No,No phone service,Fiber optic,No,No,No,Yes,Yes,No,Month-to-month,Yes,Bank transfer (automatic),111.78,4420.89,3,1,3.9,No
CUST-00977,Male,0,No,No,32,Yes,Yes,DSL,No,Yes,No,No,Yes,No,Month-to-month,No,Credit card (automatic),50.33,1593.03,0,2,5.0,Yes
CUST-00978,Female,0,No,No,13,Yes,Yes,DSL,No,No,No,No,No,Yes,One year,Yes,Bank transfer (automatic),57.18,,1,0,4.2,Yes
CUST-00979,Male,0,Yes,Yes,33,Yes,No,DSL,Yes,No,No,No,No,No,One year,Yes,Credit card (automatic),45.06,1516.85,1,1,5.0,No
CUST-00980,Female,0,Yes,No,67,Yes,Yes,DSL,Yes,No,No,No,Yes,Yes,Month-to-month,Yes,Electronic check,36.44,2575.4,1,3,4.8,No
CUST-00981,Female,0,Yes,Yes,60,Yes,Yes,DSL,Yes,No,No,No,No,No,Month-to-month,Yes,Electronic check,59.71,3566.24,1,3,4.5,No
CUST-00982,Female,0,Yes,Yes,12,Yes,No,Fiber optic,No,No,No,No,Yes,No,Month-to-month,No,Bank transfer (automatic),98.28,1190.7,3,1,4.9,No
CUST-00983,Female,0,No,No,61,Yes,No,DSL,Yes,Yes,No,Yes,No,Yes,Two year,No,Mailed check,48.92,2993.97,1,0,4.1,No
CUST-00984,Female,0,No,Yes,41,Yes,Yes,DSL,No,Yes,No,Yes,No,Yes,Month-to-month,No,Bank transfer (automatic),68.37,2756.74,1,2,5.0,No
CUST-00985,Female,0,No,Yes,4,No,No phone service,Fiber optic,Yes,Yes,No,No,Yes,Yes,Two year,Yes,Electronic check,92.99,397.61,5,1,4.2,No
CUST-00986,Female,0,No,Yes,67,Yes,Yes,No,No internet service,No internet service,No internet service,No internet service,No internet service,No internet service,Two year,Yes,Electronic check,25.98,1621.65,4,0,4.1,No
CUST-00987,Female,0,No,No,38,Yes,No,DSL,Yes,No,No,No,No,Yes,One year,Yes,Mailed check,69.09,2754.99,3,0,4.7,No
CUST-00988,Male,0,No,No,66,Yes,No,No,No internet service,No internet service,No internet service,No internet service,No internet service,No internet service,Two year,No,Electronic check,18.0,1237.96,3,1,3.5,No
CUST-00989,Male,1,Yes,Yes,8,Yes,No,No,No internet service,No internet service,No internet service,No internet service,No internet service,No internet service,Month-to-month,Yes,Bank transfer (automatic),39.84,317.65,2,1,4.5,Yes
CUST-00990,Female,1,Yes,No,13,Yes,No,No,No internet service,No internet service,No internet service,No internet service,No internet service,No internet service,Month-to-month,No,Electronic check,36.03,491.03,1,3,4.4,Yes
CUST-00991,Male,1,Yes,Yes,65,No,No phone service,Fiber optic,No,No,No,No,No,No,One year,Yes,Electronic check,101.0,6072.32,4,0,4.7,Yes
CUST-00992,Female,0,Yes,No,18,Yes,Yes,No,No internet service,No internet service,No internet service,No internet service,No internet service,No internet service,Month-to-month,Yes,Mailed check,35.76,624.79,1,2,4.6,Yes
CUST-00993,Male,0,Yes,Yes,40,Yes,No,Fiber optic,Yes,No,Yes,No,No,No,One year,Yes,Bank transfer (automatic),80.08,3417.19,5,1,4.7,No
CUST-00994,Male,0,Yes,No,44,Yes,Yes,Fiber optic,No,Yes,No,No,Yes,No,Two year,No,Credit card (automatic),100.81,4664.79,4,1,3.9,No
CUST-00995,Female,0,Yes,No,69,Yes,Yes,DSL,No,Yes,No,No,No,No,One year,No,Electronic check,40.26,2978.46,0,0,5.0,No
CUST-00996,Female,0,Yes,No,25,Yes,No,DSL,No,No,Yes,No,No,Yes,Month-to-month,Yes,Bank transfer (automatic),59.61,1532.49,3,1,4.5,No
CUST-00997,Female,0,Yes,No,55,Yes,Yes,No,No internet service,No internet service,No internet service,No internet service,No internet service,No internet service,Month-to-month,Yes,Bank transfer (automatic),25.65,1327.94,3,1,4.5,No
CUST-00998,Male,0,Yes,No,53,Yes,No,Fiber optic,No,Yes,No,Yes,No,Yes,Month-to-month,No,Electronic check,75.19,4278.59,2,1,3.8,No
CUST-00999,Female,0,Yes,No,51,Yes,No,DSL,No,No,Yes,No,Yes,No,Month-to-month,No,Electronic check,49.81,2527.63,2,1,5.0,No
CUST-01000,Female,0,No,No,38,Yes,No,DSL,No,No,Yes,Yes,No,No,Two year,Yes,Bank transfer (automatic),88.55,3630.77,5,0,3.8,No
CUST-01001,Female,0,No,No,6,No,No phone service,Fiber optic,Yes,No,No,No,Yes,Yes,Month-to-month,No,Mailed check,85.06,521.54,2,2,4.8,No
CUST-01002,Female,0,No,No,20,No,No phone service,No,No internet service,No internet service,No internet service,No internet service,No internet service,No internet service,Two year,Yes,Credit card (automatic),45.49,952.11,4,0,4.5,No
CUST-01003,Female,1,Yes,Yes,41,Yes,No,No,No internet service,No internet service,No internet service,No internet service,No internet service,No internet service,One year,Yes,Bank transfer (automatic),42.19,1662.22,2,0,4.4,No
CUST-01004,Female,0,Yes,Yes,30,Yes,No,DSL,No,No,No,No,Yes,No,One year,No,Electronic check,60.7,1782.53,2,1,4.3,No
CUST-01005,Male,0,Yes,Yes,14,Yes,No,DSL,No,No,No,No,No,Yes,One year,No,Bank transfer (automatic),73.56,947.81,0,0,4.2,No
CUST-01006,Female,0,Yes,No,50,Yes,No,DSL,No,Yes,No,Yes,No,No,Month-to-month,Yes,Electronic check,32.1,1675.8,2,4,2.9,No
CUST-01007,Female,0,Yes,No,34,Yes,No,Fiber optic,No,No,No,No,Yes,Yes,One year,No,Bank transfer (automatic),101.61,3381.61,6,0,4.1,No
CUST-01008,Female,0,No,Yes,57,Yes,No,Fiber optic,No,No,Yes,No,Yes,Yes,Month-to-month,Yes,Credit card (automatic),119.89,6357.72,1,0,5.0,No
CUST-01009,Female,0,Yes,No,40,Yes,No,Fiber optic,No,No,No,Yes,Yes,No,Month-to-month,Yes,Electronic check,80.93,,3,2,3.0,Yes
CUST-01010,Female,0,Yes,No,27,Yes,No,Fiber optic,Yes,Yes,No,Yes,No,No,Two year,No,Electronic check,120.0,3138.41,6,1,4.5,No
CUST-01011,Male,0,No,No,8,Yes,No,DSL,No,No,No,No,No,No,Month-to-month,No,Electronic check,70.42,606.89,3,0,4.3,No
CUST-01012,Female,0,No,No,8,Yes,Yes,DSL,No,No,No,No,No,No,One year,Yes,Electronic check,55.12,406.6,4,0,4.1,No
CUST-01013,Male,1,Yes,No,37,Yes,Yes,DSL,Yes,Yes,No,No,Yes,Yes,Month-to-month,No,Electronic check,34.26,1260.12,1,2,4.5,No
CUST-01014,Male,0,Yes,Yes,26,Yes,Yes,Fiber optic,Yes,No,No,Yes,Yes,No,Month-to-month,Yes,Electronic check,115.63,3123.17,2,3,4.4,No
CUST-01015,Female,0,No,No,52,Yes,No,Fiber optic,No,Yes,No,No,No,No,Month-to-month,Yes,Mailed check,120.0,6048.92,4,2,3.5,Yes
CUST-01016,Female,0,Yes,Yes,46,Yes,Yes,No,No internet service,No internet service,No internet service,No internet service,No internet service,No internet service,Month-to-month,No,Credit card (automatic),47.94,2167.62,3,2,4.8,No
CUST-01017,Male,0,No,Yes,21,Yes,Yes,DSL,No,No,Yes,Yes,Yes,No,One year,Yes,Electronic check,49.99,1022.97,1,0,5.0,No
CUST-01018,Male,0,No,No,55,Yes,Yes,No,No internet service,No internet service,No internet service,No internet service,No internet service,No internet service,Month-to-month,Yes,Mailed check,42.86,2187.05,1,2,4.6,No
CUST-01019,Male,0,Yes,No,41,Yes,No,DSL,Yes,No,No,Yes,Yes,No,Month-to-month,No,Electronic check,38.9,1478.64,2,0,5.0,No
CUST-01020,Male,0,No,No,64,Yes,Yes,Fiber optic,No,Yes,No,No,No,No,Month-to-month,Yes,Bank transfer (automatic),69.43,4643.95,2,1,4.5,No
CUST-01021,Male,0,Yes,Yes,69,No,No phone service,DSL,No,No,No,Yes,No,Yes,Month-to-month,Yes,Credit card (automatic),74.15,5375.21,1,4,4.1,No
CUST-01022,Male,0,Yes,No,70,Yes,No,DSL,Yes,Yes,No,No,No,No,One year,Yes,Mailed check,48.41,3278.74,2,1,4.7,Yes
CUST-01023,Female,0,Yes,No,10,Yes,No,DSL,No,No,No,No,Yes,Yes,Month-to-month,Yes,Credit card (automatic),44.9,483.79,0,2,4.8,No
CUST-01024,Female,1,No,No,39,Yes,No,DSL,No,Yes,No,Yes,Yes,No,Month-to-month,No,Credit card (automatic),35.18,1279.18,3,1,4.3,No
CUST-01025,Female,0,Yes,No,3,Yes,Yes,Fiber optic,Yes,No,No,No,No,No,Month-to-month,Yes,Mailed check,83.11,255.87,1,0,4.6,No
CUST-01026,Male,1,Yes,No,64,Yes,No,No,No internet service,No internet service,No internet service,No internet service,No internet service,No internet service,Month-to-month,Yes,Electronic check,21.65,1347.56,3,3,4.0,No
CUST-01027,Male,0,No,No,51,Yes,No,Fiber optic,No,No,No,Yes,No,No,Month-to-month,No,Credit card (automatic),86.78,4400.04,1,2,5.0,No
CUST-01028,Male,0,Yes,No,19,Yes,Yes,No,No internet service,No internet service,No internet service,No internet service,No internet service,No internet service,One year,Yes,Credit card (automatic),37.73,702.34,1,3,4.4,No
CUST-01029,Female,0,No,No,44,Yes,Yes,Fiber optic,No,No,No,No,No,No,Month-to-month,Yes,Bank transfer (automatic),96.92,3950.32,5,1,4.4,No
CUST-01030,Male,1,No,No,41,Yes,No,No,No internet service,No internet service,No internet service,No internet service,No internet service,No internet service,Month-to-month,No,Mailed check,19.43,841.51,0,2,4.9,No
CUST-01031,Male,0,No,No,40,Yes,No,DSL,No,No,No,No,Yes,No,Two year,No,Electronic check,73.5,3079.15,2,0,4.6,No
CUST-01032,Male,0,No,No,39,Yes,No,No,No internet service,No internet service,No internet service,No internet service,No internet service,No internet service,Month-to-month,No,Electronic check,24.25,879.21,2,6,3.4,No
CUST-01033,Female,0,No,Yes,71,Yes,No,Fiber optic,Yes,No,Yes,No,No,No,One year,No,Mailed check,86.2,6292.94,2,0,4.5,No
CUST-01034,Male,0,Yes,No,56,Yes,No,Fiber optic,No,No,No,Yes,No,No,Two year,Yes,Bank transfer (automatic),82.26,4493.68,5,0,4.5,No
CUST-01035,Male,0,No,Yes,29,Yes,No,Fiber optic,No,No,No,Yes,No,No,One year,No,Electronic check,83.52,2299.68,0,0,5.0,No
CUST-01036,Female,0,No,No,56,Yes,Yes,DSL,No,No,Yes,No,No,Yes,Month-to-month,Yes,Bank transfer (automatic),44.83,2405.13,0,1,4.0,No
CUST-01037,Female,0,No,Yes,11,Yes,Yes,DSL,No,No,No,No,No,No,Month-to-month,No,Bank transfer (automatic),38.01,390.84,2,3,4.1,Yes
CUST-01038,Male,1,No,No,21,Yes,Yes,Fiber optic,No,No,No,No,Yes,No,Month-to-month,No,Credit card (automatic),82.92,1643.35,5,4,3.2,No
CUST-01039,Male,0,No,No,9,Yes,Yes,Fiber optic,No,No,No,No,Yes,Yes,Month-to-month,No,Bank transfer (automatic),99.46,890.82,4,2,4.1,Yes
CUST-01040,Female,0,No,Yes,64,Yes,Yes,No,No internet service,No internet service,No internet service,No internet service,No internet service,No internet service,One year,Yes,Credit card (automatic),47.04,3165.69,0,0,4.4,No
CUST-01041,Female,0,Yes,No,2,Yes,No,DSL,Yes,No,No,Yes,No,Yes,Month-to-month,No,Electronic check,64.48,129.86,0,2,4.7,No
CUST-01042,Female,0,No,No,65,Yes,No,DSL,No,Yes,No,No,No,No,One year,Yes,Credit card (automatic),66.34,4341.92,2,0,4.7,No
CUST-01043,Male,0,No,Yes,60,Yes,Yes,Fiber optic,No,Yes,Yes,No,Yes,No,Two year,Yes,Credit card (automatic),105.43,6638.4,1,0,5.0,No
CUST-01044,Male,1,No,Yes,69,Yes,No,Fiber optic,Yes,No,Yes,Yes,No,No,Month-to-month,No,Bank transfer (automatic),81.17,5928.22,3,2,4.8,No
CUST-01045,Female,0,Yes,No,56,Yes,No,DSL,Yes,No,Yes,Yes,No,No,Month-to-month,No,Mailed check,44.08,2518.32,1,1,4.4,No
CUST-01046,Male,0,Yes,No,33,No,No phone service,Fiber optic,Yes,Yes,No,No,No,No,Month-to-month,Yes,Electronic check,75.92,2489.33,3,6,3.5,Yes
CUST-01047,Male,0,No,No,59,Yes,Yes,Fiber optic,Yes,Yes,Yes,No,Yes,Yes,One year,Yes,Electronic check,109.35,6175.69,0,1,4.7,No
CUST-01048,Female,0,Yes,No,72,Yes,No,DSL,Yes,No,No,No,No,No,Month-to-month,No,Mailed check,69.13,4679.46,0,2,3.9,No
CUST-01049,Female,0,No,No,65,Yes,No,DSL,Yes,Yes,No,No,No,No,Month-to-month,No,Mailed check,46.5,3083.07,0,0,4.6,No
CUST-01050,Male,0,No,No,57,Yes,No,DSL,No,No,Yes,Yes,No,No,Two year,Yes,Bank transfer (automatic),41.11,2483.2,3,0,4.9,No
CUST-01051,Female,1,Yes,No,56,Yes,Yes,Fiber optic,No,Yes,Yes,No,No,No,Month-to-month,No,Electronic check,85.19,5059.5,2,3,3.7,No
CUST-01052,Male,0,Yes,No,48,No,No phone service,DSL,Yes,Yes,No,No,No,No,One year,Yes,Electronic check,83.04,3937.11,4,0,4.2,No
CUST-01053,Female,0,No,No,65,Yes,No,Fiber optic,No,Yes,No,Yes,Yes,No,Month-to-month,Yes,Electronic check,109.65,6743.45,5,1,4.5,No
CUST-01054,Female,0,Yes,No,32,Yes,Yes,No,No internet service,No internet service,No internet service,No internet service,No internet service,No internet service,Month-to-month,Yes,Credit card (automatic),36.18,1233.33,4,1,3.5,No
CUST-01055,Male,0,No,No,37,Yes,No,DSL,Yes,Yes,No,No,No,Yes,Two year,Yes,Electronic check,65.77,2465.2,3,0,5.0,No
CUST-01056,Female,1,Yes,No,61,No,No phone service,DSL,No,No,No,No,No,Yes,One year,No,Mailed check,57.55,3436.27,0,1,4.8,No
CUST-01057,Male,0,Yes,No,19,Yes,Yes,DSL,No,Yes,Yes,Yes,Yes,Yes,One year,Yes,Mailed check,73.27,1307.68,0,1,5.0,No
CUST-01058,Female,1,Yes,No,56,Yes,No,No,No internet service,No internet service,No internet service,No internet service,No internet service,No internet service,One year,Yes,Bank transfer (automatic),40.34,2302.36,0,0,5.0,No
CUST-01059,Male,0,No,No,8,Yes,Yes,Fiber optic,No,No,No,No,Yes,No,One year,No,Electronic check,117.24,902.59,5,0,4.2,No
CUST-01060,Male,0,No,No,43,Yes,No,No,No internet service,No internet service,No internet service,No internet service,No internet service,No internet service,Month-to-month,No,Credit card (automatic),29.61,1308.81,1,0,5.0,No
CUST-01061,Female,1,No,No,3,Yes,No,No,No internet service,No internet service,No internet service,No internet service,No internet service,No internet service,Month-to-month,Yes,Mailed check,18.0,56.21,0,2,4.4,No
CUST-01062,Female,0,No,Yes,72,No,No phone service,No,No internet service,No internet service,No internet service,No internet service,No internet service,No internet service,Two year,No,Electronic check,39.19,2702.91,2,1,4.9,No
CUST-01063,Male,0,No,No,61,Yes,No,No,No internet service,No internet service,No internet service,No internet service,No internet service,No internet service,One year,No,Electronic check,18.38,1088.34,3,0,5.0,No
CUST-01064,Female,0,Yes,No,18,Yes,Yes,DSL,No,Yes,Yes,No,No,Yes,Two year,No,Credit card (automatic),49.49,886.98,0,0,5.0,No
CUST-01065,Female,0,No,No,11,Yes,Yes,Fiber optic,No,No,Yes,Yes,Yes,No,One year,Yes,Mailed check,85.09,941.23,2,0,4.9,Yes
CUST-01066,Male,0,No,No,47,Yes,Yes,No,No internet service,No internet service,No internet service,No internet service,No internet service,No internet service,One year,No,Mailed check,27.5,1335.71,1,0,5.0,No
CUST-01067,Female,0,Yes,Yes,65,Yes,No,Fiber optic,Yes,Yes,Yes,No,No,No,One year,No,Credit card (automatic),79.07,4786.23,2,0,5.0,No
CUST-01068,Female,0,No,No,24,Yes,No,Fiber optic,No,Yes,No,No,Yes,No,Two year,Yes,Credit card (automatic),94.08,2345.8,2,0,5.0,No
CUST-01069,Male,1,Yes,Yes,70,No,No phone service,No,No internet service,No internet service,No internet service,No internet service,No internet service,No internet service,Two year,No,Credit card (automatic),27.17,2029.23,1,1,5.0,No
CUST-01070,Male,0,Yes,Yes,33,Yes,No,Fiber optic,No,No,Yes,No,Yes,No,Month-to-month,Yes,Electronic check,73.98,2498.03,4,5,3.2,Yes
CUST-01071,Female,0,No,Yes,32,Yes,No,Fiber optic,No,No,Yes,No,Yes,Yes,Month-to-month,No,Mailed check,114.35,3544.93,2,2,4.6,No
CUST-01072,Male,0,No,No,25,Yes,No,Fiber optic,No,No,No,No,No,No,Month-to-month,Yes,Bank transfer (automatic),118.42,3070.7,1,1,4.9,No
CUST-01073,Female,0,Yes,No,20,Yes,Yes,DSL,No,Yes,No,No,Yes,Yes,Month-to-month,Yes,Credit card (automatic),59.6,1157.44,3,3,4.1,No
CUST-01074,Female,0,No,No,25,Yes,Yes,DSL,No,No,No,No,No,Yes,Month-to-month,No,Mailed check,61.77,1439.36,3,3,3.2,Yes
CUST-01075,Male,0,Yes,No,13,Yes,No,Fiber optic,No,No,No,Yes,No,Yes,Month-to-month,Yes,Mailed check,119.94,1493.06,2,2,4.2,Yes
CUST-01076,Male,0,No,No,28,Yes,Yes,No,No internet service,No internet service,No internet service,No internet service,No internet service,No internet service,Month-to-month,No,Mailed check,38.95,1132.37,2,2,4.7,No
CUST-01077,Female,0,No,Yes,21,Yes,No,No,No internet service,No internet service,No internet service,No internet service,No internet service,No internet service,Month-to-month,Yes,Bank transfer (automatic),22.39,460.32,3,4,3.4,Yes
CUST-01078,Male,0,Yes,No,5,Yes,No,DSL,No,No,No,No,Yes,No,One year,Yes,Bank transfer (automatic),40.11,214.94,3,0,5.0,Yes
CUST-01079,Male,0,No,Yes,27,Yes,No,No,No internet service,No internet service,No internet service,No internet service,No internet service,No internet service,Month-to-month,Yes,Credit card (automatic),47.68,1349.67,0,1,5.0,No
CUST-01080,Female,0,No,Yes,3,Yes,Yes,DSL,No,No,No,Yes,No,Yes,One year,Yes,Bank transfer (automatic),42.95,122.14,3,1,3.9,Yes
CUST-01081,Female,0,No,Yes,14,Yes,No,Fiber optic,No,Yes,No,Yes,No,Yes,Two year,Yes,Credit card (automatic),74.2,1092.03,3,0,4.4,No
CUST-01082,Female,0,Yes,No,53,Yes,No,No,No internet service,No internet service,No internet service,No internet service,No internet service,No internet service,Month-to-month,No,Credit card (automatic),32.0,1824.49,1,0,4.4,No
CUST-01083,Female,0,Yes,No,2,Yes,No,No,No internet service,No internet service,No internet service,No internet service,No internet service,No internet service,Month-to-month,Yes,Electronic check,35.24,74.01,1,1,4.6,No
CUST-01084,Female,0,No,No,23,Yes,Yes,Fiber optic,No,Yes,No,No,Yes,Yes,One year,Yes,Electronic check,94.25,2252.89,4,1,4.7,No
CUST-01085,Male,0,No,No,50,Yes,Yes,Fiber optic,No,Yes,Yes,No,No,Yes,One year,No,Credit card (automatic),87.13,4132.02,3,0,5.0,No
CUST-01086,Female,1,No,No,2,Yes,Yes,Fiber optic,Yes,Yes,Yes,Yes,No,Yes,Month-to-month,No,Bank transfer (automatic),84.18,158.68,3,1,4.1,Yes
CUST-01087,Female,0,No,No,54,Yes,Yes,Fiber optic,No,No,No,No,Yes,No,Month-to-month,Yes,Electronic check,109.53,5892.02,2,5,4.2,No
CUST-01088,Female,0,No,Yes,6,No,No phone service,DSL,No,No,Yes,No,No,No,Two year,No,Mailed check,34.55,199.58,2,0,4.8,No
CUST-01089,Female,0,Yes,No,4,Yes,No,DSL,Yes,Yes,No,No,No,No,Month-to-month,No,Mailed check,49.3,190.72,1,1,4.9,No
CUST-01090,Male,0,No,Yes,15,Yes,Yes,No,No internet service,No internet service,No internet service,No internet service,No internet service,No internet service,Two year,Yes,Electronic check,22.45,314.48,1,0,5.0,No
CUST-01091,Female,0,No,Yes,62,Yes,No,DSL,No,Yes,No,No,No,No,Month-to-month,Yes,Credit card (automatic),49.71,3027.87,2,1,4.1,No
CUST-01092,Male,0,Yes,No,4,Yes,No,Fiber optic,No,No,No,Yes,No,Yes,Month-to-month,Yes,Electronic check,74.63,288.04,1,3,4.5,Yes
CUST-01093,Female,0,Yes,Yes,8,Yes,No,Fiber optic,No,No,No,No,No,No,Two year,No,Mailed check,87.95,749.04,6,1,4.3,No
CUST-01094,Male,0,No,Yes,69,Yes,No,DSL,Yes,No,No,No,No,No,Two year,No,Credit card (automatic),69.98,5127.21,2,0,4.2,No
CUST-01095,Male,0,No,No,44,Yes,No,DSL,Yes,No,Yes,No,No,No,Month-to-month,No,Credit card (automatic),55.22,2565.38,1,0,4.5,No
CUST-01096,Male,0,No,No,41,Yes,No,DSL,No,No,No,Yes,Yes,Yes,Month-to-month,Yes,Electronic check,62.87,2610.19,2,1,4.4,No
CUST-01097,Female,0,Yes,No,3,Yes,Yes,DSL,Yes,Yes,No,No,No,No,Month-to-month,Yes,Electronic check,63.71,192.12,2,3,4.4,Yes
CUST-01098,Female,0,No,Yes,29,Yes,No,Fiber optic,Yes,No,No,No,No,Yes,Two year,No,Electronic check,81.3,2233.28,5,0,4.8,No
CUST-01099,Male,0,Yes,No,42,Yes,Yes,Fiber optic,Yes,No,No,No,No,No,Two year,No,Electronic check,95.98,3785.97,3,0,4.5,No
CUST-01100,Male,1,Yes,No,39,Yes,No,Fiber optic,No,No,No,No,No,No,One year,Yes,Electronic check,72.11,2760.74,3,0,5.0,No
CUST-01101,Male,0,No,No,38,Yes,No,No,No internet service,No internet service,No internet service,No internet service,No internet service,No internet service,One year,Yes,Bank transfer (automatic),40.94,1502.42,2,3,3.8,No
CUST-01102,Male,0,No,No,9,Yes,Yes,Fiber optic,Yes,No,No,No,Yes,Yes,Month-to-month,No,Electronic check,81.32,733.17,2,0,3.8,No
CUST-01103,Female,0,No,No,72,Yes,Yes,Fiber optic,Yes,No,No,No,No,No,One year,No,Electronic check,74.11,5060.7,3,1,3.6,No
CUST-01104,Male,0,No,No,51,Yes,Yes,Fiber optic,No,Yes,Yes,No,Yes,No,One year,Yes,Mailed check,107.11,5676.98,3,0,4.1,No
CUST-01105,Male,1,No,No,18,Yes,No,Fiber optic,No,No,No,No,No,No,Month-to-month,Yes,Electronic check,92.3,1780.77,2,4,3.6,No
CUST-01106,Male,0,Yes,Yes,70,Yes,No,DSL,No,Yes,No,Yes,No,No,Month-to-month,No,Electronic check,48.3,3186.77,1,3,4.9,No
CUST-01107,Male,0,Yes,Yes,22,Yes,No,DSL,Yes,Yes,No,No,No,No,One year,No,Mailed check,50.0,1122.85,2,0,4.7,No
CUST-01108,Female,0,No,No,10,No,No phone service,DSL,Yes,No,No,No,No,Yes,Two year,Yes,Mailed check,52.99,550.47,1,0,4.8,No
CUST-01109,Female,1,No,No,65,Yes,Yes,Fiber optic,No,Yes,No,Yes,No,No,Two year,Yes,Bank transfer (automatic),93.76,6079.69,3,1,4.7,No
CUST-01110,Male,0,Yes,No,11,Yes,Yes,Fiber optic,No,No,Yes,No,No,Yes,Month-to-month,Yes,Mailed check,77.85,883.3,3,0,3.7,No
CUST-01111,Female,0,Yes,No,5,Yes,No,No,No internet service,No internet service,No internet service,No internet service,No internet service,No internet service,Month-to-month,No,Bank transfer (automatic),39.41,187.62,1,1,4.8,No
CUST-01112,Male,0,Yes,No,46,Yes,Yes,DSL,No,No,No,Yes,Yes,Yes,One year,Yes,Credit card (automatic),69.05,3250.23,2,0,5.0,No
CUST-01113,Male,0,Yes,No,20,Yes,No,Fiber optic,No,No,No,No,No,Yes,Month-to-month,Yes,Bank transfer (automatic),103.68,2144.88,3,1,4.9,Yes
CUST-01114,Male,0,No,No,11,Yes,No,DSL,No,Yes,Yes,No,No,No,Month-to-month,Yes,Bank transfer (automatic),71.05,810.01,4,1,3.9,No
CUST-01115,Male,0,Yes,Yes,8,Yes,No,No,No internet service,No internet service,No internet service,No internet service,No internet service,No internet service,One year,No,Bank transfer (automatic),34.76,275.67,1,0,5.0,No
CUST-01116,Male,0,Yes,No,10,Yes,Yes,Fiber optic,No,No,Yes,Yes,Yes,Yes,Month-to-month,Yes,Electronic check,99.03,967.22,2,3,3.6,No
CUST-01117,Female,0,No,Yes,70,Yes,No,Fiber optic,No,Yes,No,No,Yes,No,Two year,Yes,Credit card (automatic),95.53,6275.9,3,0,3.7,No
CUST-01118,Female,1,No,No,49,Yes,Yes,Fiber optic,Yes,No,No,Yes,No,No,Month-to-month,Yes,Bank transfer (automatic),119.24,5507.67,8,4,3.4,Yes
CUST-01119,Female,0,Yes,No,61,Yes,No,DSL,No,Yes,No,No,No,No,Two year,Yes,Bank transfer (automatic),61.61,3933.73,2,0,4.7,No
CUST-01120,Male,0,Yes,No,45,Yes,No,No,No internet service,No internet service,No internet service,No internet service,No internet service,No internet service,One year,Yes,Credit card (automatic),26.2,1238.93,0,0,4.4,No
CUST-01121,Male,1,Yes,Yes,40,Yes,Yes,No,No internet service,No internet service,No internet service,No internet service,No internet service,No internet service,Month-to-month,Yes,Electronic check,31.64,1353.85,0,0,5.0,No
CUST-01122,Male,0,Yes,No,16,Yes,No,Fiber optic,No,No,Yes,No,Yes,No,Month-to-month,Yes,Electronic check,94.34,1577.05,2,2,5.0,Yes
CUST-01123,Male,1,Yes,Yes,70,Yes,Yes,DSL,Yes,Yes,No,No,No,Yes,Two year,Yes,Bank transfer (automatic),53.33,3962.33,1,0,3.5,No
CUST-01124,Male,0,Yes,Yes,60,No,No phone service,Fiber optic,No,No,No,No,Yes,No,Month-to-month,Yes,Bank transfer (automatic),82.72,4685.11,2,5,4.5,Yes
CUST-01125,Female,1,Yes,No,39,Yes,No,Fiber optic,No,No,No,No,No,No,Month-to-month,No,Credit card (automatic),94.81,3474.61,2,1,3.9,No
CUST-01126,Female,0,Yes,No,8,Yes,No,No,No internet service,No internet service,No internet service,No internet service,No internet service,No internet service,One year,Yes,Mailed check,22.76,182.89,2,0,5.0,No
CUST-01127,Female,0,Yes,No,55,Yes,Yes,DSL,No,No,No,No,No,Yes,Two year,No,Electronic check,59.92,3529.73,1,0,4.1,No
CUST-01128,Female,0,No,No,24,Yes,No,No,No internet service,No internet service,No internet service,No internet service,No internet service,No internet service,Two year,Yes,Mailed check,29.85,758.96,1,0,5.0,No
CUST-01129,Female,0,Yes,No,16,Yes,Yes,No,No internet service,No internet service,No internet service,No internet service,No internet service,No internet service,One year,Yes,Electronic check,27.52,406.72,2,0,4.7,No
CUST-01130,Female,1,Yes,No,54,Yes,No,DSL,No,No,No,No,No,No,Month-to-month,Yes,Bank transfer (automatic),43.8,2510.38,1,0,4.9,No
CUST-01131,Male,0,No,Yes,61,Yes,Yes,Fiber optic,Yes,Yes,No,No,No,No,Month-to-month,Yes,Bank transfer (automatic),79.54,4582.52,2,0,5.0,No
CUST-01132,Female,0,Yes,No,45,No,No phone service,DSL,No,Yes,Yes,No,No,No,Month-to-month,No,Electronic check,50.63,2430.71,2,6,4.4,No
CUST-01133,Female,0,No,No,6,Yes,No,DSL,No,No,No,No,No,Yes,Month-to-month,No,Mailed check,67.51,411.46,3,2,3.9,No
CUST-01134,Female,0,No,Yes,44,Yes,No,Fiber optic,No,No,No,No,No,Yes,Two year,Yes,Bank transfer (automatic),81.68,3622.68,4,0,5.0,No
CUST-01135,Female,0,No,No,67,Yes,No,DSL,Yes,Yes,Yes,No,No,No,Two year,No,Credit card (automatic),61.05,3963.82,0,0,4.9,No
CUST-01136,Male,0,Yes,No,50,Yes,Yes,DSL,No,No,Yes,No,Yes,Yes,Month-to-month,No,Mailed check,59.93,,1,1,5.0,No
CUST-01137,Female,0,No,No,20,Yes,Yes,Fiber optic,No,Yes,No,Yes,No,No,Month-to-month,Yes,Bank transfer (automatic),83.36,1588.76,4,1,3.9,No
CUST-01138,Male,1,No,Yes,47,Yes,No,No,No internet service,No internet service,No internet service,No internet service,No internet service,No internet service,Month-to-month,Yes,Mailed check,35.16,1678.84,0,1,4.4,No
CUST-01139,Female,0,Yes,Yes,18,Yes,Yes,DSL,Yes,No,No,No,No,Yes,Month-to-month,No,Mailed check,70.48,1298.9,3,2,4.9,No
CUST-01140,Female,0,Yes,No,63,Yes,No,DSL,No,Yes,Yes,No,No,Yes,Month-to-month,No,Bank transfer (automatic),72.91,4364.87,1,2,3.6,No
CUST-01141,Female,0,Yes,No,61,Yes,Yes,DSL,No,No,No,Yes,No,No,One year,Yes,Credit card (automatic),58.68,3638.57,0,2,4.5,No
CUST-01142,Male,0,No,No,41,Yes,Yes,DSL,No,No,Yes,No,No,No,Two year,No,Electronic check,65.29,2734.5,2,0,5.0,No
CUST-01143,Female,0,Yes,Yes,10,Yes,Yes,No,No internet service,No internet service,No internet service,No internet service,No internet service,No internet service,Month-to-month,No,Mailed check,25.26,248.11,4,1,4.7,No
CUST-01144,Female,0,Yes,No,29,Yes,Yes,Fiber optic,No,No,Yes,Yes,No,No,Two year,No,Electronic check,114.25,3441.47,2,1,4.3,No
CUST-01145,Male,0,No,No,9,Yes,No,Fiber optic,Yes,Yes,Yes,Yes,No,No,Two year,No,Bank transfer (automatic),77.06,706.65,4,0,4.4,No
CUST-01146,Male,0,No,Yes,56,Yes,Yes,Fiber optic,No,No,No,No,No,Yes,Two year,Yes,Mailed check,79.96,4577.39,1,1,5.0,No
CUST-01147,Female,0,Yes,Yes,50,Yes,No,No,No internet service,No internet service,No internet service,No internet service,No internet service,No internet service,Month-to-month,Yes,Electronic check,27.94,1368.38,0,2,5.0,No
CUST-01148,Female,0,Yes,Yes,19,Yes,Yes,Fiber optic,Yes,Yes,Yes,Yes,No,Yes,Month-to-month,No,Bank transfer (automatic),97.09,1976.71,8,1,3.1,Yes
CUST-01149,Female,0,Yes,Yes,62,No,No phone service,No,No internet service,No internet service,No internet service,No internet service,No internet service,No internet service,Month-to-month,Yes,Bank transfer (automatic),33.95,1976.37,0,3,4.1,No
CUST-01150,Female,0,No,Yes,55,Yes,No,Fiber optic,No,Yes,No,No,No,No,One year,No,Electronic check,80.71,4717.14,6,2,3.3,Yes
CUST-01151,Male,0,Yes,Yes,68,Yes,Yes,No,No internet service,No internet service,No internet service,No internet service,No internet service,No internet service,Month-to-month,Yes,Bank transfer (automatic),25.85,1851.06,4,4,3.4,No
CUST-01152,Female,0,No,Yes,21,Yes,Yes,Fiber optic,No,Yes,Yes,No,Yes,No,Month-to-month,Yes,Credit card (automatic),84.82,1705.2,2,1,4.5,No
CUST-01153,Male,0,Yes,No,13,Yes,Yes,No,No internet service,No internet service,No internet service,No internet service,No internet service,No internet service,Two year,No,Mailed check,42.95,514.15,2,1,4.0,No
CUST-01154,Female,0,Yes,No,35,Yes,Yes,DSL,Yes,No,Yes,No,No,No,Month-to-month,No,Credit card (automatic),74.01,2741.86,2,2,4.9,No
CUST-01155,Male,0,Yes,No,20,Yes,Yes,Fiber optic,Yes,Yes,Yes,No,Yes,Yes,Month-to-month,Yes,Mailed check,118.64,2264.69,2,3,4.1,Yes
CUST-01156,Female,0,Yes,No,54,Yes,Yes,Fiber optic,No,No,No,No,Yes,Yes,Month-to-month,No,Electronic check,88.65,4502.26,1,5,4.4,No
CUST-01157,Male,1,No,Yes,31,Yes,Yes,Fiber optic,Yes,Yes,No,Yes,No,No,One year,No,Electronic check,72.0,2330.0,2,1,4.5,No
CUST-01158,Female,0,No,No,46,Yes,No,Fiber optic,No,No,Yes,No,No,No,Month-to-month,Yes,Electronic check,120.0,5630.7,2,3,3.4,Yes
CUST-01159,Male,0,Yes,No,13,Yes,No,DSL,No,Yes,No,No,Yes,No,Month-to-month,No,Bank transfer (automatic),74.24,984.51,1,0,4.3,No
CUST-01160,Male,0,No,No,7,Yes,Yes,No,No internet service,No internet service,No internet service,No internet service,No internet service,No internet service,Month-to-month,No,Electronic check,32.29,216.98,0,4,3.9,No
CUST-01161,Female,0,Yes,Yes,68,No,No phone service,Fiber optic,Yes,Yes,Yes,Yes,No,Yes,Month-to-month,No,Mailed check,112.78,8231.89,3,1,4.4,No
CUST-01162,Male,0,No,Yes,33,Yes,Yes,DSL,No,No,Yes,No,No,No,One year,Yes,Credit card (automatic),72.91,2553.01,1,0,5.0,No
CUST-01163,Female,1,Yes,No,11,Yes,No,Fiber optic,No,No,Yes,No,No,No,Two year,No,Electronic check,62.0,637.19,2,1,4.5,No
CUST-01164,Female,0,No,Yes,59,Yes,Yes,Fiber optic,No,Yes,Yes,Yes,Yes,No,Month-to-month,Yes,Electronic check,84.03,5320.45,3,3,4.2,No
CUST-01165,Female,0,Yes,Yes,10,Yes,Yes,DSL,Yes,No,No,No,No,Yes,One year,Yes,Bank transfer (automatic),45.64,444.27,2,2,4.3,No
CUST-01166,Male,0,No,Yes,72,Yes,No,DSL,No,No,No,No,Yes,Yes,Month-to-month,No,Electronic check,71.27,5512.45,0,3,3.9,No
CUST-01167,Male,0,No,No,28,Yes,Yes,Fiber optic,Yes,No,No,No,Yes,Yes,Month-to-month,No,Electronic check,75.92,2102.28,4,4,3.2,Yes
CUST-01168,Male,0,No,No,34,Yes,Yes,No,No internet service,No internet service,No internet service,No internet service,No internet service,No internet service,Month-to-month,Yes,Mailed check,34.63,1166.65,2,1,4.4,No
CUST-01169,Female,0,No,Yes,19,Yes,No,DSL,No,Yes,No,No,Yes,No,One year,Yes,Credit card (automatic),45.09,814.72,0,0,5.0,No
CUST-01170,Female,0,Yes,No,7,Yes,No,DSL,No,No,No,No,Yes,No,One year,Yes,Mailed check,73.84,494.15,4,1,3.7,No
CUST-01171,Female,1,No,No,30,Yes,No,Fiber optic,Yes,Yes,No,Yes,No,Yes,One year,No,Electronic check,76.34,2192.45,1,0,5.0,No
CUST-01172,Female,0,Yes,Yes,27,Yes,Yes,DSL,No,No,Yes,Yes,Yes,No,Month-to-month,No,Bank transfer (automatic),59.89,1654.41,2,2,3.4,No
CUST-01173,Male,1,No,No,33,Yes,Yes,No,No internet service,No internet service,No internet service,No internet service,No internet service,No internet service,Month-to-month,Yes,Mailed check,23.19,783.87,3,3,3.6,No
CUST-01174,Male,0,Yes,Yes,36,No,No phone service,No,No internet service,No internet service,No internet service,No internet service,No internet service,No internet service,Two year,No,Electronic check,39.38,1409.14,0,1,4.3,No
CUST-01175,Male,0,Yes,No,46,Yes,No,No,No internet service,No internet service,No internet service,No internet service,No internet service,No internet service,Month-to-month,Yes,Mailed check,43.27,1954.33,1,3,5.0,No
CUST-01176,Male,0,No,No,6,Yes,Yes,Fiber optic,Yes,No,Yes,No,No,No,Two year,Yes,Bank transfer (automatic),120.0,722.64,0,1,5.0,Yes
CUST-01177,Male,0,Yes,No,27,Yes,No,DSL,No,No,Yes,Yes,No,Yes,Month-to-month,No,Credit card (automatic),55.04,1468.25,0,3,4.5,Yes
CUST-01178,Male,1,No,No,63,Yes,No,Fiber optic,No,No,Yes,No,Yes,Yes,One year,No,Bank transfer (automatic),109.91,6529.16,7,1,4.1,No
CUST-01179,Male,0,Yes,Yes,69,Yes,No,DSL,No,Yes,Yes,Yes,No,No,One year,Yes,Credit card (automatic),66.25,4917.01,0,0,5.0,No
CUST-01180,Male,1,No,No,39,Yes,Yes,DSL,No,Yes,No,No,No,Yes,Month-to-month,Yes,Credit card (automatic),47.6,1898.93,2,2,3.2,Yes
CUST-01181,Female,0,No,No,27,Yes,No,Fiber optic,No,No,No,Yes,No,Yes,Month-to-month,No,Electronic check,93.87,2410.36,2,2,4.3,No
CUST-01182,Female,0,No,No,30,Yes,No,Fiber optic,Yes,No,No,No,No,No,Month-to-month,No,Bank transfer (automatic),90.64,2605.39,5,3,3.9,No
CUST-01183,Female,0,Yes,No,57,Yes,No,DSL,No,No,No,Yes,Yes,Yes,Month-to-month,Yes,Credit card (automatic),75.93,4599.79,0,3,5.0,No
CUST-01184,Male,0,Yes,Yes,29,Yes,No,DSL,No,No,Yes,Yes,No,No,Month-to-month,Yes,Mailed check,47.24,1302.15,1,2,3.9,No
CUST-01185,Male,1,Yes,Yes,69,Yes,No,DSL,Yes,No,Yes,No,Yes,No,Month-to-month,No,Electronic check,39.31,2772.83,1,3,4.1,No
CUST-01186,Male,0,Yes,Yes,3,Yes,No,Fiber optic,No,No,No,Yes,Yes,Yes,One year,No,Credit card (automatic),104.85,319.83,3,1,4.6,No
CUST-01187,Male,0,No,No,44,Yes,Yes,DSL,No,Yes,No,No,Yes,Yes,One year,Yes,Mailed check,45.78,2017.65,2,0,4.6,No
CUST-01188,Female,0,Yes,No,38,Yes,No,Fiber optic,Yes,Yes,No,No,Yes,Yes,One year,No,Electronic check,80.22,2854.62,4,0,4.3,No
CUST-01189,Female,0,Yes,No,33,No,No phone service,Fiber optic,No,No,No,No,No,No,Month-to-month,Yes,Bank transfer (automatic),112.86,3991.78,5,1,4.2,Yes
CUST-01190,Male,0,Yes,Yes,35,Yes,No,Fiber optic,No,No,No,No,Yes,Yes,Month-to-month,Yes,Mailed check,112.11,3658.72,3,5,4.0,Yes
CUST-01191,Male,0,No,Yes,12,Yes,No,No,No internet service,No internet service,No internet service,No internet service,No internet service,No internet service,Two year,Yes,Mailed check,46.67,583.24,1,0,4.6,No
CUST-01192,Male,0,Yes,Yes,25,Yes,Yes,No,No internet service,No internet service,No internet service,No internet service,No internet service,No internet service,Two year,No,Electronic check,25.4,652.88,2,0,5.0,No
CUST-01193,Male,0,Yes,No,26,Yes,No,DSL,Yes,No,No,No,Yes,Yes,Two year,Yes,Electronic check,73.38,1865.4,0,1,4.2,No
CUST-01194,Female,0,Yes,No,48,Yes,No,DSL,No,Yes,No,No,No,No,One year,Yes,Electronic check,64.91,3332.48,2,0,3.6,No
CUST-01195,Female,0,Yes,No,44,Yes,Yes,No,No internet service,No internet service,No internet service,No internet service,No internet service,No internet service,One year,No,Electronic check,26.2,1096.75,0,0,4.4,No
CUST-01196,Female,0,No,No,30,Yes,No,No,No internet service,No internet service,No internet service,No internet service,No internet service,No internet service,Month-to-month,Yes,Mailed check,35.26,1104.4,0,1,4.8,Yes
CUST-01197,Female,0,Yes,No,38,Yes,No,DSL,Yes,No,No,No,No,Yes,One year,No,Credit card (automatic),72.74,2934.5,1,0,5.0,No
CUST-01198,Female,1,No,Yes,42,Yes,No,No,No internet service,No internet service,No internet service,No internet service,No internet service,No internet service,Month-to-month,Yes,Electronic check,18.0,725.06,2,3,4.2,No
CUST-01199,Female,0,No,Yes,4,Yes,Yes,No,No internet service,No internet service,No internet service,No internet service,No internet service,No internet service,Month-to-month,Yes,Bank transfer (automatic),18.0,75.52,2,0,5.0,No
CUST-01200,Female,0,No,Yes,64,Yes,No,No,No internet service,No internet service,No internet service,No internet service,No internet service,No internet service,Month-to-month,Yes,Credit card (automatic),25.63,1583.03,2,2,3.9,No
CUST-01201,Female,0,No,Yes,65,Yes,No,DSL,Yes,Yes,Yes,Yes,No,Yes,One year,No,Mailed check,68.38,4289.97,1,0,4.3,No
CUST-01202,Male,0,No,No,27,Yes,Yes,Fiber optic,Yes,No,No,Yes,No,No,Month-to-month,Yes,Credit card (automatic),96.34,2723.3,3,2,4.0,No
CUST-01203,Female,0,Yes,No,55,Yes,No,Fiber optic,No,Yes,No,No,Yes,No,Month-to-month,Yes,Bank transfer (automatic),86.02,4646.1,2,2,4.4,No
CUST-01204,Female,0,No,No,29,Yes,No,Fiber optic,Yes,Yes,No,No,No,Yes,Month-to-month,No,Credit card (automatic),93.55,2720.34,1,1,5.0,No
CUST-01205,Female,0,No,No,5,Yes,Yes,DSL,Yes,Yes,No,No,Yes,Yes,Two year,No,Electronic check,41.17,206.44,1,0,5.0,No
CUST-01206,Female,0,No,No,63,Yes,Yes,DSL,Yes,Yes,No,No,No,No,One year,Yes,Bank transfer (automatic),81.61,5500.82,1,0,5.0,No
CUST-01207,Female,0,No,No,20,Yes,Yes,No,No internet service,No internet service,No internet service,No internet service,No internet service,No internet service,Month-to-month,Yes,Electronic check,37.96,799.98,2,1,5.0,No
CUST-01208,Female,0,Yes,No,26,Yes,Yes,Fiber optic,No,No,No,No,No,Yes,Month-to-month,Yes,Credit card (automatic),90.24,2254.62,2,0,3.7,No
CUST-01209,Male,0,Yes,No,42,No,No phone service,Fiber optic,Yes,No,No,No,No,No,One year,Yes,Electronic check,110.99,4404.78,2,2,4.6,Yes
CUST-01210,Female,0,Yes,Yes,32,Yes,Yes,DSL,Yes,No,No,No,Yes,Yes,One year,Yes,Electronic check,80.97,2404.48,3,0,4.2,No
CUST-01211,Female,0,Yes,No,20,Yes,No,No,No internet service,No internet service,No internet service,No internet service,No internet service,No internet service,Month-to-month,Yes,Mailed check,40.61,803.06,4,3,4.4,No
CUST-01212,Female,0,Yes,No,58,No,No phone service,No,No internet service,No internet service,No internet service,No internet service,No internet service,No internet service,Month-to-month,No,Electronic check,52.09,3234.19,3,1,4.5,No
CUST-01213,Male,0,Yes,Yes,26,Yes,No,Fiber optic,No,Yes,Yes,No,No,Yes,One year,Yes,Electronic check,115.62,3039.86,2,0,4.6,No
CUST-01214,Female,0,No,Yes,43,Yes,No,DSL,No,No,No,No,No,Yes,Two year,No,Mailed check,47.65,2018.57,3,0,4.8,No
CUST-01215,Male,0,No,No,48,Yes,No,DSL,Yes,Yes,No,No,No,Yes,Month-to-month,No,Electronic check,38.92,1912.02,4,2,4.2,Yes
CUST-01216,Male,0,No,No,68,Yes,No,Fiber optic,No,No,No,Yes,No,No,Month-to-month,Yes,Electronic check,84.5,5697.14,6,2,3.8,No
CUST-01217,Female,0,No,No,35,Yes,Yes,No,No internet service,No internet service,No internet service,No internet service,No internet service,No internet service,One year,Yes,Mailed check,26.98,946.25,0,2,3.7,No
CUST-01218,Female,0,Yes,No,34,Yes,No,No,No internet service,No internet service,No internet service,No internet service,No internet service,No internet service,One year,Yes,Electronic check,47.29,1657.28,3,1,4.8,No
CUST-01219,Female,1,Yes,No,66,Yes,No,DSL,No,No,Yes,Yes,No,No,Month-to-month,Yes,Bank transfer (automatic),42.81,3000.68,3,2,3.1,No
CUST-01220,Male,0,No,No,35,Yes,No,DSL,No,Yes,No,No,Yes,Yes,Two year,No,Electronic check,52.68,1834.67,0,2,4.8,No
CUST-01221,Female,0,No,Yes,22,Yes,No,Fiber optic,No,No,No,No,No,Yes,Month-to-month,No,Bank transfer (automatic),104.29,2238.61,4,2,4.3,No
CUST-01222,Female,0,No,No,4,Yes,No,Fiber optic,No,No,Yes,Yes,Yes,No,One year,No,Mailed check,111.7,477.42,1,0,4.6,No
CUST-01223,Female,0,No,No,24,Yes,No,Fiber optic,Yes,No,Yes,No,No,No,Month-to-month,No,Mailed check,78.34,1990.64,1,1,5.0,No
CUST-01224,Female,0,No,No,15,Yes,Yes,Fiber optic,No,No,Yes,No,No,No,Month-to-month,No,Mailed check,106.86,1687.58,4,1,4.5,Yes
CUST-01225,Male,0,No,No,22,Yes,Yes,No,No internet service,No internet service,No internet service,No internet service,No internet service,No internet service,Month-to-month,Yes,Mailed check,18.0,376.03,1,1,4.6,Yes
CUST-01226,Female,1,No,No,39,No,No phone service,DSL,Yes,No,No,No,Yes,Yes,Month-to-month,No,Mailed check,40.39,1650.83,1,1,5.0,No
CUST-01227,Male,0,No,No,38,Yes,Yes,Fiber optic,No,No,No,No,Yes,No,Month-to-month,No,Mailed check,83.67,3184.81,3,0,3.8,No
CUST-01228,Female,0,Yes,No,14,Yes,Yes,Fiber optic,Yes,No,No,No,Yes,No,Month-to-month,Yes,Electronic check,82.69,1096.23,3,3,3.9,Yes
CUST-01229,Male,0,Yes,Yes,34,Yes,Yes,No,No internet service,No internet service,No internet service,No internet service,No internet service,No internet service,Two year,No,Mailed check,18.0,653.03,2,0,4.0,No
CUST-01230,Male,0,Yes,No,33,Yes,No,No,No internet service,No internet service,No internet service,No internet service,No internet service,No internet service,Two year,Yes,Electronic check,26.6,814.79,3,1,4.1,No
CUST-01231,Female,1,No,Yes,4,No,No phone service,No,No internet service,No internet service,No internet service,No internet service,No internet service,No internet service,Month-to-month,No,Mailed check,50.03,195.38,1,1,4.5,No
CUST-01232,Female,0,No,No,21,Yes,No,Fiber optic,No,No,Yes,No,No,Yes,One year,No,Mailed check,80.21,1786.46,3,0,5.0,No
CUST-01233,Female,0,Yes,Yes,53,Yes,No,DSL,No,Yes,No,No,No,No,One year,Yes,Bank transfer (automatic),40.6,2305.38,0,0,5.0,No
CUST-01234,Female,0,Yes,No,2,Yes,No,Fiber optic,No,Yes,Yes,Yes,No,Yes,Month-to-month,Yes,Mailed check,76.86,165.34,2,2,4.3,No
CUST-01235,Female,0,No,No,22,Yes,No,No,No internet service,No internet service,No internet service,No internet service,No internet service,No internet service,Month-to-month,Yes,Bank transfer (automatic),32.7,699.7,2,1,4.6,No
CUST-01236,Male,0,Yes,Yes,35,Yes,No,DSL,Yes,No,No,Yes,No,Yes,Two year,No,Bank transfer (automatic),62.04,2229.36,3,1,4.4,No
CUST-01237,Male,0,No,No,12,Yes,No,DSL,No,Yes,No,No,No,No,Month-to-month,Yes,Electronic check,48.11,558.52,2,1,3.8,No
CUST-01238,Male,1,Yes,No,47,Yes,Yes,DSL,No,No,Yes,Yes,No,Yes,One year,No,Mailed check,69.57,3395.0,3,0,3.6,No
CUST-01239,Male,0,Yes,Yes,52,Yes,No,Fiber optic,Yes,No,No,No,Yes,No,Two year,Yes,Electronic check,76.26,4038.74,2,0,4.7,No
CUST-01240,Male,0,Yes,No,25,No,No phone service,Fiber optic,Yes,No,No,Yes,No,Yes,Two year,Yes,Electronic check,83.11,2172.87,4,0,3.8,Yes
CUST-01241,Female,0,Yes,No,17,Yes,No,DSL,No,No,No,Yes,No,Yes,Month-to-month,No,Credit card (automatic),83.72,1453.35,3,2,4.5,No
CUST-01242,Female,0,Yes,No,56,Yes,Yes,DSL,No,No,No,No,Yes,Yes,Month-to-month,No,Credit card (automatic),62.38,3310.27,0,1,5.0,No
CUST-01243,Female,0,Yes,No,16,Yes,Yes,Fiber optic,Yes,Yes,Yes,No,No,No,Month-to-month,Yes,Electronic check,94.52,1418.21,0,3,4.6,Yes
CUST-01244,Male,0,Yes,Yes,11,Yes,Yes,Fiber optic,Yes,Yes,No,No,No,No,One year,No,Bank transfer (automatic),78.0,849.33,2,0,4.6,No
CUST-01245,Female,0,Yes,Yes,3,Yes,Yes,DSL,No,Yes,No,No,Yes,No,Two year,No,Credit card (automatic),70.22,220.89,0,0,5.0,No
CUST-01246,Female,0,No,No,7,Yes,No,Fiber optic,No,No,No,No,Yes,No,Month-to-month,No,Electronic check,76.73,508.55,1,2,3.6,No
CUST-01247,Female,1,Yes,No,63,Yes,No,DSL,Yes,No,No,No,No,No,One year,Yes,Mailed check,73.1,4670.13,1,0,4.9,No
CUST-01248,Male,0,Yes,Yes,68,No,No phone service,DSL,No,No,No,No,Yes,No,Month-to-month,Yes,Electronic check,65.7,4525.88,0,4,3.6,No
CUST-01249,Male,0,Yes,No,40,Yes,No,DSL,No,No,Yes,No,No,No,Month-to-month,Yes,Mailed check,48.95,1869.67,0,2,5.0,No
CUST-01250,Female,0,No,No,67,No,No phone service,DSL,Yes,No,No,No,Yes,No,Month-to-month,Yes,Electronic check,49.45,3196.12,1,3,4.2,No
CUST-01251,Male,0,No,Yes,51,No,No phone service,DSL,No,Yes,No,No,No,Yes,Month-to-month,Yes,Electronic check,45.58,2400.21,1,4,3.6,No
CUST-01252,Male,0,No,No,30,Yes,Yes,DSL,No,Yes,No,No,No,No,One year,Yes,Electronic check,61.51,1982.44,3,0,4.1,No
CUST-01253,Male,0,No,No,52,Yes,Yes,DSL,No,No,No,Yes,Yes,Yes,Month-to-month,Yes,Credit card (automatic),54.79,2993.6,2,1,4.3,No
CUST-01254,Female,0,Yes,Yes,31,Yes,No,Fiber optic,No,No,No,No,No,No,Month-to-month,No,Electronic check,80.13,2570.98,2,3,4.5,Yes
CUST-01255,Female,1,No,Yes,70,Yes,No,No,No internet service,No internet service,No internet service,No internet service,No internet service,No internet service,One year,Yes,Electronic check,37.27,2635.28,3,1,4.8,No
CUST-01256,Male,0,Yes,Yes,62,Yes,Yes,DSL,No,No,Yes,No,Yes,Yes,Month-to-month,Yes,Bank transfer (automatic),46.69,2699.76,1,1,5.0,No
CUST-01257,Male,0,No,No,61,Yes,No,Fiber optic,No,No,No,No,No,No,Month-to-month,Yes,Bank transfer (automatic),97.12,5962.65,3,1,4.3,Yes
CUST-01258,Female,0,Yes,Yes,39,Yes,No,DSL,Yes,No,No,No,No,No,Month-to-month,No,Electronic check,67.39,2719.12,0,2,4.4,No
CUST-01259,Female,1,Yes,No,38,Yes,Yes,No,No internet service,No internet service,No internet service,No internet service,No internet service,No internet service,Month-to-month,No,Mailed check,30.28,1103.52,1,3,4.2,No
CUST-01260,Female,0,No,No,9,Yes,No,DSL,No,No,No,No,No,No,Month-to-month,Yes,Mailed check,77.54,666.8,4,2,4.6,Yes
CUST-01261,Male,1,No,Yes,47,Yes,Yes,DSL,No,No,No,No,No,No,One year,No,Electronic check,58.33,2771.98,0,0,5.0,No
CUST-01262,Female,1,No,No,9,Yes,Yes,Fiber optic,No,No,Yes,Yes,No,Yes,Month-to-month,No,Credit card (automatic),104.98,997.8,2,3,4.9,No
CUST-01263,Male,0,Yes,No,39,Yes,No,DSL,No,No,No,No,No,No,One year,No,Credit card (automatic),41.8,1751.3,2,1,4.6,No
CUST-01264,Female,0,Yes,Yes,10,No,No phone service,DSL,No,No,Yes,No,Yes,No,One year,Yes,Electronic check,73.12,698.54,2,0,4.8,No
CUST-01265,Male,0,Yes,No,35,Yes,No,DSL,No,No,No,No,Yes,No,Month-to-month,No,Electronic check,53.65,1742.84,1,3,3.9,Yes
CUST-01266,Male,0,Yes,Yes,57,Yes,No,Fiber optic,Yes,Yes,No,Yes,Yes,No,Month-to-month,No,Mailed check,72.2,4078.39,2,3,4.5,No
CUST-01267,Male,0,Yes,No,23,No,No phone service,DSL,No,No,No,Yes,No,Yes,Month-to-month,No,Credit card (automatic),80.09,1927.68,3,1,4.2,No
CUST-01268,Male,0,Yes,Yes,44,Yes,No,DSL,No,No,No,No,Yes,No,Month-to-month,No,Bank transfer (automatic),72.33,3262.06,0,2,3.5,No
CUST-01269,Female,0,No,No,19,Yes,Yes,No,No internet service,No internet service,No internet service,No internet service,No internet service,No internet service,Month-to-month,Yes,Bank transfer (automatic),50.48,910.03,3,1,3.9,No
CUST-01270,Male,0,Yes,No,22,Yes,No,DSL,No,No,No,No,No,Yes,One year,Yes,Credit card (automatic),65.34,1332.63,1,1,4.4,No
CUST-01271,Male,1,No,No,14,No,No phone service,DSL,No,No,Yes,Yes,Yes,Yes,One year,Yes,Electronic check,66.13,947.41,0,0,5.0,No
CUST-01272,Male,0,No,No,12,Yes,No,Fiber optic,No,No,No,No,No,Yes,Month-to-month,Yes,Credit card (automatic),90.51,1080.14,3,3,5.0,No
CUST-01273,Female,0,No,Yes,27,Yes,No,DSL,No,No,No,No,Yes,No,Month-to-month,No,Credit card (automatic),39.29,997.4,1,1,4.3,No
CUST-01274,Female,1,Yes,No,9,Yes,Yes,No,No internet service,No internet service,No internet service,No internet service,No internet service,No internet service,Two year,No,Bank transfer (automatic),19.53,173.02,1,1,4.7,No
CUST-01275,Female,0,Yes,Yes,65,Yes,Yes,DSL,No,No,No,No,No,Yes,Month-to-month,Yes,Mailed check,47.94,2980.25,0,2,4.8,No
CUST-01276,Female,0,Yes,Yes,54,Yes,No,DSL,No,Yes,No,No,Yes,No,One year,Yes,Credit card (automatic),41.36,2336.99,0,0,5.0,No
CUST-01277,Female,0,No,Yes,16,Yes,No,No,No internet service,No internet service,No internet service,No internet service,No internet service,No internet service,Month-to-month,Yes,Electronic check,30.9,455.31,2,0,4.5,No
CUST-01278,Female,1,Yes,No,64,Yes,No,No,No internet service,No internet service,No internet service,No internet service,No internet service,No internet service,One year,Yes,Electronic check,35.37,2148.06,2,1,3.7,No
CUST-01279,Male,0,Yes,No,27,No,No phone service,Fiber optic,No,No,No,Yes,No,No,Month-to-month,No,Electronic check,81.88,2065.06,5,2,4.7,Yes
CUST-01280,Female,0,No,Yes,39,Yes,Yes,DSL,Yes,Yes,No,No,Yes,No,Two year,No,Mailed check,89.04,3351.43,1,0,4.8,No
CUST-01281,Female,0,No,No,51,Yes,No,Fiber optic,No,No,Yes,Yes,No,No,Month-to-month,Yes,Bank transfer (automatic),83.88,4484.22,2,4,3.9,No
CUST-01282,Female,0,No,No,56,No,No phone service,No,No internet service,No internet service,No internet service,No internet service,No internet service,No internet service,One year,No,Mailed check,36.0,2152.07,5,0,4.2,No
CUST-01283,Male,0,Yes,No,1,Yes,No,Fiber optic,No,No,Yes,No,Yes,No,One year,Yes,Mailed check,86.64,86.22,2,1,3.6,No
CUST-01284,Female,0,No,No,21,Yes,Yes,No,No internet service,No internet service,No internet service,No internet service,No internet service,No internet service,One year,No,Mailed check,24.44,548.89,1,0,5.0,No
CUST-01285,Male,1,Yes,No,25,Yes,No,Fiber optic,No,Yes,Yes,Yes,No,Yes,Month-to-month,Yes,Electronic check,109.58,2617.89,0,1,5.0,No
CUST-01286,Male,0,Yes,No,43,Yes,No,No,No internet service,No internet service,No internet service,No internet service,No internet service,No internet service,One year,Yes,Electronic check,35.17,1600.61,2,0,4.4,No
CUST-01287,Female,1,No,No,63,Yes,Yes,DSL,No,Yes,No,No,No,No,One year,Yes,Electronic check,50.77,3240.71,0,0,4.9,No
CUST-01288,Male,0,No,No,32,Yes,Yes,No,No internet service,No internet service,No internet service,No internet service,No internet service,No internet service,One year,Yes,Credit card (automatic),33.6,1000.89,3,0,4.3,No
CUST-01289,Male,1,No,Yes,34,Yes,No,No,No internet service,No internet service,No internet service,No internet service,No internet service,No internet service,One year,Yes,Electronic check,28.22,1017.48,2,0,5.0,Yes
CUST-01290,Female,0,Yes,No,7,Yes,No,No,No internet service,No internet service,No internet service,No internet service,No internet service,No internet service,One year,Yes,Electronic check,18.43,119.24,3,0,4.8,No
CUST-01291,Male,0,Yes,No,38,Yes,No,No,No internet service,No internet service,No internet service,No internet service,No internet service,No internet service,Two year,Yes,Mailed check,36.3,1346.32,4,1,4.2,No
CUST-01292,Female,0,No,Yes,36,No,No phone service,No,No internet service,No internet service,No internet service,No internet service,No internet service,No internet service,Two year,Yes,Mailed check,24.0,882.05,1,0,4.8,No
CUST-01293,Male,0,No,Yes,46,Yes,Yes,Fiber optic,Yes,Yes,No,Yes,No,Yes,Month-to-month,Yes,Bank transfer (automatic),108.36,5203.48,2,2,3.9,No
CUST-01294,Male,0,Yes,No,61,Yes,Yes,Fiber optic,Yes,No,Yes,No,Yes,Yes,Two year,Yes,Mailed check,95.22,5418.2,2,0,3.8,No
CUST-01295,Female,0,Yes,No,41,Yes,No,No,No internet service,No internet service,No internet service,No internet service,No internet service,No internet service,Two year,Yes,Mailed check,42.13,1662.03,4,1,4.7,No
CUST-01296,Female,0,No,No,4,Yes,Yes,Fiber optic,No,Yes,No,No,Yes,Yes,One year,Yes,Bank transfer (automatic),87.83,366.4,3,0,5.0,No
CUST-01297,Male,0,No,Yes,59,Yes,Yes,Fiber optic,No,No,Yes,Yes,No,No,One year,Yes,Electronic check,73.19,4371.15,3,1,4.2,No
CUST-01298,Female,0,Yes,No,35,Yes,No,Fiber optic,No,No,No,Yes,No,No,Month-to-month,No,Mailed check,108.73,3841.73,5,1,4.4,Yes
CUST-01299,Female,0,No,Yes,36,Yes,Yes,No,No internet service,No internet service,No internet service,No internet service,No internet service,No internet service,Month-to-month,Yes,Mailed check,40.15,1468.45,1,2,4.9,No
CUST-01300,Male,0,No,No,63,Yes,Yes,DSL,No,No,No,Yes,No,Yes,Month-to-month,Yes,Mailed check,65.89,3929.91,2,1,4.7,No
CUST-01301,Female,0,Yes,Yes,43,Yes,Yes,Fiber optic,No,No,Yes,No,Yes,No,Two year,Yes,Credit card (automatic),66.35,2848.82,6,0,4.5,No
CUST-01302,Male,0,No,No,57,Yes,Yes,Fiber optic,No,No,Yes,No,No,No,One year,Yes,Credit card (automatic),112.88,6030.47,5,0,4.1,No
CUST-01303,Female,1,No,No,64,Yes,Yes,No,No internet service,No internet service,No internet service,No internet service,No internet service,No internet service,Month-to-month,Yes,Bank transfer (automatic),31.29,2139.87,2,2,3.8,No
CUST-01304,Female,0,No,No,36,Yes,Yes,DSL,No,No,No,No,No,No,One year,No,Bank transfer (automatic),71.65,2718.69,2,0,4.6,No
CUST-01305,Female,0,No,No,71,Yes,No,Fiber optic,No,No,Yes,No,No,No,One year,Yes,Credit card (automatic),78.17,5145.22,1,2,4.5,No
CUST-01306,Female,0,No,No,13,Yes,No,DSL,No,No,No,No,No,No,One year,No,Mailed check,57.83,766.8,2,2,3.7,No
CUST-01307,Male,0,No,No,63,Yes,No,Fiber optic,Yes,No,Yes,No,No,No,Month-to-month,Yes,Mailed check,106.58,6286.93,2,0,4.5,No
CUST-01308,Male,0,Yes,No,62,Yes,Yes,Fiber optic,No,Yes,No,No,Yes,No,One year,Yes,Mailed check,86.86,5751.31,5,0,4.2,No
CUST-01309,Male,1,No,No,8,Yes,Yes,Fiber optic,No,Yes,No,No,Yes,Yes,Two year,Yes,Credit card (automatic),89.3,720.92,6,1,3.4,No
CUST-01310,Female,0,Yes,No,12,No,No phone service,Fiber optic,No,No,No,No,Yes,No,Month-to-month,Yes,Bank transfer (automatic),119.02,1389.63,2,1,4.8,No
CUST-01311,Female,0,Yes,No,3,No,No phone service,Fiber optic,Yes,No,No,No,No,No,Month-to-month,Yes,Bank transfer (automatic),74.21,219.47,3,1,4.4,Yes
CUST-01312,Male,0,No,No,20,Yes,No,Fiber optic,No,No,No,Yes,No,Yes,Month-to-month,Yes,Mailed check,107.56,2037.18,2,1,4.0,No
CUST-01313,Female,0,No,No,72,Yes,Yes,No,No internet service,No internet service,No internet service,No internet service,No internet service,No internet service,One year,Yes,Bank transfer (automatic),35.78,2567.75,2,0,4.8,No
CUST-01314,Female,0,No,No,9,Yes,No,Fiber optic,No,No,No,No,No,Yes,One year,Yes,Electronic check,69.6,674.24,6,1,3.2,Yes
CUST-01315,Female,0,No,Yes,3,Yes,No,DSL,No,Yes,No,Yes,No,No,Two year,Yes,Mailed check,63.88,204.19,2,0,4.7,No
CUST-01316,Male,0,No,No,34,Yes,Yes,Fiber optic,Yes,No,No,No,Yes,Yes,Month-to-month,Yes,Electronic check,120.0,4195.46,1,3,4.6,Yes
CUST-01317,Female,1,Yes,No,26,Yes,No,Fiber optic,No,No,No,No,No,No,Two year,Yes,Electronic check,113.12,3068.16,1,0,4.4,No
CUST-01318,Female,0,No,No,46,Yes,Yes,Fiber optic,No,Yes,Yes,No,No,No,Two year,No,Electronic check,93.92,4316.82,1,2,4.3,Yes
CUST-01319,Male,1,No,No,44,No,No phone service,Fiber optic,No,No,No,Yes,No,No,Two year,No,Electronic check,106.32,4317.96,4,0,4.6,No
CUST-01320,Male,0,Yes,No,60,Yes,Yes,No,No internet service,No internet service,No internet service,No internet service,No internet service,No internet service,One year,Yes,Mailed check,39.07,2204.6,2,2,4.9,No
CUST-01321,Male,0,No,No,30,Yes,No,No,No internet service,No internet service,No internet service,No internet service,No internet service,No internet service,Month-to-month,Yes,Electronic check,34.37,1073.04,4,4,3.5,Yes
CUST-01322,Male,0,No,No,34,No,No phone service,DSL,Yes,No,No,No,No,No,One year,Yes,Electronic check,55.1,1945.0,3,0,4.4,Yes
CUST-01323,Female,0,Yes,Yes,2,Yes,Yes,Fiber optic,Yes,No,Yes,Yes,No,No,One year,No,Mailed check,106.58,207.67,6,1,3.6,No
CUST-01324,Female,0,No,No,70,Yes,No,Fiber optic,Yes,Yes,No,Yes,No,Yes,Month-to-month,Yes,Electronic check,90.08,6442.65,4,2,3.4,No
CUST-01325,Female,0,Yes,Yes,16,Yes,Yes,No,No internet service,No internet service,No internet service,No internet service,No internet service,No internet service,Two year,Yes,Mailed check,29.83,458.83,1,0,4.6,No
CUST-01326,Male,0,Yes,No,43,Yes,No,DSL,No,Yes,No,No,Yes,No,Month-to-month,Yes,Mailed check,49.83,1980.83,3,0,3.8,No
CUST-01327,Female,0,Yes,No,64,Yes,No,DSL,No,Yes,No,Yes,No,No,Two year,Yes,Credit card (automatic),41.97,2761.09,2,1,4.8,No
CUST-01328,Male,0,Yes,No,44,Yes,No,Fiber optic,No,No,No,No,No,No,Two year,No,Electronic check,86.7,3845.53,0,0,4.4,No
CUST-01329,Female,1,Yes,Yes,46,Yes,No,Fiber optic,No,Yes,No,No,Yes,Yes,One year,Yes,Electronic check,87.52,4200.92,1,1,4.4,Yes
CUST-01330,Male,1,No,Yes,13,Yes,No,DSL,No,Yes,Yes,No,Yes,Yes,Two year,Yes,Bank transfer (automatic),43.37,520.45,4,0,4.2,No
CUST-01331,Male,0,Yes,Yes,52,No,No phone service,No,No internet service,No internet service,No internet service,No internet service,No internet service,No internet service,Month-to-month,No,Credit card (automatic),30.97,1670.11,0,1,4.3,No
CUST-01332,Female,1,No,No,14,Yes,No,DSL,Yes,No,Yes,No,No,Yes,Month-to-month,Yes,Credit card (automatic),61.91,915.73,3,2,4.6,Yes
CUST-01333,Male,0,No,No,50,No,No phone service,DSL,No,No,No,Yes,No,No,Month-to-month,No,Mailed check,42.62,2035.0,3,3,4.2,No
CUST-01334,Female,0,Yes,No,42,Yes,No,DSL,No,Yes,No,No,No,Yes,Month-to-month,Yes,Electronic check,50.38,2024.92,0,5,3.7,Yes
CUST-01335,Female,1,Yes,No,36,Yes,No,DSL,No,No,No,No,No,Yes,Month-to-month,No,Bank transfer (automatic),62.15,2215.66,2,1,4.4,No
CUST-01336,Female,0,No,No,52,Yes,No,DSL,No,Yes,No,Yes,No,No,Month-to-month,Yes,Credit card (automatic),59.11,3019.46,1,3,4.2,No
CUST-01337,Female,0,No,Yes,52,Yes,Yes,Fiber optic,Yes,Yes,No,No,Yes,No,Month-to-month,No,Mailed check,93.17,4897.0,2,0,4.2,No
CUST-01338,Male,0,No,No,15,No,No phone service,DSL,No,No,Yes,No,Yes,No,One year,No,Mailed check,56.23,782.25,1,0,5.0,No
CUST-01339,Female,0,Yes,No,28,No,No phone service,Fiber optic,No,No,Yes,No,No,Yes,Month-to-month,Yes,Electronic check,100.64,2906.25,3,1,5.0,Yes
CUST-01340,Male,0,No,Yes,35,Yes,No,Fiber optic,No,No,No,No,Yes,No,One year,Yes,Mailed check,100.12,3495.49,2,0,5.0,No
CUST-01341,Female,0,No,No,11,Yes,No,Fiber optic,Yes,Yes,No,No,No,Yes,One year,No,Electronic check,90.82,1073.5,4,0,4.6,Yes
CUST-01342,Male,0,No,No,26,Yes,No,No,No internet service,No internet service,No internet service,No internet service,No internet service,No internet service,One year,No,Mailed check,39.27,998.94,0,0,4.2,No
CUST-01343,Male,0,Yes,No,3,Yes,Yes,No,No internet service,No internet service,No internet service,No internet service,No internet service,No internet service,Two year,Yes,Credit card (automatic),42.62,137.37,2,0,3.6,No
CUST-01344,Female,0,No,Yes,32,Yes,Yes,Fiber optic,No,No,No,No,No,Yes,One year,Yes,Mailed check,89.66,2855.22,1,0,5.0,No
CUST-01345,Male,0,Yes,No,15,Yes,Yes,Fiber optic,No,Yes,Yes,No,Yes,No,One year,Yes,Electronic check,102.16,1521.83,2,0,4.8,No
CUST-01346,Female,1,No,Yes,16,Yes,Yes,Fiber optic,No,No,No,No,Yes,No,Month-to-month,Yes,Bank transfer (automatic),74.64,1223.84,3,1,4.3,No
CUST-01347,Female,0,No,No,59,Yes,No,Fiber optic,No,No,No,No,No,Yes,Month-to-month,No,Mailed check,85.37,4878.2,2,3,3.3,No
CUST-01348,Female,1,No,No,11,No,No phone service,Fiber optic,Yes,No,No,Yes,Yes,No,One year,Yes,Electronic check,88.53,975.6,0,1,4.8,No
CUST-01349,Female,0,Yes,No,9,Yes,No,Fiber optic,No,No,Yes,No,Yes,Yes,Two year,Yes,Electronic check,111.68,1007.38,1,0,5.0,No
CUST-01350,Female,0,No,No,24,Yes,Yes,DSL,No,Yes,Yes,No,Yes,Yes,One year,Yes,Credit card (automatic),69.35,1762.26,1,0,4.4,No
CUST-01351,Male,0,Yes,Yes,2,Yes,No,Fiber optic,Yes,No,No,No,No,Yes,Two year,No,Bank transfer (automatic),63.66,134.34,0,0,5.0,No
CUST-01352,Male,0,No,No,63,Yes,No,No,No internet service,No internet service,No internet service,No internet service,No internet service,No internet service,Two year,Yes,Electronic check,33.03,2030.45,2,1,3.8,No
CUST-01353,Male,0,No,Yes,72,Yes,Yes,Fiber optic,No,No,No,Yes,No,Yes,Two year,No,Mailed check,89.18,6136.21,3,1,4.6,No
CUST-01354,Female,0,No,No,58,Yes,No,Fiber optic,No,No,No,No,Yes,Yes,One year,No,Electronic check,79.74,4724.75,4,1,4.3,Yes
CUST-01355,Male,1,Yes,No,58,Yes,No,Fiber optic,No,Yes,No,Yes,No,Yes,Two year,No,Electronic check,87.47,5142.87,5,0,4.9,No
CUST-01356,Male,0,No,No,8,No,No phone service,Fiber optic,Yes,Yes,No,No,No,Yes,One year,Yes,Credit card (automatic),90.18,773.11,5,1,4.4,Yes
CUST-01357,Male,1,No,No,40,Yes,No,DSL,No,No,Yes,No,No,No,Month-to-month,No,Credit card (automatic),41.35,1610.93,1,1,5.0,No
CUST-01358,Male,0,No,No,7,Yes,Yes,Fiber optic,No,No,Yes,Yes,Yes,Yes,Month-to-month,No,Bank transfer (automatic),99.5,744.89,3,0,4.6,Yes
CUST-01359,Male,0,No,No,22,Yes,Yes,DSL,No,No,No,Yes,Yes,Yes,Two year,Yes,Electronic check,39.11,845.12,0,1,4.7,No
CUST-01360,Male,0,No,No,36,Yes,Yes,Fiber optic,No,No,No,Yes,No,No,Month-to-month,No,Electronic check,86.3,2874.14,1,2,5.0,No
CUST-01361,Male,0,No,Yes,50,Yes,Yes,DSL,No,No,No,Yes,No,No,Month-to-month,No,Electronic check,71.24,3457.59,1,2,4.4,No
CUST-01362,Male,0,No,No,20,Yes,No,No,No internet service,No internet service,No internet service,No internet service,No internet service,No internet service,One year,No,Electronic check,25.46,519.46,0,1,4.5,No
CUST-01363,Male,0,Yes,No,19,Yes,Yes,Fiber optic,No,Yes,No,Yes,No,Yes,Month-to-month,Yes,Credit card (automatic),104.48,1896.99,5,2,3.9,Yes
CUST-01364,Male,1,No,No,60,Yes,No,DSL,Yes,No,Yes,No,No,No,Month-to-month,Yes,Electronic check,64.25,3625.97,0,1,4.9,No
CUST-01365,Female,0,Yes,No,17,Yes,No,No,No internet service,No internet service,No internet service,No internet service,No internet service,No internet service,Two year,Yes,Bank transfer (automatic),33.28,602.86,1,0,4.3,No
CUST-01366,Male,0,Yes,Yes,36,Yes,No,Fiber optic,No,Yes,No,Yes,Yes,Yes,One year,No,Electronic check,114.68,4065.71,7,4,3.0,No
CUST-01367,Male,0,No,No,21,No,No phone service,Fiber optic,Yes,No,No,No,No,No,Month-to-month,No,Bank transfer (automatic),100.93,2055.28,4,2,3.4,Yes
CUST-01368,Male,0,Yes,No,62,Yes,Yes,DSL,No,No,No,Yes,Yes,No,Month-to-month,Yes,Credit card (automatic),72.86,4408.4,0,2,5.0,No
CUST-01369,Female,0,No,No,39,Yes,No,Fiber optic,Yes,Yes,Yes,No,No,Yes,One year,No,Electronic check,117.53,4563.81,2,0,3.3,Yes
CUST-01370,Female,0,No,Yes,8,No,No phone service,Fiber optic,No,No,Yes,No,Yes,Yes,Month-to-month,No,Electronic check,75.61,620.75,3,4,3.2,No
CUST-01371,Female,0,Yes,No,11,Yes,Yes,Fiber optic,No,Yes,No,No,No,Yes,Month-to-month,Yes,Mailed check,109.13,1178.17,3,1,5.0,No
CUST-01372,Male,0,Yes,No,70,Yes,No,Fiber optic,No,Yes,No,No,No,No,Month-to-month,No,Electronic check,72.46,4704.25,5,2,3.8,Yes
CUST-01373,Male,0,Yes,No,68,Yes,No,DSL,Yes,No,Yes,No,No,Yes,Month-to-month,Yes,Electronic check,52.14,3444.92,1,1,4.3,No
CUST-01374,Male,0,Yes,No,56,Yes,Yes,No,No internet service,No internet service,No internet service,No internet service,No internet service,No internet service,Two year,Yes,Credit card (automatic),36.12,2051.85,0,0,5.0,No
CUST-01375,Female,0,No,No,6,Yes,Yes,No,No internet service,No internet service,No internet service,No internet service,No internet service,No internet service,Month-to-month,Yes,Mailed check,25.16,143.26,3,2,3.7,No
CUST-01376,Female,0,No,No,53,Yes,No,DSL,Yes,No,No,Yes,No,No,Month-to-month,Yes,Mailed check,55.7,3124.24,0,2,4.6,No
CUST-01377,Female,0,No,Yes,48,Yes,No,Fiber optic,Yes,No,No,No,No,Yes,One year,Yes,Bank transfer (automatic),73.76,3463.01,4,0,5.0,Yes
CUST-01378,Female,0,Yes,No,68,No,No phone service,DSL,No,Yes,No,No,No,No,Month-to-month,Yes,Electronic check,68.04,4601.24,2,5,3.9,No
CUST-01379,Female,1,No,Yes,36,Yes,No,No,No internet service,No internet service,No internet service,No internet service,No internet service,No internet service,Month-to-month,No,Bank transfer (automatic),23.91,893.15,0,1,4.5,No
CUST-01380,Female,0,Yes,No,34,Yes,No,DSL,Yes,No,Yes,No,No,No,Month-to-month,No,Electronic check,46.3,1516.49,1,0,4.6,No
CUST-01381,Female,0,No,No,46,No,No phone service,No,No internet service,No internet service,No internet service,No internet service,No internet service,No internet service,Two year,No,Electronic check,25.54,1251.07,3,1,4.8,No
CUST-01382,Male,0,No,No,11,Yes,No,No,No internet service,No internet service,No internet service,No internet service,No internet service,No internet service,Month-to-month,Yes,Credit card (automatic),22.31,253.28,2,4,4.7,Yes
CUST-01383,Male,0,Yes,No,54,Yes,Yes,DSL,No,No,No,Yes,No,No,One year,No,Credit card (automatic),40.41,2289.78,1,1,4.0,No
CUST-01384,Female,0,No,Yes,36,Yes,No,Fiber optic,Yes,Yes,Yes,Yes,Yes,Yes,One year,No,Electronic check,86.41,3110.89,3,0,5.0,No
CUST-01385,Male,1,No,No,14,Yes,Yes,Fiber optic,No,Yes,Yes,No,Yes,Yes,Month-to-month,No,Mailed check,74.35,1020.77,2,1,5.0,No
CUST-01386,Male,1,Yes,No,59,Yes,No,Fiber optic,No,Yes,Yes,No,Yes,No,One year,Yes,Bank transfer (automatic),90.54,5025.85,1,1,4.5,No
CUST-01387,Female,0,No,Yes,20,Yes,No,No,No internet service,No internet service,No internet service,No internet service,No internet service,No internet service,Month-to-month,Yes,Electronic check,43.5,805.38,3,4,4.2,Yes
CUST-01388,Male,0,No,No,62,Yes,No,Fiber optic,No,No,Yes,Yes,No,Yes,Month-to-month,Yes,Electronic check,95.8,5553.87,3,9,2.9,Yes
CUST-01389,Female,0,Yes,No,20,Yes,No,DSL,Yes,No,No,No,No,No,One year,No,Bank transfer (automatic),48.28,962.4,0,0,5.0,No
CUST-01390,Female,0,Yes,No,36,Yes,No,Fiber optic,No,No,Yes,Yes,Yes,Yes,Month-to-month,No,Bank transfer (automatic),86.5,3218.46,4,2,5.0,No
CUST-01391,Male,0,No,No,32,Yes,No,Fiber optic,No,Yes,Yes,No,Yes,No,Two year,Yes,Bank transfer (automatic),84.6,2889.45,2,1,3.9,No
CUST-01392,Female,0,No,No,53,Yes,No,Fiber optic,Yes,No,Yes,No,No,No,One year,Yes,Electronic check,104.88,6000.61,3,0,4.9,No
CUST-01393,Female,0,No,No,14,Yes,No,Fiber optic,No,No,Yes,No,No,Yes,Month-to-month,No,Bank transfer (automatic),78.31,1095.19,2,0,4.1,No
CUST-01394,Female,0,No,No,18,Yes,No,Fiber optic,No,Yes,No,Yes,No,No,Month-to-month,No,Electronic check,80.95,1399.73,3,3,3.7,Yes
CUST-01395,Male,0,No,Yes,14,Yes,No,DSL,No,No,Yes,No,No,Yes,One year,Yes,Bank transfer (automatic),65.75,917.31,7,0,3.7,No
CUST-01396,Female,0,Yes,Yes,17,Yes,Yes,Fiber optic,No,No,Yes,No,No,No,Two year,Yes,Mailed check,110.09,2007.3,1,1,3.4,No
CUST-01397,Female,0,Yes,No,33,Yes,No,DSL,Yes,No,No,No,No,Yes,Month-to-month,Yes,Bank transfer (automatic),58.86,1963.4,3,2,4.0,No
CUST-01398,Female,0,Yes,No,43,Yes,Yes,Fiber optic,No,Yes,No,No,No,Yes,Month-to-month,No,Electronic check,112.9,5027.62,3,2,4.8,No
CUST-01399,Male,0,No,No,63,Yes,No,No,No internet service,No internet service,No internet service,No internet service,No internet service,No internet service,One year,Yes,Mailed check,18.0,1048.55,2,0,4.8,No
CUST-01400,Male,0,No,No,31,Yes,Yes,DSL,No,Yes,Yes,Yes,No,No,One year,Yes,Mailed check,83.26,2389.67,2,0,4.8,No
CUST-01401,Female,0,No,No,30,Yes,No,DSL,No,No,No,Yes,No,Yes,One year,Yes,Electronic check,44.63,1416.58,1,1,5.0,No
CUST-01402,Male,0,Yes,Yes,12,No,No phone service,Fiber optic,No,No,Yes,No,No,No,Month-to-month,Yes,Electronic check,77.81,942.29,3,2,3.5,Yes
CUST-01403,Male,0,No,No,8,Yes,No,DSL,Yes,No,Yes,No,No,No,Month-to-month,Yes,Bank transfer (automatic),72.17,546.71,1,2,5.0,No
CUST-01404,Male,0,No,No,55,Yes,Yes,DSL,Yes,Yes,Yes,Yes,No,No,Month-to-month,Yes,Electronic check,54.75,2928.04,0,2,3.7,Yes
CUST-01405,Male,0,Yes,No,46,Yes,No,Fiber optic,No,No,Yes,No,No,Yes,Two year,No,Mailed check,94.38,4475.74,6,1,4.3,Yes
CUST-01406,Male,0,Yes,Yes,39,Yes,Yes,Fiber optic,No,Yes,Yes,No,Yes,No,Month-to-month,Yes,Electronic check,112.45,4064.61,3,1,4.5,No
CUST-01407,Male,1,No,No,32,Yes,No,DSL,Yes,Yes,Yes,No,No,No,Month-to-month,No,Electronic check,67.23,2108.33,4,2,4.3,No
CUST-01408,Female,0,No,No,38,No,No phone service,Fiber optic,No,No,No,No,No,No,Month-to-month,No,Electronic check,108.86,3916.0,4,4,3.5,Yes
CUST-01409,Male,1,No,No,61,Yes,No,DSL,Yes,No,Yes,No,Yes,No,Month-to-month,Yes,Electronic check,74.65,4200.22,2,1,3.5,Yes
CUST-01410,Male,0,Yes,No,14,No,No phone service,No,No internet service,No internet service,No internet service,No internet service,No internet service,No internet service,Month-to-month,Yes,Bank transfer (automatic),38.28,523.22,1,1,5.0,No
CUST-01411,Male,0,No,Yes,36,Yes,No,Fiber optic,Yes,No,Yes,No,No,No,Two year,Yes,Bank transfer (automatic),102.4,3461.61,4,2,4.2,Yes
CUST-01412,Female,0,Yes,No,18,No,No phone service,DSL,No,Yes,No,Yes,No,No,Two year,Yes,Electronic check,65.94,1150.8,5,0,4.2,No
CUST-01413,Male,0,Yes,No,8,Yes,Yes,Fiber optic,No,Yes,No,No,No,No,One year,No,Electronic check,73.48,551.97,1,1,5.0,No
CUST-01414,Female,0,No,No,50,Yes,Yes,Fiber optic,Yes,No,No,No,Yes,No,Month-to-month,No,Electronic check,119.55,5916.59,4,2,3.2,No
CUST-01415,Female,0,Yes,No,51,Yes,No,No,No internet service,No internet service,No internet service,No internet service,No internet service,No internet service,One year,Yes,Credit card (automatic),27.01,1308.58,0,1,5.0,No
CUST-01416,Female,0,No,No,62,Yes,Yes,Fiber optic,Yes,No,No,No,No,No,Month-to-month,No,Electronic check,85.09,5137.5,4,3,3.7,No
CUST-01417,Female,0,Yes,No,2,Yes,No,Fiber optic,Yes,No,No,No,No,No,Month-to-month,No,Credit card (automatic),105.38,222.07,4,0,5.0,Yes
CUST-01418,Male,0,Yes,No,13,Yes,Yes,Fiber optic,No,No,No,No,Yes,Yes,Month-to-month,No,Mailed check,116.74,1461.4,1,5,3.9,Yes
CUST-01419,Female,0,Yes,No,42,Yes,No,Fiber optic,No,No,No,No,No,No,One year,Yes,Credit card (automatic),70.46,2944.66,3,1,4.2,No
CUST-01420,Male,0,No,Yes,59,Yes,Yes,Fiber optic,Yes,No,No,Yes,No,No,Month-to-month,No,Electronic check,119.87,7047.62,3,5,3.9,No
CUST-01421,Female,0,Yes,No,68,Yes,Yes,Fiber optic,Yes,Yes,No,No,Yes,No,Month-to-month,Yes,Credit card (automatic),75.67,5110.32,3,1,5.0,No
CUST-01422,Female,0,Yes,No,57,Yes,No,No,No internet service,No internet service,No internet service,No internet service,No internet service,No internet service,Month-to-month,No,Credit card (automatic),29.73,1636.27,2,0,4.6,No
CUST-01423,Female,0,Yes,No,66,Yes,No,DSL,No,No,Yes,No,Yes,Yes,Two year,Yes,Electronic check,74.14,5230.94,0,0,5.0,No
CUST-01424,Female,0,Yes,No,59,Yes,No,No,No internet service,No internet service,No internet service,No internet service,No internet service,No internet service,One year,Yes,Credit card (automatic),22.5,1306.4,1,0,4.8,No
CUST-01425,Male,0,No,No,23,Yes,No,DSL,Yes,No,Yes,No,Yes,Yes,Month-to-month,Yes,Mailed check,80.14,1784.14,2,3,4.7,No
CUST-01426,Female,0,No,Yes,42,Yes,Yes,DSL,No,No,Yes,No,No,Yes,Month-to-month,Yes,Electronic check,71.65,2777.26,2,1,5.0,Yes
CUST-01427,Female,0,Yes,No,46,Yes,No,DSL,No,Yes,No,Yes,No,No,Month-to-month,Yes,Mailed check,49.03,2319.5,1,1,4.7,No
CUST-01428,Female,0,No,Yes,26,Yes,No,No,No internet service,No internet service,No internet service,No internet service,No internet service,No internet service,Month-to-month,Yes,Electronic check,50.15,1229.13,0,4,4.6,No
CUST-01429,Male,0,Yes,Yes,64,Yes,No,No,No internet service,No internet service,No internet service,No internet service,No internet service,No internet service,Month-to-month,No,Bank transfer (automatic),40.4,2554.45,0,1,4.8,No
CUST-01430,Female,0,No,Yes,56,Yes,No,Fiber optic,No,No,No,No,No,No,Month-to-month,Yes,Bank transfer (automatic),79.89,4327.37,4,0,4.9,No
CUST-01431,Male,0,Yes,No,38,Yes,Yes,No,No internet service,No internet service,No internet service,No internet service,No internet service,No internet service,Two year,Yes,Electronic check,41.77,1496.15,2,1,4.4,No
CUST-01432,Male,1,No,Yes,35,Yes,No,DSL,No,Yes,No,No,Yes,Yes,Month-to-month,No,Electronic check,67.26,2318.4,3,2,3.7,Yes
CUST-01433,Male,0,Yes,No,58,Yes,No,DSL,No,No,No,No,Yes,Yes,Month-to-month,No,Electronic check,71.15,4281.93,0,2,4.1,No
CUST-01434,Female,0,No,No,16,Yes,Yes,DSL,Yes,No,No,No,No,No,Month-to-month,No,Bank transfer (automatic),44.97,690.52,1,0,5.0,No
CUST-01435,Male,0,Yes,Yes,16,Yes,No,Fiber optic,No,No,No,No,Yes,Yes,Month-to-month,Yes,Electronic check,110.4,1825.11,7,4,3.8,Yes
CUST-01436,Male,0,No,No,29,No,No phone service,Fiber optic,No,Yes,No,No,Yes,No,Month-to-month,Yes,Mailed check,72.72,2008.48,8,3,3.0,Yes
CUST-01437,Male,0,Yes,No,10,Yes,Yes,DSL,No,No,No,No,No,Yes,One year,Yes,Mailed check,54.78,522.85,1,1,4.6,No
CUST-01438,Female,0,No,No,33,Yes,Yes,DSL,Yes,Yes,No,Yes,No,Yes,One year,Yes,Credit card (automatic),74.65,2657.78,2,2,4.7,No
CUST-01439,Male,0,No,No,32,Yes,No,Fiber optic,Yes,No,No,No,Yes,Yes,Month-to-month,Yes,Bank transfer (automatic),85.94,2734.95,2,0,4.3,No
CUST-01440,Female,0,Yes,No,37,Yes,No,DSL,No,Yes,No,No,No,Yes,One year,No,Credit card (automatic),52.45,2039.19,0,1,5.0,No
CUST-01441,Female,0,Yes,Yes,34,Yes,No,Fiber optic,No,No,No,No,Yes,Yes,Month-to-month,No,Bank transfer (automatic),80.11,2577.61,0,1,5.0,No
CUST-01442,Female,0,Yes,No,65,Yes,No,Fiber optic,No,No,No,Yes,Yes,No,Month-to-month,No,Mailed check,102.23,6694.91,1,0,5.0,No
CUST-01443,Female,1,No,Yes,20,Yes,Yes,DSL,Yes,Yes,No,No,Yes,Yes,Two year,Yes,Credit card (automatic),76.78,1555.55,1,1,4.7,No
CUST-01444,Male,1,No,No,30,Yes,Yes,DSL,No,No,No,No,No,No,Two year,No,Mailed check,57.49,1783.74,4,1,4.0,No
CUST-01445,Male,0,No,Yes,54,Yes,Yes,Fiber optic,No,No,No,No,Yes,No,Month-to-month,No,Electronic check,73.48,4146.22,3,6,2.9,No
CUST-01446,Male,0,Yes,No,21,Yes,No,Fiber optic,Yes,Yes,No,No,Yes,Yes,One year,Yes,Bank transfer (automatic),93.34,1888.19,4,0,4.3,No
CUST-01447,Female,0,No,No,48,Yes,No,Fiber optic,No,Yes,No,No,Yes,Yes,One year,Yes,Electronic check,105.57,5172.79,6,0,3.6,No
CUST-01448,Female,0,Yes,Yes,70,Yes,Yes,Fiber optic,No,No,No,No,No,No,Two year,No,Mailed check,89.32,6445.71,0,0,4.3,No
CUST-01449,Female,0,Yes,Yes,28,Yes,No,No,No internet service,No internet service,No internet service,No internet service,No internet service,No internet service,Month-to-month,Yes,Electronic check,41.29,1191.01,1,2,4.4,No
CUST-01450,Male,0,Yes,Yes,18,Yes,No,Fiber optic,No,No,No,No,Yes,No,Month-to-month,Yes,Electronic check,98.27,1689.95,2,1,4.5,Yes
CUST-01451,Male,1,Yes,No,14,Yes,No,DSL,No,No,No,No,Yes,No,One year,No,Electronic check,54.76,802.26,1,0,5.0,Yes
CUST-01452,Male,1,No,No,1,Yes,No,No,No internet service,No internet service,No internet service,No internet service,No internet service,No internet service,Month-to-month,Yes,Bank transfer (automatic),22.58,23.17,0,0,3.8,No
CUST-01453,Male,0,No,Yes,21,Yes,No,Fiber optic,No,Yes,Yes,Yes,No,No,Two year,Yes,Mailed check,79.85,1553.8,5,0,4.9,No
CUST-01454,Male,0,Yes,No,62,Yes,No,Fiber optic,No,No,No,No,No,No,Month-to-month,Yes,Mailed check,73.99,4647.73,2,2,4.8,No
CUST-01455,Female,0,Yes,Yes,19,Yes,No,Fiber optic,No,Yes,No,No,No,Yes,One year,No,Bank transfer (automatic),94.91,1667.37,2,1,4.4,Yes
CUST-01456,Male,0,No,No,69,Yes,No,Fiber optic,No,Yes,No,No,No,Yes,Month-to-month,No,Electronic check,120.0,7671.54,3,3,4.3,No
CUST-01457,Female,0,No,No,69,Yes,No,No,No internet service,No internet service,No internet service,No internet service,No internet service,No internet service,One year,No,Bank transfer (automatic),19.96,1291.66,1,0,5.0,No
CUST-01458,Male,0,Yes,No,50,Yes,No,DSL,No,No,No,No,No,Yes,Month-to-month,No,Mailed check,50.96,2634.65,3,2,3.6,No
CUST-01459,Male,0,Yes,No,71,Yes,Yes,Fiber optic,No,No,Yes,No,Yes,Yes,Month-to-month,No,Electronic check,95.35,6696.54,2,3,3.6,Yes
CUST-01460,Female,0,No,No,30,No,No phone service,DSL,No,No,No,No,No,No,Month-to-month,Yes,Mailed check,50.93,1567.82,3,1,4.7,No
CUST-01461,Female,0,No,Yes,69,Yes,Yes,Fiber optic,Yes,Yes,No,No,Yes,Yes,One year,Yes,Electronic check,86.8,6461.22,4,2,4.3,No
CUST-01462,Male,0,No,No,40,Yes,Yes,DSL,Yes,No,No,No,No,Yes,Month-to-month,No,Bank transfer (automatic),67.53,2889.53,3,1,4.8,No
CUST-01463,Male,0,Yes,Yes,6,Yes,No,Fiber optic,No,Yes,No,No,No,Yes,Month-to-month,Yes,Electronic check,84.13,529.09,1,2,4.2,No
CUST-01464,Male,1,No,Yes,60,No,No phone service,No,No internet service,No internet service,No internet service,No internet service,No internet service,No internet service,Two year,No,Electronic check,18.0,1045.23,3,2,4.4,No
CUST-01465,Female,0,Yes,No,69,Yes,No,DSL,Yes,Yes,No,No,No,No,Month-to-month,Yes,Electronic check,68.27,4916.1,3,1,4.1,No
CUST-01466,Male,0,No,No,64,Yes,No,DSL,No,No,Yes,No,No,Yes,Month-to-month,Yes,Mailed check,78.09,4893.35,2,1,4.0,No
CUST-01467,Female,0,Yes,No,31,No,No phone service,Fiber optic,No,No,Yes,No,Yes,No,One year,Yes,Bank transfer (automatic),112.78,3316.95,3,0,4.4,No
CUST-01468,Male,0,Yes,No,8,Yes,No,Fiber optic,No,No,Yes,No,No,No,Month-to-month,No,Mailed check,111.59,925.7,2,2,3.8,Yes
CUST-01469,Female,1,Yes,No,43,Yes,No,DSL,No,No,Yes,No,Yes,No,One year,No,Mailed check,45.55,2063.19,1,0,3.8,No
CUST-01470,Male,0,Yes,Yes,63,Yes,No,DSL,Yes,Yes,No,Yes,Yes,No,Month-to-month,Yes,Mailed check,57.76,3783.17,4,0,4.1,No
CUST-01471,Female,1,Yes,No,61,Yes,Yes,DSL,No,No,No,Yes,No,No,Two year,Yes,Credit card (automatic),59.16,3535.55,2,0,4.1,No
CUST-01472,Female,0,No,No,45,Yes,No,DSL,No,No,Yes,Yes,No,Yes,Month-to-month,No,Credit card (automatic),72.2,3354.38,2,0,4.4,Yes
CUST-01473,Male,0,No,Yes,57,Yes,Yes,No,No internet service,No internet service,No internet service,No internet service,No internet service,No internet service,Month-to-month,Yes,Credit card (automatic),24.71,1328.92,1,5,3.2,No
CUST-01474,Male,0,No,No,3,Yes,No,DSL,Yes,No,No,No,No,No,Two year,Yes,Credit card (automatic),61.91,190.46,1,1,4.2,No
CUST-01475,Female,0,Yes,No,45,No,No phone service,Fiber optic,No,No,Yes,No,Yes,No,One year,Yes,Mailed check,79.46,3372.66,2,0,4.8,No
CUST-01476,Male,0,Yes,No,8,Yes,Yes,DSL,No,No,No,Yes,Yes,No,Month-to-month,Yes,Bank transfer (automatic),40.23,298.87,0,0,5.0,No
CUST-01477,Male,0,No,No,54,Yes,Yes,No,No internet service,No internet service,No internet service,No internet service,No internet service,No internet service,Month-to-month,Yes,Mailed check,37.52,1871.64,1,1,5.0,Yes
CUST-01478,Male,0,Yes,No,4,Yes,No,Fiber optic,No,Yes,Yes,Yes,No,Yes,One year,Yes,Credit card (automatic),94.93,408.28,3,0,4.2,No
CUST-01479,Male,0,Yes,No,43,Yes,No,Fiber optic,No,Yes,Yes,Yes,Yes,Yes,One year,Yes,Bank transfer (automatic),97.77,3880.04,6,1,4.7,No
CUST-01480,Male,1,No,No,69,Yes,No,Fiber optic,Yes,No,No,No,No,Yes,Month-to-month,Yes,Mailed check,69.0,4693.16,3,4,3.9,No
CUST-01481,Male,0,No,No,9,Yes,No,DSL,No,No,No,No,Yes,No,Two year,Yes,Bank transfer (automatic),52.11,488.7,1,2,3.8,No
CUST-01482,Male,0,Yes,No,31,Yes,Yes,DSL,Yes,No,Yes,No,Yes,No,Month-to-month,Yes,Credit card (automatic),67.31,2102.63,2,3,4.5,Yes
CUST-01483,Male,0,No,No,3,Yes,No,Fiber optic,No,Yes,Yes,Yes,No,No,Two year,Yes,Electronic check,104.46,292.98,4,0,4.4,No
CUST-01484,Male,0,No,Yes,52,Yes,Yes,Fiber optic,No,No,No,No,Yes,Yes,One year,No,Credit card (automatic),102.85,5011.73,2,0,5.0,No
CUST-01485,Male,1,Yes,No,67,Yes,No,Fiber optic,Yes,Yes,No,No,Yes,No,One year,No,Mailed check,105.18,6652.03,3,0,5.0,No
CUST-01486,Female,0,No,No,1,Yes,No,Fiber optic,No,No,No,No,Yes,No,One year,No,Mailed check,95.08,90.58,3,0,4.3,Yes
CUST-01487,Male,0,Yes,No,40,Yes,Yes,Fiber optic,Yes,Yes,No,No,Yes,No,Month-to-month,Yes,Electronic check,107.82,4556.78,3,3,4.0,Yes
CUST-01488,Male,0,Yes,No,58,Yes,Yes,No,No internet service,No internet service,No internet service,No internet service,No internet service,No internet service,Month-to-month,Yes,Mailed check,42.21,2472.44,0,1,3.9,No
CUST-01489,Male,0,No,No,2,Yes,No,No,No internet service,No internet service,No internet service,No internet service,No internet service,No internet service,Two year,No,Mailed check,42.89,83.23,1,1,3.9,No
CUST-01490,Female,0,No,No,35,Yes,No,Fiber optic,Yes,Yes,No,No,No,No,Two year,Yes,Electronic check,92.43,3174.81,3,0,4.9,No
CUST-01491,Male,0,Yes,No,10,Yes,No,Fiber optic,No,No,No,Yes,No,No,Month-to-month,Yes,Electronic check,95.25,971.01,3,0,4.2,Yes
CUST-01492,Male,1,Yes,Yes,67,Yes,No,Fiber optic,No,No,No,No,No,No,Two year,Yes,Electronic check,103.66,7351.38,6,0,4.3,Yes
CUST-01493,Male,1,No,No,37,No,No phone service,Fiber optic,No,No,No,No,No,No,Month-to-month,No,Electronic check,60.63,2226.81,2,4,3.9,No
CUST-01494,Male,0,Yes,No,38,Yes,Yes,Fiber optic,Yes,No,Yes,No,Yes,No,One year,Yes,Bank transfer (automatic),98.41,3868.63,4,0,4.2,No
CUST-01495,Male,0,No,Yes,72,Yes,No,DSL,No,No,No,No,Yes,Yes,Two year,Yes,Electronic check,60.16,4575.66,2,1,4.0,No
CUST-01496,Male,0,No,Yes,57,Yes,No,No,No internet service,No internet service,No internet service,No internet service,No internet service,No internet service,Month-to-month,Yes,Credit card (automatic),19.75,1099.46,1,3,4.1,No
CUST-01497,Female,0,Yes,No,23,Yes,Yes,DSL,Yes,No,Yes,No,No,No,Month-to-month,Yes,Mailed check,68.94,,1,0,4.9,Yes
CUST-01498,Female,0,No,No,46,No,No phone service,DSL,Yes,Yes,No,No,Yes,No,Month-to-month,No,Mailed check,52.88,2520.1,1,2,4.4,No
CUST-01499,Male,1,No,No,22,Yes,Yes,DSL,Yes,Yes,No,Yes,No,Yes,One year,Yes,Credit card (automatic),57.39,1327.09,0,0,5.0,No
CUST-01500,Female,0,No,Yes,38,Yes,No,No,No internet service,No internet service,No internet service,No internet service,No internet service,No internet service,One year,No,Electronic check,36.42,1351.47,2,1,4.2,Yes
CUST-01501,Female,0,Yes,No,59,No,No phone service,DSL,Yes,No,Yes,No,Yes,No,One year,No,Bank transfer (automatic),61.06,3774.53,1,0,4.7,No
CUST-01502,Male,0,Yes,Yes,69,Yes,No,Fiber optic,No,No,No,No,No,Yes,Two year,Yes,Mailed check,84.12,6067.41,4,0,4.6,No
CUST-01503,Male,0,Yes,Yes,69,Yes,No,Fiber optic,No,No,No,Yes,No,No,Month-to-month,Yes,Bank transfer (automatic),91.42,5972.97,5,3,3.4,No
CUST-01504,Male,0,No,No,36,Yes,No,Fiber optic,Yes,Yes,No,No,No,No,Two year,Yes,Credit card (automatic),89.58,3297.96,1,0,4.8,No
CUST-01505,Female,0,No,No,65,Yes,Yes,Fiber optic,No,Yes,No,No,Yes,Yes,Month-to-month,No,Electronic check,115.94,8102.06,5,4,3.4,No
CUST-01506,Male,0,No,No,65,Yes,No,No,No internet service,No internet service,No internet service,No internet service,No internet service,No internet service,Two year,Yes,Bank transfer (automatic),18.0,1132.82,0,0,4.4,No
CUST-01507,Female,0,No,Yes,40,Yes,Yes,DSL,Yes,Yes,Yes,Yes,No,No,One year,Yes,Bank transfer (automatic),53.42,2128.14,1,2,4.8,No
CUST-01508,Male,0,Yes,Yes,3,No,No phone service,Fiber optic,No,No,No,Yes,No,No,Two year,Yes,Mailed check,94.95,275.73,2,1,5.0,No
CUST-01509,Female,0,Yes,No,9,Yes,No,DSL,No,No,Yes,Yes,No,No,Two year,Yes,Electronic check,53.22,495.01,3,2,5.0,No
CUST-01510,Female,0,No,Yes,48,Yes,No,Fiber optic,Yes,Yes,No,No,No,No,Month-to-month,Yes,Electronic check,80.07,3560.22,1,2,4.6,No
CUST-01511,Male,0,No,Yes,60,Yes,Yes,No,No internet service,No internet service,No internet service,No internet service,No internet service,No internet service,One year,Yes,Mailed check,21.8,1391.89,0,0,5.0,No
CUST-01512,Male,0,No,Yes,66,Yes,Yes,DSL,No,No,No,No,Yes,Yes,Month-to-month,Yes,Bank transfer (automatic),62.58,4169.1,0,2,5.0,No
CUST-01513,Female,1,Yes,No,18,Yes,No,No,No internet service,No internet service,No internet service,No internet service,No internet service,No internet service,Month-to-month,No,Mailed check,31.28,553.03,2,0,4.8,No
CUST-01514,Male,0,Yes,No,65,Yes,Yes,DSL,Yes,No,No,Yes,No,Yes,Month-to-month,Yes,Electronic check,52.42,3272.12,1,2,4.3,No
CUST-01515,Male,0,No,Yes,60,Yes,Yes,No,No internet service,No internet service,No internet service,No internet service,No internet service,No internet service,One year,No,Electronic check,26.1,1595.71,2,0,5.0,No
CUST-01516,Female,0,Yes,No,35,Yes,Yes,Fiber optic,No,Yes,No,No,No,Yes,One year,Yes,Mailed check,80.64,2753.49,7,1,3.8,Yes
CUST-01517,Male,0,Yes,No,27,Yes,No,No,No internet service,No internet service,No internet service,No internet service,No internet service,No internet service,One year,Yes,Electronic check,35.03,1004.27,0,0,5.0,No
CUST-01518,Male,0,No,No,34,No,No phone service,Fiber optic,No,Yes,Yes,Yes,No,Yes,Month-to-month,Yes,Electronic check,81.9,2878.97,3,4,3.6,Yes
CUST-01519,Male,0,No,No,49,Yes,No,Fiber optic,No,No,No,Yes,Yes,Yes,Month-to-month,Yes,Bank transfer (automatic),109.73,5228.51,8,1,3.7,Yes
CUST-01520,Male,0,No,No,59,Yes,No,DSL,Yes,Yes,No,No,No,No,Two year,Yes,Mailed check,61.88,3935.49,2,0,4.7,No
CUST-01521,Female,0,No,No,13,Yes,No,Fiber optic,No,Yes,No,Yes,Yes,No,One year,No,Bank transfer (automatic),91.32,1267.36,2,0,4.4,Yes
CUST-01522,Female,0,No,Yes,25,Yes,Yes,Fiber optic,No,No,No,No,No,No,Month-to-month,Yes,Mailed check,77.1,1854.7,2,1,4.3,Yes
CUST-01523,Male,0,Yes,No,9,Yes,No,DSL,No,No,No,No,No,No,Month-to-month,No,Electronic check,64.65,550.65,2,0,5.0,No
CUST-01524,Male,1,No,Yes,68,Yes,No,No,No internet service,No internet service,No internet service,No internet service,No internet service,No internet service,Two year,Yes,Electronic check,23.79,1624.76,2,0,5.0,No
CUST-01525,Female,0,No,No,30,Yes,No,DSL,No,No,No,No,No,Yes,Month-to-month,No,Electronic check,78.48,2393.12,0,1,4.1,No
CUST-01526,Male,0,Yes,No,19,Yes,No,Fiber optic,No,No,Yes,No,Yes,Yes,Two year,Yes,Credit card (automatic),90.23,1685.29,0,0,4.9,No
CUST-01527,Male,0,No,Yes,15,No,No phone service,Fiber optic,No,Yes,No,No,Yes,Yes,Month-to-month,No,Credit card (automatic),112.36,1692.97,4,3,4.5,Yes
CUST-01528,Male,0,No,Yes,6,Yes,No,DSL,No,No,Yes,No,Yes,Yes,One year,No,Electronic check,68.56,399.66,2,0,4.3,No
CUST-01529,Male,0,Yes,Yes,34,Yes,Yes,Fiber optic,Yes,No,No,No,Yes,No,Month-to-month,No,Credit card (automatic),92.61,3161.26,2,0,4.1,No
CUST-01530,Female,0,No,Yes,56,Yes,No,No,No internet service,No internet service,No internet service,No internet service,No internet service,No internet service,Month-to-month,No,Electronic check,39.25,2306.84,1,2,4.5,No
CUST-01531,Male,0,No,No,24,Yes,No,DSL,No,No,No,Yes,Yes,No,Month-to-month,Yes,Bank transfer (automatic),71.58,1597.08,1,2,4.4,Yes
CUST-01532,Male,0,Yes,Yes,30,Yes,Yes,DSL,No,No,Yes,No,No,No,One year,Yes,Mailed check,33.75,1012.3,4,1,4.3,No
CUST-01533,Female,0,Yes,No,46,Yes,No,DSL,Yes,No,No,No,No,No,One year,Yes,Bank transfer (automatic),63.36,2731.54,4,1,4.7,Yes
CUST-01534,Male,0,No,No,26,Yes,No,Fiber optic,Yes,Yes,Yes,No,No,Yes,Month-to-month,No,Credit card (automatic),75.68,1986.06,2,5,4.1,No
CUST-01535,Female,0,Yes,Yes,54,Yes,Yes,Fiber optic,No,Yes,Yes,Yes,No,Yes,One year,Yes,Credit card (automatic),100.57,5219.03,3,0,4.7,No
CUST-01536,Male,0,Yes,Yes,24,Yes,Yes,No,No internet service,No internet service,No internet service,No internet service,No internet service,No internet service,Month-to-month,Yes,Credit card (automatic),29.59,755.32,2,1,4.2,No
CUST-01537,Male,0,No,No,33,Yes,No,Fiber optic,No,No,Yes,Yes,Yes,Yes,Two year,Yes,Electronic check,85.83,3018.31,3,0,4.8,No
CUST-01538,Male,1,No,No,71,Yes,Yes,DSL,No,No,No,No,No,Yes,One year,Yes,Bank transfer (automatic),50.57,3498.62,0,1,5.0,No
CUST-01539,Female,0,No,No,61,Yes,Yes,DSL,No,No,No,No,Yes,Yes,Month-to-month,Yes,Mailed check,58.46,3546.84,0,1,4.7,No
CUST-01540,Female,0,No,Yes,42,Yes,Yes,DSL,Yes,Yes,Yes,No,Yes,No,Month-to-month,No,Electronic check,73.33,2979.85,2,2,5.0,No
CUST-01541,Male,0,No,No,29,Yes,No,Fiber optic,Yes,Yes,No,No,Yes,No,Month-to-month,Yes,Electronic check,87.35,2381.34,1,3,3.8,Yes
CUST-01542,Male,0,Yes,No,72,Yes,No,No,No internet service,No internet service,No internet service,No internet service,No internet service,No internet service,Two year,Yes,Mailed check,41.59,2867.44,2,0,4.0,No
CUST-01543,Male,1,Yes,No,34,Yes,No,DSL,No,Yes,No,No,No,No,Month-to-month,No,Bank transfer (automatic),40.92,1482.28,1,1,4.4,No
CUST-01544,Female,0,No,No,25,Yes,No,No,No internet service,No internet service,No internet service,No internet service,No internet service,No internet service,One year,Yes,Bank transfer (automatic),31.42,793.29,1,0,4.7,No
CUST-01545,Male,0,Yes,No,43,Yes,Yes,Fiber optic,No,No,Yes,Yes,No,Yes,One year,No,Mailed check,70.08,3159.82,3,0,4.3,No
CUST-01546,Female,0,No,No,30,Yes,Yes,No,No internet service,No internet service,No internet service,No internet service,No internet service,No internet service,Two year,Yes,Credit card (automatic),26.76,752.47,3,0,5.0,No
CUST-01547,Female,1,No,No,65,Yes,Yes,No,No internet service,No internet service,No internet service,No internet service,No internet service,No internet service,Month-to-month,Yes,Electronic check,32.57,2197.69,0,2,5.0,No
CUST-01548,Female,0,Yes,No,16,Yes,No,No,No internet service,No internet service,No internet service,No internet service,No internet service,No internet service,One year,No,Credit card (automatic),35.27,554.61,0,0,5.0,No
CUST-01549,Male,0,No,Yes,4,Yes,Yes,Fiber optic,No,Yes,No,No,Yes,No,Month-to-month,Yes,Bank transfer (automatic),69.96,279.71,4,0,5.0,No
CUST-01550,Male,0,No,No,31,Yes,Yes,Fiber optic,No,Yes,No,No,No,No,Month-to-month,No,Mailed check,65.38,2137.97,3,1,4.7,No
CUST-01551,Male,0,No,Yes,69,Yes,No,DSL,No,No,No,No,No,No,Month-to-month,Yes,Bank transfer (automatic),74.04,4743.97,1,2,3.8,No
CUST-01552,Female,0,Yes,No,5,Yes,Yes,DSL,No,No,No,No,No,No,Month-to-month,No,Mailed check,52.51,262.44,0,2,3.9,No
CUST-01553,Female,0,No,No,59,Yes,No,Fiber optic,No,No,Yes,No,Yes,Yes,Month-to-month,Yes,Electronic check,80.87,5003.12,0,3,5.0,No
CUST-01554,Female,0,Yes,No,1,Yes,No,No,No internet service,No internet service,No internet service,No internet service,No internet service,No internet service,Month-to-month,Yes,Credit card (automatic),34.38,32.35,1,1,4.5,No
CUST-01555,Male,0,No,No,41,Yes,No,Fiber optic,No,Yes,No,No,No,No,Two year,Yes,Mailed check,116.06,4880.65,5,0,4.6,No
CUST-01556,Male,0,No,Yes,33,Yes,No,Fiber optic,No,No,No,No,Yes,Yes,Two year,No,Credit card (automatic),76.84,2706.94,2,2,4.7,No
CUST-01557,Female,0,Yes,Yes,12,Yes,No,DSL,No,No,No,No,Yes,Yes,Month-to-month,Yes,Bank transfer (automatic),84.01,976.2,1,2,5.0,No
CUST-01558,Female,0,Yes,No,54,Yes,Yes,Fiber optic,No,No,No,Yes,No,Yes,Month-to-month,No,Bank transfer (automatic),108.24,5413.57,3,0,4.7,No
CUST-01559,Female,0,No,Yes,13,Yes,No,DSL,Yes,No,Yes,Yes,Yes,No,Month-to-month,No,Electronic check,56.24,785.45,3,3,3.7,No
CUST-01560,Female,0,No,Yes,32,Yes,Yes,DSL,No,No,No,No,Yes,No,One year,No,Credit card (automatic),78.33,2375.92,2,0,5.0,No
CUST-01561,Male,1,Yes,No,41,Yes,No,DSL,No,Yes,Yes,Yes,No,Yes,One year,No,Mailed check,82.09,3460.06,2,0,4.4,Yes
CUST-01562,Male,0,No,No,38,Yes,No,No,No internet service,No internet service,No internet service,No internet service,No internet service,No internet service,Month-to-month,Yes,Credit card (automatic),22.61,883.69,2,1,4.6,No
CUST-01563,Male,0,No,Yes,3,Yes,No,Fiber optic,No,Yes,Yes,No,No,Yes,One year,Yes,Mailed check,72.03,227.96,5,1,4.1,No
CUST-01564,Female,0,Yes,No,33,Yes,Yes,No,No internet service,No internet service,No internet service,No internet service,No internet service,No internet service,Month-to-month,Yes,Bank transfer (automatic),41.09,1387.83,4,2,3.8,Yes
CUST-01565,Female,0,No,No,48,Yes,No,Fiber optic,Yes,No,No,Yes,Yes,Yes,Month-to-month,No,Electronic check,115.75,5418.43,2,5,4.1,Yes
CUST-01566,Male,0,Yes,No,38,Yes,No,Fiber optic,Yes,No,Yes,Yes,Yes,Yes,Month-to-month,Yes,Bank transfer (automatic),83.71,2999.64,0,1,5.0,No
CUST-01567,Female,0,Yes,Yes,53,Yes,Yes,No,No internet service,No internet service,No internet service,No internet service,No internet service,No internet service,One year,No,Credit card (automatic),38.34,2091.27,0,1,4.8,No
CUST-01568,Female,0,No,No,56,Yes,Yes,No,No internet service,No internet service,No internet service,No internet service,No internet service,No internet service,One year,Yes,Electronic check,32.66,1868.46,2,0,4.8,No
CUST-01569,Female,0,Yes,No,13,Yes,Yes,DSL,No,Yes,No,No,Yes,No,Month-to-month,Yes,Electronic check,48.86,610.75,1,4,3.7,No
CUST-01570,Female,0,No,Yes,58,Yes,No,DSL,Yes,Yes,No,No,No,No,Month-to-month,No,Bank transfer (automatic),28.93,1609.67,1,3,4.2,No
CUST-01571,Male,0,No,No,65,Yes,No,DSL,Yes,No,No,No,No,Yes,Month-to-month,Yes,Mailed check,67.05,4551.54,1,3,3.8,No
CUST-01572,Male,1,No,No,61,Yes,Yes,Fiber optic,Yes,Yes,No,No,No,Yes,One year,Yes,Electronic check,93.16,6130.94,1,1,3.9,No
CUST-01573,Female,0,Yes,No,62,Yes,No,DSL,No,No,No,No,No,No,Month-to-month,Yes,Credit card (automatic),49.73,3299.47,0,1,4.3,No
CUST-01574,Female,0,Yes,Yes,16,Yes,No,Fiber optic,No,Yes,No,No,No,No,One year,Yes,Electronic check,76.87,1298.17,2,0,5.0,Yes
CUST-01575,Male,1,No,No,47,Yes,Yes,Fiber optic,No,Yes,No,Yes,Yes,Yes,One year,Yes,Credit card (automatic),64.98,2876.28,1,0,4.6,No
CUST-01576,Male,0,No,No,33,Yes,No,No,No internet service,No internet service,No internet service,No internet service,No internet service,No internet service,One year,Yes,Electronic check,33.02,1133.53,2,0,5.0,No
CUST-01577,Female,0,No,Yes,71,Yes,No,No,No internet service,No internet service,No internet service,No internet service,No internet service,No internet service,Month-to-month,No,Bank transfer (automatic),37.56,2684.09,0,1,4.7,No
CUST-01578,Female,0,Yes,Yes,60,Yes,Yes,Fiber optic,No,No,Yes,No,No,Yes,One year,Yes,Mailed check,96.96,5846.99,6,0,4.3,No
CUST-01579,Male,0,Yes,No,12,No,No phone service,Fiber optic,No,Yes,No,No,Yes,No,Month-to-month,Yes,Bank transfer (automatic),92.42,1041.03,0,5,4.1,No
CUST-01580,Female,0,Yes,Yes,68,Yes,Yes,DSL,No,No,No,No,No,No,Month-to-month,No,Bank transfer (automatic),69.76,4476.34,2,4,4.3,No
CUST-01581,Male,0,No,No,51,Yes,Yes,DSL,No,Yes,No,No,No,No,Month-to-month,No,Electronic check,47.0,2295.78,3,2,4.5,No
CUST-01582,Male,0,Yes,No,40,Yes,No,Fiber optic,No,No,No,No,No,Yes,Month-to-month,Yes,Mailed check,78.93,2966.22,4,1,4.1,Yes
CUST-01583,Female,1,No,Yes,33,Yes,Yes,No,No internet service,No internet service,No internet service,No internet service,No internet service,No internet service,Month-to-month,No,Bank transfer (automatic),23.25,754.68,4,2,3.8,Yes
CUST-01584,Male,1,Yes,No,36,Yes,No,DSL,No,No,No,No,No,No,One year,Yes,Electronic check,70.91,2745.27,1,1,5.0,No
CUST-01585,Female,0,Yes,No,56,Yes,Yes,Fiber optic,No,Yes,Yes,No,No,No,Two year,Yes,Mailed check,81.77,4939.53,3,0,4.4,No
CUST-01586,Male,0,No,Yes,56,No,No phone service,No,No internet service,No internet service,No internet service,No internet service,No internet service,No internet service,Two year,Yes,Electronic check,25.12,1489.65,2,0,5.0,No
CUST-01587,Female,0,No,No,40,Yes,No,DSL,No,No,No,No,No,Yes,One year,Yes,Mailed check,60.56,2461.03,2,0,4.4,No
CUST-01588,Male,1,No,No,72,Yes,Yes,No,No internet service,No internet service,No internet service,No internet service,No internet service,No internet service,Two year,No,Electronic check,32.38,2386.55,2,0,4.7,No
CUST-01589,Female,0,Yes,No,17,Yes,Yes,No,No internet service,No internet service,No internet service,No internet service,No internet service,No internet service,Month-to-month,No,Bank transfer (automatic),24.28,444.7,1,1,4.7,No
CUST-01590,Male,1,No,No,31,Yes,Yes,DSL,No,No,No,Yes,Yes,Yes,Two year,No,Credit card (automatic),41.71,1307.39,0,0,5.0,No
CUST-01591,Female,0,Yes,No,44,Yes,No,Fiber optic,No,Yes,No,No,No,Yes,Month-to-month,No,Electronic check,99.04,4011.69,0,2,4.6,No
CUST-01592,Male,0,No,No,12,Yes,Yes,DSL,Yes,Yes,No,No,Yes,Yes,One year,Yes,Bank transfer (automatic),71.94,876.57,2,0,4.6,No
CUST-01593,Male,0,No,Yes,36,Yes,Yes,Fiber optic,Yes,No,No,No,No,No,Month-to-month,Yes,Mailed check,81.22,2692.55,1,4,4.4,Yes
CUST-01594,Male,0,Yes,Yes,61,Yes,No,No,No internet service,No internet service,No internet service,No internet service,No internet service,No internet service,One year,Yes,Electronic check,18.22,1165.94,2,0,4.5,No
CUST-01595,Female,0,No,No,49,Yes,Yes,DSL,Yes,Yes,No,Yes,Yes,No,One year,Yes,Bank transfer (automatic),64.5,3325.88,1,1,4.9,No
CUST-01596,Male,1,Yes,No,52,Yes,No,No,No internet service,No internet service,No internet service,No internet service,No internet service,No internet service,One year,Yes,Electronic check,41.4,2159.13,1,1,4.9,No
CUST-01597,Female,0,Yes,No,12,Yes,No,No,No internet service,No internet service,No internet service,No internet service,No internet service,No internet service,Month-to-month,Yes,Bank transfer (automatic),21.8,248.22,1,0,5.0,No
CUST-01598,Female,0,Yes,Yes,11,Yes,No,Fiber optic,No,No,No,No,No,No,Two year,No,Credit card (automatic),98.86,1084.57,2,1,4.4,Yes
CUST-01599,Female,0,Yes,No,32,Yes,Yes,Fiber optic,Yes,No,No,Yes,No,No,Month-to-month,Yes,Bank transfer (automatic),88.3,2971.82,4,4,3.7,Yes
CUST-01600,Female,0,No,No,24,Yes,No,DSL,No,Yes,No,No,No,No,Month-to-month,No,Mailed check,49.02,1218.56,2,1,4.4,No
CUST-01601,Male,0,No,No,1,Yes,Yes,Fiber optic,No,Yes,Yes,No,No,Yes,Month-to-month,Yes,Mailed check,89.18,85.44,3,4,3.7,Yes
CUST-01602,Female,1,No,Yes,40,Yes,Yes,DSL,No,Yes,Yes,Yes,No,No,Month-to-month,No,Credit card (automatic),44.21,1653.43,3,3,4.4,No
CUST-01603,Female,1,No,Yes,55,Yes,No,DSL,No,Yes,No,No,No,Yes,One year,Yes,Bank transfer (automatic),60.47,3465.28,1,1,4.6,No
CUST-01604,Male,0,No,Yes,53,Yes,Yes,DSL,No,No,No,No,Yes,No,Month-to-month,No,Mailed check,58.55,3108.62,3,1,4.2,No
CUST-01605,Male,0,Yes,No,8,Yes,Yes,Fiber optic,No,Yes,No,Yes,No,Yes,One year,Yes,Mailed check,112.21,862.48,2,1,5.0,No
CUST-01606,Female,0,Yes,Yes,57,Yes,No,DSL,No,No,No,Yes,No,No,Two year,Yes,Bank transfer (automatic),35.54,2085.81,2,0,4.3,No
CUST-01607,Male,1,Yes,No,28,Yes,Yes,DSL,No,Yes,Yes,Yes,No,Yes,One year,No,Electronic check,41.19,1142.7,3,2,4.0,No
CUST-01608,Female,0,No,Yes,12,No,No phone service,Fiber optic,No,No,No,No,No,No,One year,Yes,Bank transfer (automatic),93.77,1184.48,2,1,3.4,No
CUST-01609,Male,0,No,Yes,34,No,No phone service,DSL,No,No,Yes,Yes,No,No,Month-to-month,Yes,Mailed check,48.65,1622.83,0,3,4.2,No
CUST-01610,Male,1,No,No,16,Yes,No,DSL,Yes,No,No,No,Yes,Yes,Month-to-month,Yes,Electronic check,53.03,903.89,0,5,3.7,No
CUST-01611,Female,1,Yes,No,49,Yes,No,DSL,Yes,No,No,No,Yes,No,Month-to-month,Yes,Credit card (automatic),74.87,3814.45,3,5,3.3,No
CUST-01612,Male,0,Yes,No,54,Yes,No,DSL,No,Yes,No,Yes,No,Yes,Month-to-month,Yes,Bank transfer (automatic),58.38,3349.78,1,1,4.8,No
CUST-01613,Female,0,No,Yes,53,Yes,Yes,DSL,No,No,No,No,Yes,Yes,Month-to-month,Yes,Bank transfer (automatic),49.44,2676.63,1,0,4.6,No
CUST-01614,Female,0,Yes,No,9,Yes,Yes,DSL,No,No,No,No,Yes,No,One year,Yes,Bank transfer (automatic),58.45,562.65,1,0,4.8,No
CUST-01615,Male,0,No,No,26,No,No phone service,Fiber optic,Yes,No,No,No,Yes,No,Month-to-month,Yes,Credit card (automatic),109.29,3009.8,6,2,4.0,No
CUST-01616,Male,0,Yes,No,36,No,No phone service,DSL,No,No,Yes,No,No,No,Two year,No,Mailed check,64.25,2130.94,2,0,5.0,No
CUST-01617,Female,0,Yes,No,71,Yes,Yes,DSL,No,Yes,Yes,No,No,No,One year,No,Bank transfer (automatic),60.24,4608.73,2,0,4.6,No
CUST-01618,Female,0,No,No,40,No,No phone service,Fiber optic,No,Yes,Yes,Yes,Yes,Yes,One year,No,Mailed check,77.17,3010.41,3,1,4.2,No
CUST-01619,Male,0,No,No,48,Yes,Yes,Fiber optic,No,No,No,No,Yes,No,Two year,Yes,Credit card (automatic),84.97,4178.45,4,0,3.9,No
CUST-01620,Female,0,No,No,25,Yes,No,Fiber optic,No,Yes,Yes,No,No,No,Month-to-month,No,Credit card (automatic),114.56,2882.93,4,0,3.5,No
CUST-01621,Male,0,No,No,22,Yes,Yes,No,No internet service,No internet service,No internet service,No internet service,No internet service,No internet service,Two year,No,Credit card (automatic),29.12,644.31,1,1,4.6,Yes
CUST-01622,Male,1,Yes,No,58,Yes,Yes,No,No internet service,No internet service,No internet service,No internet service,No internet service,No internet service,Month-to-month,No,Bank transfer (automatic),33.72,1910.53,4,3,4.0,No
CUST-01623,Female,0,No,No,61,Yes,Yes,Fiber optic,Yes,No,No,No,No,Yes,Month-to-month,No,Mailed check,107.9,6398.57,5,2,3.6,Yes
CUST-01624,Male,1,No,No,4,Yes,No,Fiber optic,Yes,No,Yes,No,No,Yes,Two year,Yes,Credit card (automatic),99.93,390.35,2,0,4.9,No
CUST-01625,Female,0,No,Yes,39,Yes,No,DSL,Yes,No,Yes,No,Yes,No,Two year,No,Bank transfer (automatic),67.3,2697.65,1,0,5.0,No
CUST-01626,Female,0,No,No,56,Yes,No,Fiber optic,No,Yes,No,No,No,No,Month-to-month,Yes,Bank transfer (automatic),98.58,5864.97,3,0,4.9,No
CUST-01627,Female,1,Yes,Yes,12,Yes,No,Fiber optic,No,Yes,No,No,Yes,No,One year,Yes,Bank transfer (automatic),113.45,1350.64,2,0,5.0,No
CUST-01628,Female,0,Yes,No,47,Yes,Yes,No,No internet service,No internet service,No internet service,No internet service,No internet service,No internet service,Two year,Yes,Mailed check,34.75,1725.62,1,1,4.7,No
CUST-01629,Male,0,No,Yes,35,Yes,Yes,No,No internet service,No internet service,No internet service,No internet service,No internet service,No internet service,Month-to-month,Yes,Bank transfer (automatic),42.37,1395.84,1,3,4.3,No
CUST-01630,Male,0,No,Yes,37,Yes,No,DSL,No,No,Yes,No,No,Yes,One year,No,Credit card (automatic),77.17,3023.51,2,1,5.0,No
CUST-01631,Female,0,Yes,Yes,43,Yes,No,No,No internet service,No internet service,No internet service,No internet service,No internet service,No internet service,Month-to-month,No,Bank transfer (automatic),29.65,1207.96,1,1,4.4,No
CUST-01632,Female,0,Yes,Yes,63,Yes,Yes,Fiber optic,No,Yes,Yes,Yes,No,No,Two year,No,Bank transfer (automatic),120.0,7883.89,3,1,4.5,No
CUST-01633,Male,0,No,Yes,7,Yes,Yes,Fiber optic,No,No,Yes,No,Yes,Yes,Month-to-month,No,Bank transfer (automatic),100.96,710.6,3,6,1.9,Yes
CUST-01634,Female,0,No,Yes,15,Yes,No,No,No internet service,No internet service,No internet service,No internet service,No internet service,No internet service,One year,Yes,Bank transfer (automatic),42.25,589.5,2,0,4.4,No
CUST-01635,Male,0,No,No,25,Yes,Yes,DSL,No,No,No,No,Yes,No,One year,No,Bank transfer (automatic),71.54,1858.68,0,0,5.0,No
CUST-01636,Female,0,Yes,No,58,Yes,No,Fiber optic,No,No,No,Yes,Yes,Yes,Month-to-month,Yes,Credit card (automatic),77.9,4842.77,4,0,4.3,Yes
CUST-01637,Male,0,No,No,43,Yes,Yes,No,No internet service,No internet service,No internet service,No internet service,No internet service,No internet service,Two year,Yes,Bank transfer (automatic),27.53,1240.14,2,0,5.0,No
CUST-01638,Female,0,No,No,14,Yes,No,DSL,No,Yes,No,No,Yes,No,Month-to-month,Yes,Electronic check,45.92,619.81,2,0,5.0,Yes
CUST-01639,Male,0,No,Yes,2,Yes,No,Fiber optic,No,No,Yes,Yes,No,No,Month-to-month,No,Electronic check,106.81,224.85,5,3,4.1,No
CUST-01640,Male,0,Yes,No,72,Yes,No,No,No internet service,No internet service,No internet service,No internet service,No internet service,No internet service,One year,Yes,Electronic check,29.39,2273.38,1,0,4.7,No
CUST-01641,Female,0,No,No,10,Yes,Yes,No,No internet service,No internet service,No internet service,No internet service,No internet service,No internet service,Month-to-month,No,Bank transfer (automatic),42.92,435.91,6,4,3.2,Yes
CUST-01642,Male,0,No,No,3,Yes,No,DSL,No,Yes,Yes,No,Yes,Yes,Two year,Yes,Electronic check,60.39,189.68,3,1,3.7,No
CUST-01643,Male,0,No,No,30,Yes,No,Fiber optic,No,No,No,No,Yes,Yes,Month-to-month,Yes,Credit card (automatic),87.17,2696.51,2,2,4.1,No
CUST-01644,Female,0,No,No,40,Yes,Yes,DSL,No,Yes,No,No,No,No,Two year,No,Electronic check,65.36,2438.7,1,0,5.0,No
CUST-01645,Male,0,No,No,19,Yes,No,No,No internet service,No internet service,No internet service,No internet service,No internet service,No internet service,One year,No,Credit card (automatic),30.34,540.61,0,1,4.4,No
CUST-01646,Male,1,Yes,No,13,Yes,Yes,Fiber optic,No,No,No,Yes,No,No,Two year,No,Credit card (automatic),120.0,1550.24,1,0,5.0,Yes
CUST-01647,Male,1,No,No,7,Yes,No,Fiber optic,No,No,Yes,No,Yes,No,Month-to-month,Yes,Credit card (automatic),76.68,519.81,3,0,4.5,No
CUST-01648,Female,0,No,Yes,30,Yes,No,No,No internet service,No internet service,No internet service,No internet service,No internet service,No internet service,Month-to-month,Yes,Electronic check,31.91,1032.68,2,5,2.9,Yes
CUST-01649,Female,0,Yes,No,69,Yes,No,Fiber optic,Yes,Yes,No,Yes,Yes,No,Month-to-month,Yes,Mailed check,93.08,6016.86,6,2,4.1,Yes
CUST-01650,Female,0,Yes,No,11,Yes,No,Fiber optic,No,Yes,No,Yes,Yes,No,Month-to-month,Yes,Credit card (automatic),81.09,,4,4,3.8,Yes
CUST-01651,Male,1,No,Yes,42,Yes,Yes,Fiber optic,Yes,No,No,No,Yes,No,Two year,Yes,Credit card (automatic),94.37,4056.75,3,1,4.8,No
CUST-01652,Male,0,Yes,No,14,Yes,No,Fiber optic,Yes,No,No,No,Yes,No,Two year,Yes,Mailed check,87.73,1303.31,2,2,3.9,No
CUST-01653,Male,0,No,No,49,Yes,No,Fiber optic,No,Yes,No,No,No,No,Month-to-month,Yes,Electronic check,85.34,3879.39,1,3,4.6,No
CUST-01654,Female,0,Yes,No,5,Yes,Yes,No,No internet service,No internet service,No internet service,No internet service,No internet service,No internet service,Month-to-month,No,Mailed check,44.88,217.96,2,1,4.4,No
CUST-01655,Male,0,Yes,Yes,15,Yes,No,DSL,No,Yes,No,No,No,Yes,Month-to-month,Yes,Mailed check,60.87,877.92,3,3,4.2,No
CUST-01656,Male,1,Yes,No,1,Yes,Yes,Fiber optic,Yes,No,No,Yes,Yes,Yes,Month-to-month,Yes,Credit card (automatic),76.94,82.25,1,4,3.8,Yes
CUST-01657,Female,1,No,No,47,Yes,Yes,Fiber optic,No,No,Yes,No,Yes,Yes,Month-to-month,Yes,Credit card (automatic),101.82,5162.4,2,1,4.5,No
CUST-01658,Female,0,No,Yes,52,Yes,No,DSL,No,No,Yes,No,Yes,No,Two year,Yes,Mailed check,54.71,2953.07,1,1,4.9,No
CUST-01659,Female,0,Yes,No,13,Yes,Yes,Fiber optic,No,Yes,No,No,Yes,Yes,Month-to-month,Yes,Credit card (automatic),80.47,1055.71,3,1,4.1,Yes
CUST-01660,Male,0,Yes,No,33,Yes,Yes,Fiber optic,Yes,No,No,Yes,No,Yes,One year,No,Bank transfer (automatic),103.93,3234.7,4,0,4.1,No
CUST-01661,Female,0,Yes,Yes,22,Yes,Yes,DSL,Yes,Yes,No,No,No,Yes,Two year,Yes,Mailed check,42.17,956.38,3,1,4.0,No
CUST-01662,Female,1,No,No,4,Yes,No,Fiber optic,No,No,No,No,Yes,No,Month-to-month,No,Electronic check,76.73,314.6,2,4,3.7,Yes
CUST-01663,Male,0,No,Yes,3,Yes,Yes,DSL,No,No,No,No,Yes,Yes,Two year,Yes,Mailed check,75.34,242.47,2,0,5.0,No
CUST-01664,Female,0,No,No,68,Yes,Yes,Fiber optic,Yes,No,Yes,Yes,Yes,No,One year,No,Mailed check,94.55,6128.97,5,0,4.2,No
CUST-01665,Female,0,Yes,No,47,No,No phone service,DSL,No,Yes,No,No,Yes,Yes,Two year,Yes,Electronic check,40.22,1959.44,2,0,4.2,No
CUST-01666,Male,0,No,Yes,48,Yes,Yes,DSL,No,Yes,No,No,No,No,Two year,Yes,Credit card (automatic),72.54,3334.95,4,1,3.6,No
CUST-01667,Female,0,Yes,No,22,Yes,Yes,DSL,No,No,No,No,No,No,One year,Yes,Electronic check,47.49,1125.72,1,0,5.0,No
CUST-01668,Female,0,Yes,No,20,Yes,No,Fiber optic,No,No,No,No,Yes,Yes,One year,Yes,Credit card (automatic),84.1,1801.11,4,1,3.0,No
CUST-01669,Female,1,Yes,No,58,Yes,No,Fiber optic,Yes,No,Yes,No,Yes,No,Two year,Yes,Electronic check,113.28,6415.82,2,1,4.7,No
CUST-01670,Female,0,Yes,No,32,Yes,No,Fiber optic,Yes,No,No,Yes,No,No,Two year,Yes,Electronic check,76.1,2406.04,2,1,4.2,No
CUST-01671,Female,0,Yes,No,8,Yes,No,DSL,No,No,No,Yes,No,No,One year,Yes,Bank transfer (automatic),43.77,350.44,0,1,4.0,No
CUST-01672,Female,0,No,No,36,No,No phone service,Fiber optic,Yes,No,No,Yes,Yes,Yes,Month-to-month,Yes,Credit card (automatic),92.49,3146.72,4,0,4.5,Yes
CUST-01673,Male,0,Yes,Yes,38,Yes,Yes,Fiber optic,Yes,No,No,Yes,No,No,Month-to-month,Yes,Electronic check,110.09,4048.99,1,2,3.2,Yes
CUST-01674,Female,0,No,No,42,No,No phone service,No,No internet service,No internet service,No internet service,No internet service,No internet service,No internet service,Two year,No,Electronic check,44.71,1930.6,1,0,4.8,No
CUST-01675,Female,0,No,No,39,Yes,Yes,DSL,No,No,No,No,No,Yes,Month-to-month,No,Bank transfer (automatic),43.34,1669.0,0,5,4.8,No
CUST-01676,Female,0,No,No,62,Yes,No,Fiber optic,No,No,No,No,Yes,No,Two year,No,Credit card (automatic),89.19,5663.53,0,1,4.9,No
CUST-01677,Male,0,No,No,18,No,No phone service,Fiber optic,No,No,Yes,Yes,No,Yes,One year,No,Mailed check,92.98,1747.19,1,0,5.0,No
CUST-01678,Male,0,No,No,43,Yes,No,Fiber optic,No,Yes,Yes,No,No,No,Two year,Yes,Bank transfer (automatic),81.32,3377.67,4,0,4.5,No
CUST-01679,Female,0,Yes,No,64,Yes,Yes,Fiber optic,No,No,No,Yes,Yes,No,Month-to-month,Yes,Mailed check,118.97,7921.68,4,0,4.4,Yes
CUST-01680,Female,1,Yes,No,71,Yes,No,DSL,No,Yes,Yes,No,No,Yes,Month-to-month,Yes,Electronic check,38.0,2807.51,0,1,5.0,No
CUST-01681,Female,1,No,Yes,70,Yes,No,DSL,No,No,No,Yes,No,No,Two year,No,Electronic check,58.66,3910.13,2,1,3.7,No
CUST-01682,Male,0,No,No,53,Yes,Yes,No,No internet service,No internet service,No internet service,No internet service,No internet service,No internet service,One year,No,Bank transfer (automatic),32.74,1602.92,1,0,4.0,No
CUST-01683,Male,0,No,No,8,Yes,Yes,Fiber optic,No,No,No,No,Yes,No,One year,No,Credit card (automatic),113.89,963.79,6,0,4.3,No
CUST-01684,Female,0,No,No,72,Yes,Yes,Fiber optic,Yes,No,No,No,No,No,Two year,Yes,Electronic check,89.05,6764.65,2,0,4.6,No
CUST-01685,Male,1,No,No,3,Yes,Yes,Fiber optic,Yes,No,No,No,Yes,No,Month-to-month,Yes,Bank transfer (automatic),96.74,269.14,4,1,4.0,No
CUST-01686,Female,0,No,No,40,Yes,No,DSL,Yes,Yes,No,No,Yes,Yes,Month-to-month,Yes,Bank transfer (automatic),78.48,3004.77,3,1,5.0,No
CUST-01687,Male,0,No,No,33,No,No phone service,Fiber optic,No,No,No,Yes,No,Yes,Month-to-month,Yes,Electronic check,78.62,2541.78,2,3,4.3,No
CUST-01688,Male,0,No,Yes,49,Yes,No,Fiber optic,No,No,Yes,No,No,Yes,One year,Yes,Mailed check,65.33,3421.71,2,0,4.6,No
CUST-01689,Female,1,No,No,57,Yes,No,DSL,Yes,Yes,No,No,Yes,No,One year,No,Credit card (automatic),85.64,4522.78,1,0,4.5,No
CUST-01690,Male,0,No,No,54,No,No phone service,No,No internet service,No internet service,No internet service,No internet service,No internet service,No internet service,Month-to-month,No,Electronic check,34.72,2016.95,1,2,5.0,No
CUST-01691,Female,0,No,Yes,17,Yes,Yes,DSL,No,No,Yes,No,No,No,One year,Yes,Electronic check,73.97,1211.94,4,0,4.5,No
CUST-01692,Female,0,No,No,55,Yes,No,Fiber optic,Yes,Yes,No,No,Yes,Yes,One year,No,Electronic check,92.61,5040.82,4,0,4.1,Yes
CUST-01693,Female,0,Yes,No,55,Yes,No,DSL,No,No,Yes,No,Yes,Yes,Month-to-month,Yes,Bank transfer (automatic),66.45,3364.08,2,0,5.0,No
CUST-01694,Male,1,Yes,Yes,2,Yes,Yes,No,No internet service,No internet service,No internet service,No internet service,No internet service,No internet service,Month-to-month,Yes,Mailed check,43.26,81.39,1,2,4.4,Yes
CUST-01695,Male,0,No,No,46,Yes,No,No,No internet service,No internet service,No internet service,No internet service,No internet service,No internet service,Two year,No,Credit card (automatic),35.12,1540.47,1,0,4.6,No
CUST-01696,Female,0,Yes,No,10,Yes,No,DSL,No,Yes,No,No,No,Yes,Month-to-month,No,Bank transfer (automatic),42.72,460.15,1,2,3.8,No
CUST-01697,Male,0,Yes,Yes,41,No,No phone service,Fiber optic,No,No,Yes,No,No,No,One year,No,Electronic check,104.09,4597.85,3,3,4.6,No
CUST-01698,Male,0,No,Yes,17,Yes,No,No,No internet service,No internet service,No internet service,No internet service,No internet service,No internet service,One year,Yes,Electronic check,40.71,665.09,3,1,3.9,No
CUST-01699,Male,0,No,No,26,Yes,Yes,Fiber optic,Yes,No,Yes,No,No,Yes,One year,Yes,Credit card (automatic),101.41,2796.38,1,0,5.0,No
CUST-01700,Female,0,No,No,20,Yes,Yes,DSL,No,No,No,Yes,No,Yes,Two year,No,Bank transfer (automatic),67.04,1256.67,3,0,4.6,No
CUST-01701,Male,1,No,No,63,Yes,Yes,Fiber optic,No,Yes,Yes,Yes,No,Yes,Two year,Yes,Bank transfer (automatic),79.14,4921.49,3,1,4.4,No
CUST-01702,Male,0,Yes,Yes,66,Yes,No,Fiber optic,No,Yes,Yes,No,Yes,No,Two year,No,Mailed check,95.21,6304.12,5,1,4.6,No
CUST-01703,Female,0,Yes,Yes,58,Yes,Yes,DSL,Yes,Yes,No,No,No,Yes,Month-to-month,Yes,Electronic check,57.31,3138.55,3,0,4.5,No
CUST-01704,Male,0,No,No,53,Yes,Yes,No,No internet service,No internet service,No internet service,No internet service,No internet service,No internet service,Month-to-month,Yes,Bank transfer (automatic),48.35,2607.77,2,1,4.5,No
CUST-01705,Female,0,Yes,No,27,Yes,Yes,No,No internet service,No internet service,No internet service,No internet service,No internet service,No internet service,One year,No,Electronic check,39.01,1050.74,0,1,5.0,No
CUST-01706,Female,0,No,No,11,No,No phone service,DSL,No,No,Yes,No,No,No,One year,Yes,Bank transfer (automatic),71.21,845.34,0,1,4.7,No
CUST-01707,Female,0,No,No,41,Yes,No,Fiber optic,Yes,No,No,Yes,No,No,Month-to-month,No,Credit card (automatic),114.4,4497.06,1,1,4.9,No
CUST-01708,Female,0,No,No,31,Yes,No,DSL,No,Yes,No,No,No,No,One year,Yes,Credit card (automatic),64.03,2127.78,3,0,4.4,No
CUST-01709,Male,0,No,No,21,Yes,Yes,No,No internet service,No internet service,No internet service,No internet service,No internet service,No internet service,One year,No,Electronic check,21.1,435.33,2,0,4.7,No
CUST-01710,Male,0,No,No,18,Yes,Yes,No,No internet service,No internet service,No internet service,No internet service,No internet service,No internet service,Month-to-month,No,Mailed check,25.38,489.22,3,0,4.8,No
CUST-01711,Male,0,No,Yes,12,No,No phone service,No,No internet service,No internet service,No internet service,No internet service,No internet service,No internet service,Two year,No,Bank transfer (automatic),37.25,449.52,1,0,5.0,No
CUST-01712,Male,0,Yes,No,60,Yes,No,DSL,Yes,No,Yes,No,Yes,No,Two year,No,Mailed check,42.04,2507.53,0,3,4.7,No
CUST-01713,Female,0,No,No,24,Yes,No,DSL,No,Yes,Yes,No,No,Yes,Month-to-month,Yes,Bank transfer (automatic),55.9,1246.25,2,2,4.3,No
CUST-01714,Female,1,Yes,No,67,Yes,Yes,Fiber optic,No,No,No,No,No,Yes,Month-to-month,No,Mailed check,116.72,8106.71,0,1,5.0,No
CUST-01715,Female,0,No,Yes,49,Yes,Yes,DSL,No,Yes,No,No,No,Yes,Month-to-month,No,Electronic check,85.5,3964.09,1,2,4.1,No
CUST-01716,Female,0,Yes,Yes,12,Yes,Yes,DSL,Yes,No,No,Yes,Yes,No,Two year,No,Electronic check,62.38,778.85,0,1,5.0,No
CUST-01717,Female,0,No,No,5,Yes,No,DSL,No,No,Yes,No,No,Yes,Month-to-month,Yes,Bank transfer (automatic),82.42,420.03,1,1,5.0,Yes
CUST-01718,Male,0,No,Yes,30,Yes,Yes,Fiber optic,No,Yes,Yes,No,No,No,Month-to-month,No,Credit card (automatic),83.23,2637.97,1,1,3.9,Yes
CUST-01719,Male,0,Yes,No,6,Yes,No,Fiber optic,No,Yes,No,No,No,No,Month-to-month,Yes,Electronic check,71.43,426.43,3,0,4.4,Yes
CUST-01720,Female,0,No,No,69,Yes,No,No,No internet service,No internet service,No internet service,No internet service,No internet service,No internet service,One year,Yes,Mailed check,30.69,2155.7,1,1,4.8,No
CUST-01721,Male,0,Yes,Yes,66,Yes,Yes,DSL,No,No,No,No,No,No,Month-to-month,No,Electronic check,68.09,4443.15,3,4,3.6,No
CUST-01722,Female,0,Yes,No,48,Yes,Yes,Fiber optic,Yes,No,No,No,Yes,No,Month-to-month,No,Credit card (automatic),114.82,5550.63,10,1,3.7,Yes
CUST-01723,Female,0,Yes,No,22,Yes,No,Fiber optic,No,Yes,No,Yes,No,No,One year,Yes,Electronic check,72.68,1572.76,3,0,3.9,Yes
CUST-01724,Female,0,Yes,Yes,63,Yes,Yes,DSL,No,No,No,No,No,Yes,Month-to-month,Yes,Mailed check,77.69,5070.55,0,0,4.9,Yes
CUST-01725,Female,0,No,No,47,Yes,No,Fiber optic,Yes,No,No,No,No,No,Month-to-month,Yes,Bank transfer (automatic),82.95,3937.2,2,0,4.7,No
CUST-01726,Female,0,No,No,26,Yes,No,No,No internet service,No internet service,No internet service,No internet service,No internet service,No internet service,Two year,No,Electronic check,52.43,1300.98,1,1,5.0,No
CUST-01727,Female,0,No,No,64,Yes,Yes,DSL,Yes,Yes,No,No,No,Yes,Month-to-month,Yes,Electronic check,74.68,5118.97,1,2,4.0,No
CUST-01728,Female,0,No,Yes,16,Yes,No,No,No internet service,No internet service,No internet service,No internet service,No internet service,No internet service,Two year,Yes,Credit card (automatic),30.67,478.02,1,2,3.7,Yes
CUST-01729,Male,0,No,No,41,Yes,Yes,Fiber optic,No,Yes,No,No,Yes,Yes,Two year,Yes,Bank transfer (automatic),119.11,5012.23,2,1,4.0,No
CUST-01730,Male,0,No,No,50,Yes,Yes,Fiber optic,No,No,No,No,No,No,Month-to-month,No,Mailed check,102.88,5089.22,1,0,5.0,No
CUST-01731,Female,0,No,Yes,66,Yes,No,No,No internet service,No internet service,No internet service,No internet service,No internet service,No internet service,Month-to-month,Yes,Bank transfer (automatic),23.56,1673.65,2,1,4.9,No
CUST-01732,Female,1,Yes,No,10,Yes,No,Fiber optic,No,Yes,Yes,No,Yes,No,Month-to-month,Yes,Bank transfer (automatic),87.69,894.16,4,0,4.6,No
CUST-01733,Female,0,No,No,21,Yes,Yes,Fiber optic,Yes,No,No,No,No,Yes,One year,Yes,Electronic check,79.65,1642.6,4,3,3.5,Yes
CUST-01734,Female,0,No,No,61,Yes,No,DSL,No,No,No,No,No,No,Month-to-month,No,Credit card (automatic),70.9,4358.52,2,1,4.4,No
CUST-01735,Female,1,Yes,No,36,Yes,Yes,Fiber optic,Yes,No,No,Yes,Yes,No,Month-to-month,Yes,Electronic check,80.16,3098.06,5,5,3.0,Yes
CUST-01736,Female,0,Yes,No,55,No,No phone service,No,No internet service,No internet service,No internet service,No internet service,No internet service,No internet service,One year,Yes,Mailed check,32.48,1838.07,5,1,3.7,No
CUST-01737,Female,0,Yes,No,56,Yes,Yes,No,No internet service,No internet service,No internet service,No internet service,No internet service,No internet service,One year,No,Electronic check,18.0,993.23,3,0,4.8,No
CUST-01738,Male,0,Yes,No,22,Yes,No,Fiber optic,No,No,No,No,Yes,No,One year,Yes,Mailed check,112.92,2431.28,2,0,5.0,No
CUST-01739,Male,0,No,No,24,Yes,No,No,No internet service,No internet service,No internet service,No internet service,No internet service,No internet service,Month-to-month,Yes,Bank transfer (automatic),35.82,819.9,2,1,3.9,Yes
CUST-01740,Male,0,Yes,No,36,Yes,No,Fiber optic,No,Yes,No,No,Yes,No,One year,No,Mailed check,105.58,3737.57,2,1,4.1,No
CUST-01741,Male,0,No,No,3,Yes,Yes,Fiber optic,No,No,No,No,Yes,No,One year,Yes,Bank transfer (automatic),90.29,291.25,2,1,4.8,No
CUST-01742,Female,0,No,No,58,Yes,No,DSL,No,Yes,Yes,Yes,Yes,No,Two year,Yes,Electronic check,58.21,3499.22,1,1,5.0,No
CUST-01743,Male,0,Yes,No,9,Yes,Yes,Fiber optic,No,No,No,No,No,Yes,One year,Yes,Bank transfer (automatic),95.61,886.56,3,1,4.3,Yes
CUST-01744,Male,0,No,No,68,Yes,No,Fiber optic,Yes,Yes,No,No,No,No,One year,Yes,Electronic check,102.02,7002.63,1,0,5.0,No
CUST-01745,Male,0,No,Yes,57,Yes,No,Fiber optic,No,Yes,No,Yes,No,No,One year,Yes,Credit card (automatic),99.94,5990.06,5,0,4.0,No
CUST-01746,Female,0,No,No,26,Yes,No,Fiber optic,No,Yes,Yes,No,No,No,Month-to-month,No,Bank transfer (automatic),108.8,3051.95,3,1,3.5,Yes
CUST-01747,Female,0,No,Yes,6,Yes,Yes,No,No internet service,No internet service,No internet service,No internet service,No internet service,No internet service,One year,Yes,Electronic check,25.49,163.12,0,0,5.0,No
CUST-01748,Male,0,No,No,57,No,No phone service,No,No internet service,No internet service,No internet service,No internet service,No internet service,No internet service,Two year,No,Electronic check,45.84,2480.11,2,1,4.5,No
CUST-01749,Female,1,Yes,No,33,Yes,No,No,No internet service,No internet service,No internet service,No internet service,No internet service,No internet service,Two year,Yes,Electronic check,33.98,1163.47,1,0,4.9,No
CUST-01750,Female,0,Yes,No,15,Yes,No,No,No internet service,No internet service,No internet service,No internet service,No internet service,No internet service,Month-to-month,Yes,Electronic check,39.56,596.92,3,5,3.5,No
CUST-01751,Female,0,Yes,Yes,31,Yes,No,No,No internet service,No internet service,No internet service,No internet service,No internet service,No internet service,Month-to-month,Yes,Bank transfer (automatic),18.0,566.19,3,0,3.8,No
CUST-01752,Female,0,Yes,No,66,Yes,Yes,Fiber optic,Yes,Yes,No,Yes,No,No,Month-to-month,No,Electronic check,108.33,7203.05,2,3,3.8,No
CUST-01753,Female,0,No,No,50,Yes,Yes,DSL,No,No,Yes,No,Yes,No,One year,Yes,Electronic check,52.86,2818.14,3,0,4.9,No
CUST-01754,Male,0,Yes,No,50,Yes,No,No,No internet service,No internet service,No internet service,No internet service,No internet service,No internet service,One year,Yes,Mailed check,29.76,1497.82,1,1,5.0,No
CUST-01755,Female,1,No,No,38,Yes,Yes,DSL,Yes,No,No,No,No,Yes,Two year,Yes,Electronic check,48.53,1724.26,1,0,4.4,No
CUST-01756,Male,0,Yes,No,11,Yes,No,Fiber optic,Yes,No,Yes,No,Yes,No,Month-to-month,Yes,Electronic check,95.28,1099.7,4,0,4.6,Yes
CUST-01757,Male,0,No,Yes,69,Yes,Yes,DSL,No,Yes,No,No,No,Yes,One year,No,Credit card (automatic),55.24,3718.06,2,0,4.9,No
CUST-01758,Female,1,No,No,54,No,No phone service,Fiber optic,No,No,No,No,No,Yes,Month-to-month,Yes,Credit card (automatic),83.64,4193.39,4,1,3.2,No
CUST-01759,Female,0,No,No,38,Yes,No,DSL,No,No,No,No,Yes,No,One year,Yes,Mailed check,43.13,1618.72,2,0,4.9,No
CUST-01760,Female,1,No,No,53,No,No phone service,Fiber optic,Yes,No,Yes,No,No,Yes,Two year,No,Bank transfer (automatic),90.51,5040.62,4,0,4.1,No
CUST-01761,Male,0,Yes,No,27,Yes,No,No,No internet service,No internet service,No internet service,No internet service,No internet service,No internet service,Two year,Yes,Credit card (automatic),40.62,1098.38,0,1,5.0,No
CUST-01762,Male,0,No,No,54,Yes,Yes,DSL,No,No,No,No,No,No,Month-to-month,Yes,Electronic check,40.32,2021.09,3,3,4.1,Yes
CUST-01763,Male,1,Yes,No,70,Yes,Yes,DSL,No,Yes,Yes,No,No,Yes,Two year,Yes,Credit card (automatic),75.95,5696.96,1,2,4.2,No
CUST-01764,Female,0,No,Yes,25,Yes,No,No,No internet service,No internet service,No internet service,No internet service,No internet service,No internet service,Two year,No,Credit card (automatic),21.44,562.81,2,0,4.4,No
CUST-01765,Female,0,No,No,1,Yes,No,DSL,No,No,Yes,No,No,Yes,One year,Yes,Bank transfer (automatic),64.07,61.73,1,1,5.0,Yes
CUST-01766,Female,0,Yes,No,54,Yes,No,Fiber optic,Yes,Yes,No,No,No,No,Month-to-month,No,Mailed check,70.09,3917.24,3,1,3.7,No
CUST-01767,Female,0,Yes,Yes,62,Yes,No,No,No internet service,No internet service,No internet service,No internet service,No internet service,No internet service,Month-to-month,Yes,Mailed check,18.0,1199.35,2,3,3.6,Yes
CUST-01768,Male,0,Yes,No,60,Yes,Yes,Fiber optic,No,No,Yes,No,Yes,Yes,Month-to-month,Yes,Electronic check,76.36,4354.15,3,4,3.4,Yes
CUST-01769,Male,0,No,No,71,No,No phone service,DSL,No,No,No,No,Yes,No,Two year,No,Bank transfer (automatic),54.98,4168.19,3,0,4.7,No
CUST-01770,Male,0,No,Yes,25,Yes,No,Fiber optic,Yes,No,No,No,No,Yes,Month-to-month,No,Bank transfer (automatic),95.01,2256.81,3,3,4.0,No
CUST-01771,Male,0,Yes,No,67,Yes,Yes,No,No internet service,No internet service,No internet service,No internet service,No internet service,No internet service,Two year,Yes,Bank transfer (automatic),29.07,1866.16,2,0,4.5,No
CUST-01772,Male,0,Yes,No,15,Yes,Yes,Fiber optic,Yes,Yes,No,No,No,No,One year,No,Credit card (automatic),100.71,1499.1,2,2,4.0,No
CUST-01773,Male,0,Yes,No,43,Yes,No,Fiber optic,No,No,Yes,No,Yes,No,Month-to-month,No,Electronic check,92.68,3674.71,2,1,4.8,No
CUST-01774,Male,0,No,Yes,64,Yes,No,DSL,No,Yes,No,No,No,No,Month-to-month,Yes,Mailed check,55.92,3575.84,0,2,5.0,No
CUST-01775,Female,0,Yes,No,66,Yes,Yes,No,No internet service,No internet service,No internet service,No internet service,No internet service,No internet service,Month-to-month,Yes,Electronic check,33.99,2175.73,1,3,4.9,No
CUST-01776,Male,0,Yes,No,45,Yes,No,DSL,Yes,Yes,Yes,No,No,Yes,Month-to-month,Yes,Bank transfer (automatic),59.77,2503.07,4,0,3.8,Yes
CUST-01777,Male,0,No,No,40,Yes,Yes,DSL,Yes,No,No,No,Yes,No,One year,Yes,Electronic check,45.41,1811.74,2,2,4.3,No
CUST-01778,Male,0,Yes,No,34,Yes,No,DSL,No,No,No,No,Yes,Yes,Month-to-month,Yes,Electronic check,48.49,1654.6,0,3,4.1,No
CUST-01779,Male,0,No,No,63,Yes,No,No,No internet service,No internet service,No internet service,No internet service,No internet service,No internet service,One year,No,Electronic check,44.82,2968.64,3,1,4.5,No
CUST-01780,Female,0,No,Yes,64,No,No phone service,Fiber optic,No,Yes,No,No,Yes,Yes,Two year,Yes,Mailed check,100.93,6972.68,0,0,5.0,No
CUST-01781,Male,0,Yes,No,18,Yes,No,DSL,Yes,No,Yes,No,No,Yes,Month-to-month,No,Credit card (automatic),71.62,1373.34,3,1,4.8,Yes
CUST-01782,Male,1,No,No,10,Yes,No,DSL,No,Yes,Yes,No,Yes,Yes,Month-to-month,No,Electronic check,68.34,648.52,1,6,4.5,Yes
CUST-01783,Male,1,Yes,Yes,59,Yes,No,No,No internet service,No internet service,No internet service,No internet service,No internet service,No internet service,Two year,Yes,Credit card (automatic),19.15,1195.01,1,0,5.0,No
CUST-01784,Female,0,Yes,Yes,59,No,No phone service,DSL,Yes,No,Yes,No,Yes,Yes,One year,No,Bank transfer (automatic),53.68,3290.53,1,0,4.9,No
CUST-01785,Female,1,No,No,8,Yes,No,Fiber optic,No,No,Yes,No,No,Yes,Month-to-month,Yes,Credit card (automatic),102.2,859.74,3,2,3.3,No
CUST-01786,Male,1,No,No,36,Yes,No,Fiber optic,Yes,No,Yes,No,Yes,No,Month-to-month,Yes,Credit card (automatic),75.24,2603.67,3,3,4.2,No
CUST-01787,Male,0,No,No,37,No,No phone service,Fiber optic,No,No,No,No,No,No,Month-to-month,Yes,Mailed check,68.05,2611.02,2,0,5.0,No
CUST-01788,Male,0,Yes,Yes,4,Yes,Yes,Fiber optic,No,No,Yes,No,No,Yes,Month-to-month,Yes,Mailed check,119.95,493.9,1,1,5.0,No
CUST-01789,Male,0,Yes,No,48,Yes,No,No,No internet service,No internet service,No internet service,No internet service,No internet service,No internet service,One year,No,Electronic check,29.12,1398.65,0,0,5.0,No
CUST-01790,Female,0,Yes,Yes,71,Yes,Yes,DSL,Yes,No,Yes,No,No,Yes,Month-to-month,Yes,Mailed check,63.67,4761.36,1,2,4.5,No
CUST-01791,Female,0,No,No,16,Yes,No,Fiber optic,No,No,No,Yes,Yes,Yes,Month-to-month,Yes,Mailed check,88.4,1364.06,1,6,3.3,Yes
CUST-01792,Female,0,No,No,57,Yes,Yes,DSL,No,Yes,No,No,Yes,No,Month-to-month,Yes,Bank transfer (automatic),62.79,3522.47,0,2,4.1,No
CUST-01793,Male,0,No,No,6,Yes,Yes,Fiber optic,No,Yes,No,No,No,Yes,One year,Yes,Bank transfer (automatic),89.6,529.02,1,1,5.0,No
CUST-01794,Male,1,No,No,16,Yes,Yes,Fiber optic,No,No,No,No,Yes,Yes,Month-to-month,Yes,Electronic check,113.08,1829.62,4,3,3.5,Yes
CUST-01795,Male,0,Yes,No,41,No,No phone service,Fiber optic,No,No,Yes,No,No,No,Month-to-month,No,Electronic check,85.9,3257.08,1,4,3.8,Yes
CUST-01796,Male,0,No,No,67,Yes,No,No,No internet service,No internet service,No internet service,No internet service,No internet service,No internet service,Month-to-month,No,Bank transfer (automatic),18.0,1200.5,0,2,4.0,No
CUST-01797,Female,0,Yes,No,64,Yes,Yes,No,No internet service,No internet service,No internet service,No internet service,No internet service,No internet service,Two year,Yes,Mailed check,41.47,2481.5,1,0,5.0,No
CUST-01798,Male,0,Yes,No,68,No,No phone service,DSL,Yes,Yes,No,Yes,No,No,Two year,No,Electronic check,62.96,4009.6,2,1,4.7,No
CUST-01799,Male,1,No,No,72,Yes,No,Fiber optic,No,No,No,Yes,Yes,Yes,One year,Yes,Credit card (automatic),107.86,8096.06,7,1,3.9,No
CUST-01800,Female,0,No,No,58,Yes,No,Fiber optic,No,Yes,No,No,No,No,Two year,No,Mailed check,117.15,6607.49,2,0,4.9,No
CUST-01801,Male,0,Yes,No,27,No,No phone service,No,No internet service,No internet service,No internet service,No internet service,No internet service,No internet service,Two year,Yes,Electronic check,40.96,1048.19,0,0,4.7,No
CUST-01802,Male,0,Yes,No,10,Yes,No,DSL,No,No,Yes,Yes,No,No,Month-to-month,No,Electronic check,53.91,563.88,0,2,5.0,Yes
CUST-01803,Male,0,No,Yes,60,Yes,No,Fiber optic,No,Yes,No,Yes,No,No,Two year,No,Electronic check,103.92,5902.15,2,0,4.6,No
CUST-01804,Male,0,Yes,No,14,Yes,Yes,Fiber optic,Yes,No,No,No,Yes,Yes,Two year,No,Electronic check,87.78,1206.16,2,1,4.6,No
CUST-01805,Male,0,No,Yes,38,Yes,No,Fiber optic,No,No,No,Yes,Yes,No,Month-to-month,Yes,Bank transfer (automatic),94.62,3735.92,1,1,5.0,No
CUST-01806,Male,0,No,No,55,Yes,Yes,Fiber optic,Yes,No,No,No,Yes,No,Month-to-month,Yes,Bank transfer (automatic),106.1,6284.35,4,2,3.7,No
CUST-01807,Male,0,Yes,No,3,Yes,No,DSL,No,Yes,Yes,No,Yes,No,One year,Yes,Credit card (automatic),65.23,202.25,1,1,4.9,No
CUST-01808,Male,0,Yes,Yes,66,Yes,No,DSL,No,No,No,Yes,No,Yes,One year,No,Electronic check,67.01,4555.41,2,1,5.0,No
CUST-01809,Male,0,Yes,No,22,Yes,No,Fiber optic,No,No,Yes,No,No,No,One year,Yes,Electronic check,75.3,1586.3,0,0,4.8,No
CUST-01810,Female,0,No,No,16,Yes,No,DSL,No,No,Yes,Yes,Yes,No,One year,No,Bank transfer (automatic),76.78,1263.35,0,1,4.5,No
CUST-01811,Male,0,Yes,No,27,Yes,Yes,DSL,No,Yes,Yes,Yes,Yes,No,Month-to-month,Yes,Mailed check,37.18,1077.44,3,1,4.4,No
CUST-01812,Female,0,No,No,34,Yes,No,Fiber optic,No,Yes,No,No,No,No,Month-to-month,No,Mailed check,100.1,3160.55,2,3,3.7,No
CUST-01813,Female,0,Yes,No,33,Yes,No,Fiber optic,No,No,No,No,Yes,No,Month-to-month,Yes,Electronic check,107.48,3464.95,6,5,4.0,Yes
CUST-01814,Male,1,No,No,12,Yes,No,Fiber optic,No,No,No,No,Yes,Yes,Month-to-month,Yes,Electronic check,106.7,1226.54,3,4,3.9,Yes
CUST-01815,Female,0,Yes,No,14,Yes,No,No,No internet service,No internet service,No internet service,No internet service,No internet service,No internet service,Month-to-month,Yes,Bank transfer (automatic),28.18,370.8,0,2,5.0,No
CUST-01816,Male,0,Yes,No,35,Yes,Yes,Fiber optic,Yes,No,Yes,No,No,No,Month-to-month,No,Bank transfer (automatic),115.6,3928.17,4,1,4.3,Yes
CUST-01817,Male,0,No,No,17,Yes,Yes,DSL,Yes,No,No,Yes,No,Yes,Two year,Yes,Electronic check,38.29,660.35,0,1,4.9,No
CUST-01818,Male,0,No,Yes,47,Yes,Yes,DSL,Yes,Yes,No,No,Yes,No,One year,Yes,Credit card (automatic),58.59,2696.04,3,0,4.3,No
CUST-01819,Male,0,Yes,No,65,Yes,No,Fiber optic,No,No,No,No,No,No,Month-to-month,No,Bank transfer (automatic),106.71,7156.8,0,1,5.0,No
CUST-01820,Male,0,Yes,No,2,Yes,Yes,Fiber optic,No,Yes,No,Yes,No,No,Month-to-month,Yes,Electronic check,98.5,200.23,0,2,4.6,Yes
CUST-01821,Male,0,No,No,3,Yes,No,No,No internet service,No internet service,No internet service,No internet service,No internet service,No internet service,Month-to-month,No,Bank transfer (automatic),23.03,64.86,1,2,3.9,No
CUST-01822,Female,0,Yes,No,47,Yes,Yes,Fiber optic,Yes,Yes,No,No,No,No,Month-to-month,No,Electronic check,106.59,4741.82,3,1,4.4,No
CUST-01823,Male,0,Yes,No,3,Yes,No,Fiber optic,Yes,No,Yes,No,Yes,Yes,Month-to-month,No,Credit card (automatic),83.52,237.02,1,0,5.0,No
CUST-01824,Female,0,Yes,No,47,Yes,Yes,No,No internet service,No internet service,No internet service,No internet service,No internet service,No internet service,Month-to-month,Yes,Electronic check,33.2,1580.77,2,5,3.8,No
CUST-01825,Female,0,Yes,Yes,36,Yes,No,No,No internet service,No internet service,No internet service,No internet service,No internet service,No internet service,Two year,Yes,Credit card (automatic),26.9,1038.54,0,1,5.0,No
CUST-01826,Female,0,No,No,33,Yes,Yes,Fiber optic,Yes,Yes,No,No,No,Yes,Month-to-month,Yes,Bank transfer (automatic),84.5,2807.9,2,1,3.1,Yes
CUST-01827,Male,0,No,No,44,Yes,Yes,Fiber optic,No,Yes,No,Yes,No,No,Two year,Yes,Electronic check,80.94,3731.9,4,1,3.5,No
CUST-01828,Female,0,No,Yes,65,Yes,Yes,DSL,Yes,Yes,No,Yes,No,No,Two year,Yes,Credit card (automatic),61.52,4016.21,1,1,4.5,No
CUST-01829,Female,0,No,No,10,No,No phone service,Fiber optic,No,Yes,No,No,No,No,Month-to-month,No,Credit card (automatic),117.71,1176.54,2,1,4.0,Yes
CUST-01830,Female,1,Yes,No,10,Yes,No,DSL,No,No,No,No,No,No,Month-to-month,No,Bank transfer (automatic),63.03,663.71,1,0,5.0,No
CUST-01831,Male,0,No,Yes,51,No,No phone service,Fiber optic,No,No,No,Yes,No,Yes,One year,No,Mailed check,81.58,3995.45,3,0,4.7,No
CUST-01832,Female,0,Yes,No,4,Yes,No,No,No internet service,No internet service,No internet service,No internet service,No internet service,No internet service,Two year,Yes,Bank transfer (automatic),23.61,89.13,1,0,4.3,No
CUST-01833,Female,0,Yes,Yes,31,Yes,No,Fiber optic,No,No,No,No,No,No,One year,Yes,Bank transfer (automatic),112.51,3267.87,4,1,4.7,No
CUST-01834,Male,0,No,No,36,Yes,No,DSL,Yes,No,No,Yes,Yes,No,Month-to-month,No,Electronic check,69.53,2550.53,1,2,5.0,Yes
CUST-01835,Male,0,Yes,No,29,Yes,No,DSL,Yes,No,Yes,Yes,Yes,No,Two year,Yes,Mailed check,61.59,1706.14,4,2,4.2,No
CUST-01836,Male,0,Yes,No,39,Yes,Yes,No,No internet service,No internet service,No internet service,No internet service,No internet service,No internet service,One year,No,Credit card (automatic),40.38,1473.4,1,0,4.3,No
CUST-01837,Female,0,Yes,No,9,Yes,Yes,DSL,Yes,Yes,No,Yes,Yes,No,Month-to-month,Yes,Bank transfer (automatic),81.9,784.83,1,3,3.9,No
CUST-01838,Male,0,No,No,20,Yes,No,Fiber optic,No,Yes,Yes,No,Yes,No,Month-to-month,Yes,Electronic check,73.16,1347.78,1,1,4.2,No
CUST-01839,Male,0,Yes,No,1,Yes,No,Fiber optic,Yes,No,No,Yes,No,No,Month-to-month,Yes,Credit card (automatic),110.22,113.42,1,0,4.9,No
CUST-01840,Female,0,No,No,70,Yes,Yes,DSL,No,No,Yes,No,No,Yes,One year,No,Electronic check,72.02,5258.91,0,3,4.8,No
CUST-01841,Male,1,No,No,60,Yes,No,Fiber optic,Yes,Yes,No,No,Yes,No,Month-to-month,Yes,Bank transfer (automatic),64.85,3935.65,2,0,4.9,No
CUST-01842,Male,0,No,No,19,Yes,Yes,DSL,No,Yes,No,No,No,Yes,Two year,Yes,Electronic check,69.52,1417.32,1,1,4.4,No
CUST-01843,Female,0,Yes,Yes,3,Yes,No,Fiber optic,No,No,No,No,No,No,Month-to-month,No,Electronic check,83.23,264.85,2,3,5.0,No
CUST-01844,Female,0,No,No,20,Yes,No,DSL,No,No,No,No,No,Yes,Month-to-month,Yes,Mailed check,54.93,1162.89,1,1,4.8,No
CUST-01845,Female,0,Yes,No,69,Yes,Yes,DSL,Yes,No,No,Yes,No,No,Month-to-month,Yes,Electronic check,71.18,5211.38,3,4,3.4,No
CUST-01846,Female,0,No,Yes,59,Yes,Yes,DSL,No,Yes,No,No,Yes,No,Month-to-month,No,Credit card (automatic),65.22,3946.13,2,3,3.7,No
CUST-01847,Male,0,No,Yes,48,Yes,No,No,No internet service,No internet service,No internet service,No internet service,No internet service,No internet service,One year,Yes,Credit card (automatic),27.49,1236.06,0,1,5.0,No
CUST-01848,Female,0,Yes,Yes,67,Yes,No,Fiber optic,Yes,No,No,No,No,Yes,Month-to-month,Yes,Electronic check,103.22,6683.29,3,4,3.9,Yes
CUST-01849,Female,0,No,Yes,13,No,No phone service,No,No internet service,No internet service,No internet service,No internet service,No internet service,No internet service,Month-to-month,Yes,Credit card (automatic),44.91,613.7,1,2,4.3,No
CUST-01850,Male,0,No,No,39,No,No phone service,Fiber optic,No,No,No,No,Yes,Yes,Month-to-month,No,Credit card (automatic),117.2,4635.72,1,1,5.0,Yes
CUST-01851,Male,0,Yes,No,58,Yes,Yes,No,No internet service,No internet service,No internet service,No internet service,No internet service,No internet service,Month-to-month,No,Electronic check,38.09,2105.86,0,0,5.0,No
CUST-01852,Male,0,Yes,No,2,Yes,Yes,Fiber optic,No,No,No,No,No,No,Month-to-month,No,Electronic check,68.56,145.11,1,1,4.4,No
CUST-01853,Male,0,No,Yes,32,Yes,No,Fiber optic,No,No,No,No,No,Yes,Month-to-month,No,Mailed check,92.14,3013.28,2,1,4.0,No
CUST-01854,Male,0,No,No,26,Yes,No,Fiber optic,Yes,No,No,No,Yes,Yes,One year,No,Electronic check,120.0,2969.79,3,0,4.5,No
CUST-01855,Male,0,No,No,13,Yes,Yes,DSL,No,No,No,No,Yes,No,Two year,Yes,Mailed check,46.44,629.41,0,1,4.6,No
CUST-01856,Female,1,Yes,No,17,Yes,Yes,No,No internet service,No internet service,No internet service,No internet service,No internet service,No internet service,Month-to-month,Yes,Mailed check,21.47,344.6,2,0,4.5,No
CUST-01857,Male,0,No,Yes,70,Yes,Yes,No,No internet service,No internet service,No internet service,No internet service,No internet service,No internet service,Month-to-month,Yes,Bank transfer (automatic),18.0,1235.5,0,1,3.9,No
CUST-01858,Female,0,No,No,37,Yes,Yes,DSL,No,Yes,No,No,No,No,Month-to-month,Yes,Bank transfer (automatic),84.27,3132.72,1,1,4.8,Yes
CUST-01859,Female,0,No,Yes,6,Yes,No,No,No internet service,No internet service,No internet service,No internet service,No internet service,No internet service,Month-to-month,No,Mailed check,33.46,198.19,0,2,4.9,No
CUST-01860,Female,0,No,No,50,Yes,No,DSL,No,Yes,No,No,Yes,Yes,Month-to-month,Yes,Mailed check,52.46,2797.22,4,1,4.0,Yes
CUST-01861,Female,0,Yes,No,43,Yes,Yes,Fiber optic,Yes,No,No,No,Yes,No,One year,Yes,Credit card (automatic),109.4,4442.24,2,0,5.0,No
CUST-01862,Male,1,No,No,29,Yes,No,No,No internet service,No internet service,No internet service,No internet service,No internet service,No internet service,Month-to-month,Yes,Electronic check,25.0,731.95,2,2,4.1,No
CUST-01863,Female,0,Yes,Yes,29,Yes,Yes,DSL,No,No,Yes,No,No,No,Month-to-month,Yes,Electronic check,73.89,2053.25,1,3,4.7,No
CUST-01864,Male,0,Yes,Yes,39,Yes,Yes,DSL,No,No,No,Yes,No,No,Month-to-month,No,Electronic check,40.1,1502.7,1,0,4.9,No
CUST-01865,Female,0,No,No,67,Yes,Yes,Fiber optic,No,No,Yes,No,No,Yes,Two year,Yes,Credit card (automatic),94.79,6745.91,2,0,4.2,No
CUST-01866,Male,0,Yes,No,55,No,No phone service,Fiber optic,Yes,Yes,Yes,No,Yes,No,One year,No,Electronic check,85.28,4728.49,2,0,4.3,No
CUST-01867,Male,0,Yes,No,29,Yes,Yes,Fiber optic,No,No,No,No,Yes,Yes,Two year,Yes,Bank transfer (automatic),93.49,2636.95,2,0,4.2,No
CUST-01868,Female,0,Yes,No,18,Yes,No,Fiber optic,Yes,Yes,No,No,Yes,No,Month-to-month,Yes,Mailed check,98.58,1844.71,1,0,4.6,No
CUST-01869,Male,0,No,Yes,8,Yes,No,DSL,No,Yes,No,No,Yes,Yes,Two year,Yes,Mailed check,52.26,442.3,3,2,4.4,No
CUST-01870,Female,0,No,No,15,Yes,No,DSL,Yes,No,Yes,No,Yes,No,Two year,Yes,Bank transfer (automatic),60.08,924.37,1,0,4.2,No
CUST-01871,Male,0,Yes,No,10,No,No phone service,No,No internet service,No internet service,No internet service,No internet service,No internet service,No internet service,Two year,No,Electronic check,26.5,244.92,2,0,5.0,No
CUST-01872,Male,0,Yes,No,59,Yes,Yes,Fiber optic,Yes,Yes,Yes,Yes,No,No,Month-to-month,No,Bank transfer (automatic),87.05,5088.73,2,1,4.7,No
CUST-01873,Female,0,No,No,42,Yes,Yes,Fiber optic,No,Yes,Yes,No,Yes,No,Month-to-month,Yes,Bank transfer (automatic),86.27,3727.65,0,1,4.9,Yes
CUST-01874,Female,0,Yes,No,3,No,No phone service,DSL,No,Yes,No,No,Yes,No,Two year,Yes,Credit card (automatic),72.1,224.6,0,0,4.2,Yes
CUST-01875,Male,0,No,No,67,Yes,Yes,No,No internet service,No internet service,No internet service,No internet service,No internet service,No internet service,Month-to-month,No,Credit card (automatic),29.68,2146.48,0,1,5.0,No
CUST-01876,Male,0,No,Yes,11,Yes,Yes,DSL,Yes,Yes,No,No,No,No,One year,No,Electronic check,61.37,630.83,1,1,5.0,No
CUST-01877,Male,0,Yes,No,47,No,No phone service,DSL,No,No,No,Yes,No,No,Month-to-month,Yes,Electronic check,65.8,3208.77,2,3,3.6,Yes
CUST-01878,Female,0,No,Yes,1,Yes,No,DSL,No,No,No,No,No,No,Month-to-month,Yes,Electronic check,71.66,72.5,3,2,4.8,No
CUST-01879,Female,0,Yes,No,43,Yes,No,Fiber optic,No,Yes,No,No,Yes,No,Month-to-month,Yes,Credit card (automatic),119.85,4779.59,3,2,4.2,No
CUST-01880,Male,0,No,No,40,Yes,No,DSL,No,Yes,No,No,Yes,Yes,Two year,Yes,Bank transfer (automatic),65.05,2451.28,3,0,4.9,No
CUST-01881,Male,0,Yes,Yes,66,Yes,No,DSL,No,No,No,No,No,No,Month-to-month,Yes,Credit card (automatic),45.18,3120.38,2,1,4.0,No
CUST-01882,Male,0,No,Yes,44,Yes,No,Fiber optic,No,Yes,No,Yes,No,No,Month-to-month,No,Credit card (automatic),103.92,4273.11,3,4,3.9,Yes
CUST-01883,Male,0,No,No,36,Yes,No,Fiber optic,No,No,Yes,No,Yes,No,Two year,No,Credit card (automatic),120.0,4417.48,2,0,4.1,No
CUST-01884,Female,0,No,Yes,39,Yes,Yes,DSL,No,No,Yes,No,No,Yes,Two year,No,Electronic check,56.15,2152.61,2,1,4.7,No
CUST-01885,Female,1,No,No,46,Yes,No,Fiber optic,No,No,No,No,No,No,Two year,No,Mailed check,73.44,3610.11,7,1,3.2,No
CUST-01886,Male,1,Yes,Yes,30,Yes,No,Fiber optic,Yes,No,No,Yes,No,No,Month-to-month,Yes,Electronic check,77.18,2333.33,1,1,5.0,No
CUST-01887,Female,0,No,No,52,Yes,Yes,Fiber optic,No,No,No,No,No,No,One year,No,Mailed check,108.26,5904.54,1,0,5.0,No
CUST-01888,Male,0,No,No,39,Yes,No,DSL,No,No,Yes,No,Yes,No,Month-to-month,No,Mailed check,61.37,2313.18,1,1,5.0,No
CUST-01889,Male,0,Yes,Yes,70,Yes,No,No,No internet service,No internet service,No internet service,No internet service,No internet service,No internet service,Two year,No,Credit card (automatic),33.91,2226.29,1,1,4.4,No
CUST-01890,Male,1,Yes,No,14,Yes,No,Fiber optic,No,No,No,Yes,Yes,No,One year,Yes,Bank transfer (automatic),120.0,1756.77,4,1,4.2,No
CUST-01891,Male,0,Yes,Yes,53,No,No phone service,DSL,Yes,No,No,No,Yes,No,Two year,No,Bank transfer (automatic),84.62,4782.38,0,0,4.9,No
CUST-01892,Male,0,Yes,No,60,Yes,No,Fiber optic,No,No,No,No,Yes,No,Month-to-month,Yes,Bank transfer (automatic),92.19,5426.32,3,3,4.0,Yes
CUST-01893,Female,0,No,No,52,No,No phone service,DSL,No,No,Yes,Yes,Yes,No,Two year,Yes,Mailed check,82.39,4503.57,3,0,4.0,No
CUST-01894,Female,0,Yes,Yes,71,Yes,Yes,Fiber optic,Yes,No,Yes,Yes,No,No,Month-to-month,Yes,Mailed check,105.6,6967.59,2,1,4.2,No
CUST-01895,Male,0,No,Yes,32,Yes,Yes,Fiber optic,No,No,No,No,No,No,Month-to-month,Yes,Credit card (automatic),94.69,2954.94,3,1,5.0,Yes
CUST-01896,Female,0,No,No,39,No,No phone service,DSL,No,No,Yes,No,Yes,No,Two year,Yes,Mailed check,61.68,2232.44,0,0,5.0,No
CUST-01897,Female,0,Yes,No,12,Yes,Yes,No,No internet service,No internet service,No internet service,No internet service,No internet service,No internet service,Month-to-month,No,Mailed check,45.72,517.25,0,4,4.1,No
CUST-01898,Female,0,No,No,27,No,No phone service,Fiber optic,No,No,No,No,No,No,Month-to-month,Yes,Electronic check,100.78,2791.64,4,1,4.7,No
CUST-01899,Female,1,Yes,No,12,Yes,No,DSL,No,No,No,No,No,No,Month-to-month,Yes,Bank transfer (automatic),44.87,544.74,2,3,3.9,Yes
CUST-01900,Male,0,Yes,No,58,Yes,No,DSL,No,No,No,No,Yes,Yes,Month-to-month,No,Mailed check,51.7,3217.13,0,2,5.0,No
CUST-01901,Female,0,Yes,Yes,57,Yes,Yes,DSL,No,No,No,No,Yes,Yes,One year,No,Credit card (automatic),37.9,2135.57,0,0,5.0,No
CUST-01902,Female,0,Yes,Yes,14,Yes,No,No,No internet service,No internet service,No internet service,No internet service,No internet service,No internet service,Two year,No,Electronic check,37.38,533.18,0,0,4.1,No
CUST-01903,Female,0,Yes,No,58,Yes,No,Fiber optic,No,No,Yes,No,Yes,Yes,One year,Yes,Electronic check,72.27,4439.43,0,0,4.6,No
CUST-01904,Male,1,Yes,No,24,Yes,No,No,No internet service,No internet service,No internet service,No internet service,No internet service,No internet service,One year,Yes,Electronic check,24.98,578.39,1,2,4.9,No
CUST-01905,Male,0,Yes,Yes,53,Yes,No,DSL,Yes,No,No,No,No,Yes,Month-to-month,Yes,Mailed check,73.18,4071.91,2,2,4.6,No
CUST-01906,Male,0,Yes,Yes,68,Yes,Yes,DSL,No,Yes,No,No,No,Yes,Month-to-month,No,Bank transfer (automatic),69.17,4837.33,1,4,4.4,No
CUST-01907,Male,1,No,No,60,Yes,Yes,Fiber optic,No,No,Yes,Yes,No,No,Month-to-month,Yes,Bank transfer (automatic),86.84,5543.22,4,1,4.7,No
CUST-01908,Male,0,Yes,No,14,Yes,No,Fiber optic,No,Yes,Yes,Yes,No,Yes,Two year,Yes,Electronic check,116.59,1717.22,1,3,4.9,No
CUST-01909,Male,0,No,No,13,Yes,Yes,DSL,Yes,No,No,No,No,No,Month-to-month,Yes,Electronic check,69.98,925.73,1,4,3.4,Yes
CUST-01910,Female,0,No,No,9,No,No phone service,DSL,No,No,No,No,No,No,Month-to-month,Yes,Electronic check,59.25,562.71,1,1,4.7,No
CUST-01911,Male,0,No,No,61,Yes,Yes,No,No internet service,No internet service,No internet service,No internet service,No internet service,No internet service,Two year,Yes,Bank transfer (automatic),46.91,2832.94,0,2,4.2,No
CUST-01912,Female,0,No,No,40,Yes,No,Fiber optic,No,No,Yes,No,No,No,Two year,Yes,Credit card (automatic),89.71,3419.27,4,0,4.5,No
CUST-01913,Male,0,No,No,12,Yes,No,DSL,No,No,No,Yes,Yes,No,One year,Yes,Credit card (automatic),36.19,413.51,1,0,4.4,No
CUST-01914,Female,1,No,No,43,Yes,No,Fiber optic,Yes,Yes,No,No,Yes,Yes,One year,No,Electronic check,76.53,3255.41,3,1,4.2,No
CUST-01915,Male,0,No,No,39,Yes,No,Fiber optic,No,No,No,No,Yes,No,Month-to-month,Yes,Electronic check,91.13,3549.13,5,1,4.5,Yes
CUST-01916,Female,0,No,No,43,Yes,Yes,No,No internet service,No internet service,No internet service,No internet service,No internet service,No internet service,One year,Yes,Mailed check,22.56,1031.58,0,0,4.5,No
CUST-01917,Male,0,Yes,Yes,46,Yes,Yes,No,No internet service,No internet service,No internet service,No internet service,No internet service,No internet service,One year,No,Bank transfer (automatic),22.01,1072.28,1,0,5.0,No
CUST-01918,Male,0,No,Yes,12,Yes,No,DSL,Yes,Yes,Yes,No,Yes,No,Month-to-month,No,Bank transfer (automatic),52.54,627.59,0,0,5.0,Yes
CUST-01919,Male,1,No,Yes,28,Yes,No,No,No internet service,No internet service,No internet service,No internet service,No internet service,No internet service,Month-to-month,Yes,Credit card (automatic),42.59,1109.99,0,5,4.1,No
CUST-01920,Female,0,Yes,Yes,52,Yes,No,DSL,No,No,No,Yes,No,No,Month-to-month,Yes,Electronic check,62.54,3295.46,1,4,4.5,Yes
CUST-01921,Male,0,No,Yes,66,Yes,No,DSL,No,Yes,No,Yes,No,Yes,One year,No,Credit card (automatic),70.63,4775.69,0,2,4.3,No
CUST-01922,Female,0,No,No,18,Yes,Yes,Fiber optic,Yes,No,No,No,No,No,Month-to-month,No,Bank transfer (automatic),84.69,1560.39,3,3,3.5,Yes
CUST-01923,Female,0,No,No,42,Yes,No,Fiber optic,No,No,No,No,Yes,Yes,One year,Yes,Electronic check,99.42,4038.47,4,2,4.4,Yes
CUST-01924,Male,1,Yes,No,69,No,No phone service,DSL,No,No,Yes,No,No,No,Month-to-month,Yes,Credit card (automatic),37.63,2627.95,2,0,4.9,No
CUST-01925,Male,0,Yes,No,44,Yes,No,DSL,No,No,Yes,Yes,Yes,No,One year,Yes,Electronic check,79.16,3711.9,0,1,4.7,No
CUST-01926,Male,0,Yes,No,17,Yes,Yes,DSL,No,No,Yes,No,No,Yes,Two year,No,Electronic check,37.49,640.96,1,0,5.0,No
CUST-01927,Male,0,No,No,43,Yes,No,DSL,No,No,No,No,No,Yes,One year,No,Mailed check,47.03,2071.59,2,1,4.0,Yes
CUST-01928,Male,0,No,Yes,2,Yes,No,DSL,No,Yes,Yes,No,No,No,Month-to-month,Yes,Mailed check,41.46,77.29,3,1,5.0,No
CUST-01929,Male,0,No,Yes,36,Yes,Yes,DSL,No,Yes,No,No,Yes,Yes,Two year,No,Mailed check,43.69,1567.13,1,1,4.2,No
CUST-01930,Female,0,Yes,Yes,41,Yes,No,No,No internet service,No internet service,No internet service,No internet service,No internet service,No internet service,One year,Yes,Bank transfer (automatic),36.56,1501.51,2,0,4.2,No
CUST-01931,Male,0,Yes,No,5,Yes,Yes,No,No internet service,No internet service,No internet service,No internet service,No internet service,No internet service,Two year,No,Electronic check,26.93,127.76,2,0,4.7,No
CUST-01932,Male,0,No,Yes,15,Yes,No,No,No internet service,No internet service,No internet service,No internet service,No internet service,No internet service,Month-to-month,Yes,Credit card (automatic),37.84,605.89,2,1,3.4,No
CUST-01933,Female,0,No,No,72,Yes,Yes,DSL,Yes,No,No,Yes,No,No,Month-to-month,Yes,Mailed check,47.22,3228.04,1,2,4.0,No
CUST-01934,Female,0,No,No,46,Yes,No,DSL,Yes,No,No,No,No,No,Two year,Yes,Electronic check,48.93,2330.43,1,1,4.6,No
CUST-01935,Male,0,Yes,No,34,No,No phone service,Fiber optic,No,No,Yes,No,No,No,Two year,No,Credit card (automatic),120.0,4208.5,3,1,3.6,No
CUST-01936,Male,0,Yes,No,17,Yes,No,Fiber optic,Yes,No,Yes,Yes,Yes,Yes,Month-to-month,Yes,Credit card (automatic),107.86,1871.08,1,1,4.6,No
CUST-01937,Male,0,No,No,9,Yes,No,Fiber optic,No,Yes,No,No,Yes,No,Two year,Yes,Electronic check,100.23,844.38,3,0,4.4,No
CUST-01938,Female,0,No,No,31,Yes,No,DSL,No,No,No,Yes,No,No,One year,No,Mailed check,52.1,1625.74,4,0,5.0,No
CUST-01939,Female,0,Yes,No,40,Yes,No,No,No internet service,No internet service,No internet service,No internet service,No internet service,No internet service,Month-to-month,Yes,Electronic check,19.73,811.5,0,0,5.0,No
CUST-01940,Male,0,No,Yes,13,Yes,No,Fiber optic,Yes,No,No,No,Yes,Yes,Month-to-month,Yes,Mailed check,120.0,1675.5,2,1,4.8,No
CUST-01941,Male,1,No,No,58,Yes,Yes,Fiber optic,Yes,No,No,No,No,Yes,One year,Yes,Electronic check,118.94,7026.89,3,0,3.9,No
CUST-01942,Male,0,No,No,31,Yes,No,Fiber optic,Yes,Yes,No,Yes,No,Yes,Month-to-month,Yes,Mailed check,74.47,2210.37,3,1,4.0,No
CUST-01943,Female,0,Yes,Yes,5,Yes,Yes,DSL,Yes,Yes,No,No,Yes,No,One year,Yes,Electronic check,78.87,418.59,3,0,5.0,Yes
CUST-01944,Male,1,Yes,No,10,Yes,Yes,DSL,Yes,Yes,Yes,No,Yes,No,Two year,No,Mailed check,46.47,474.78,0,0,5.0,No
CUST-01945,Male,0,No,No,63,Yes,No,No,No internet service,No internet service,No internet service,No internet service,No internet service,No internet service,Month-to-month,No,Electronic check,29.5,2002.85,2,1,4.6,No
CUST-01946,Male,0,No,No,25,Yes,No,Fiber optic,Yes,No,Yes,No,No,No,Two year,No,Mailed check,113.29,2882.59,7,1,3.8,Yes
CUST-01947,Male,0,No,No,27,Yes,No,DSL,No,No,No,No,Yes,No,One year,Yes,Electronic check,85.4,2475.68,2,0,4.5,No
CUST-01948,Female,0,No,No,15,Yes,No,DSL,Yes,No,Yes,Yes,No,No,One year,No,Electronic check,52.49,763.77,4,0,4.5,Yes
CUST-01949,Male,0,Yes,Yes,59,Yes,No,DSL,Yes,No,Yes,No,Yes,No,Month-to-month,Yes,Mailed check,52.39,3120.33,1,2,4.5,No
CUST-01950,Male,0,Yes,Yes,59,Yes,No,No,No internet service,No internet service,No internet service,No internet service,No internet service,No internet service,One year,No,Bank transfer (automatic),33.49,1918.49,3,0,3.9,No
CUST-01951,Female,0,Yes,No,18,Yes,Yes,No,No internet service,No internet service,No internet service,No internet service,No internet service,No internet service,Two year,No,Mailed check,18.0,303.42,1,0,4.6,No
CUST-01952,Female,0,No,No,53,Yes,Yes,Fiber optic,No,Yes,No,No,No,No,Month-to-month,No,Bank transfer (automatic),104.09,5860.89,7,2,3.1,No
CUST-01953,Male,0,Yes,No,33,Yes,Yes,No,No internet service,No internet service,No internet service,No internet service,No internet service,No internet service,Month-to-month,Yes,Credit card (automatic),43.63,1529.36,2,1,4.4,Yes
CUST-01954,Male,1,No,No,13,Yes,Yes,Fiber optic,No,No,Yes,No,Yes,No,One year,Yes,Credit card (automatic),83.92,1013.83,3,0,5.0,No
CUST-01955,Female,0,No,No,58,Yes,No,No,No internet service,No internet service,No internet service,No internet service,No internet service,No internet service,Two year,Yes,Electronic check,30.69,1837.3,2,1,4.4,No
CUST-01956,Male,0,No,Yes,6,No,No phone service,Fiber optic,Yes,No,No,No,Yes,Yes,Month-to-month,Yes,Credit card (automatic),89.5,537.23,3,2,5.0,Yes
CUST-01957,Female,1,No,Yes,63,Yes,Yes,No,No internet service,No internet service,No internet service,No internet service,No internet service,No internet service,Month-to-month,Yes,Credit card (automatic),31.57,1904.45,2,4,3.4,No
CUST-01958,Female,0,No,No,2,Yes,No,No,No internet service,No internet service,No internet service,No internet service,No internet service,No internet service,Two year,Yes,Electronic check,25.62,53.07,1,0,4.6,No
CUST-01959,Female,0,No,No,24,Yes,Yes,Fiber optic,No,No,Yes,No,No,Yes,Month-to-month,Yes,Credit card (automatic),104.54,2522.78,2,0,3.9,Yes
CUST-01960,Male,0,No,Yes,17,Yes,No,DSL,No,No,No,Yes,Yes,Yes,Month-to-month,No,Credit card (automatic),73.8,1157.41,1,2,4.3,No
CUST-01961,Female,0,Yes,No,17,Yes,No,DSL,No,Yes,Yes,No,No,No,Month-to-month,Yes,Bank transfer (automatic),70.82,1201.43,2,1,4.8,No
CUST-01962,Female,0,Yes,No,35,Yes,No,DSL,No,No,No,No,Yes,No,Month-to-month,No,Bank transfer (automatic),61.79,2132.11,2,1,4.2,No
CUST-01963,Male,0,No,No,55,No,No phone service,DSL,No,Yes,Yes,No,Yes,No,Month-to-month,Yes,Credit card (automatic),68.47,3894.21,2,2,3.6,No
CUST-01964,Female,0,No,No,29,Yes,No,Fiber optic,No,No,Yes,Yes,No,Yes,Month-to-month,Yes,Electronic check,78.3,2195.66,2,5,3.7,Yes
CUST-01965,Female,0,No,No,38,Yes,No,Fiber optic,No,Yes,No,Yes,No,Yes,One year,Yes,Bank transfer (automatic),82.31,3241.13,3,0,4.6,No
CUST-01966,Female,0,Yes,No,70,Yes,Yes,DSL,No,No,No,No,No,Yes,Month-to-month,Yes,Credit card (automatic),45.53,2985.57,1,1,5.0,No
CUST-01967,Male,0,No,No,36,Yes,No,No,No internet service,No internet service,No internet service,No internet service,No internet service,No internet service,Month-to-month,Yes,Mailed check,36.16,1400.36,3,2,3.3,No
CUST-01968,Male,0,No,No,58,Yes,No,DSL,Yes,No,No,No,Yes,No,Month-to-month,Yes,Electronic check,42.57,2351.98,0,0,4.5,No
CUST-01969,Female,0,No,Yes,28,Yes,No,DSL,No,No,No,No,No,No,Month-to-month,Yes,Mailed check,36.58,1065.69,4,1,4.1,No
CUST-01970,Male,0,Yes,No,6,No,No phone service,DSL,No,No,No,No,Yes,Yes,Two year,Yes,Credit card (automatic),49.7,294.09,2,0,4.4,No
CUST-01971,Female,0,No,No,19,Yes,No,No,No internet service,No internet service,No internet service,No internet service,No internet service,No internet service,Month-to-month,Yes,Bank transfer (automatic),39.14,735.44,0,1,4.7,No
CUST-01972,Female,0,No,No,12,Yes,No,Fiber optic,Yes,No,No,No,No,No,Month-to-month,Yes,Mailed check,82.87,1069.43,0,2,4.8,No
CUST-01973,Female,0,No,No,66,Yes,No,DSL,Yes,Yes,No,No,No,Yes,Month-to-month,No,Electronic check,51.7,3448.6,2,1,4.0,No
CUST-01974,Male,1,Yes,Yes,2,Yes,Yes,DSL,No,No,No,No,Yes,Yes,Month-to-month,No,Bank transfer (automatic),49.4,103.04,1,3,3.8,No
CUST-01975,Female,0,No,No,60,Yes,Yes,Fiber optic,No,Yes,Yes,No,No,Yes,One year,Yes,Electronic check,79.3,4982.11,2,0,4.2,No
CUST-01976,Male,0,Yes,Yes,10,Yes,No,No,No internet service,No internet service,No internet service,No internet service,No internet service,No internet service,Month-to-month,Yes,Credit card (automatic),36.66,383.06,0,3,3.9,No
CUST-01977,Female,0,Yes,Yes,11,No,No phone service,Fiber optic,No,Yes,No,Yes,No,Yes,One year,No,Mailed check,81.15,834.58,5,2,3.1,No
CUST-01978,Male,0,Yes,No,39,Yes,No,Fiber optic,No,Yes,No,Yes,No,No,Month-to-month,No,Bank transfer (automatic),84.73,3327.67,1,1,3.3,Yes
CUST-01979,Male,0,No,No,6,No,No phone service,Fiber optic,Yes,Yes,Yes,No,Yes,No,Two year,Yes,Credit card (automatic),99.43,632.49,3,2,4.7,No
CUST-01980,Female,1,No,No,6,No,No phone service,DSL,No,No,No,Yes,Yes,No,Two year,Yes,Bank transfer (automatic),53.71,330.59,0,1,5.0,No
CUST-01981,Female,1,Yes,No,56,Yes,No,Fiber optic,No,No,Yes,Yes,No,Yes,Two year,Yes,Mailed check,77.33,4165.7,3,0,4.6,No
CUST-01982,Female,0,Yes,Yes,5,Yes,No,Fiber optic,Yes,Yes,No,Yes,Yes,No,Two year,Yes,Mailed check,114.06,563.82,3,0,5.0,No
CUST-01983,Male,0,Yes,Yes,43,Yes,No,Fiber optic,Yes,No,No,No,No,No,One year,No,Credit card (automatic),111.05,4625.4,2,0,4.1,No
CUST-01984,Female,0,Yes,Yes,9,Yes,No,DSL,No,Yes,No,No,No,Yes,Month-to-month,Yes,Credit card (automatic),68.69,601.9,0,0,5.0,No
CUST-01985,Female,0,No,No,7,Yes,Yes,DSL,No,No,No,No,Yes,No,Month-to-month,No,Mailed check,45.77,317.5,0,2,4.4,No
CUST-01986,Female,0,Yes,No,49,No,No phone service,Fiber optic,No,Yes,No,No,No,Yes,Month-to-month,No,Mailed check,75.44,3525.44,2,0,4.2,No
CUST-01987,Female,0,Yes,Yes,29,Yes,Yes,Fiber optic,No,Yes,No,No,Yes,Yes,Two year,Yes,Credit card (automatic),120.0,3552.53,5,0,3.9,No
CUST-01988,Male,0,No,No,2,No,No phone service,Fiber optic,No,No,No,No,No,No,One year,Yes,Electronic check,88.11,172.03,2,0,4.4,Yes
CUST-01989,Male,1,Yes,No,50,Yes,No,No,No internet service,No internet service,No internet service,No internet service,No internet service,No internet service,Month-to-month,Yes,Mailed check,36.33,1676.51,6,2,3.3,No
CUST-01990,Female,0,No,No,70,Yes,Yes,No,No internet service,No internet service,No internet service,No internet service,No internet service,No internet service,Month-to-month,Yes,Electronic check,27.01,1799.17,2,4,3.1,Yes
CUST-01991,Female,0,No,No,41,Yes,No,No,No internet service,No internet service,No internet service,No internet service,No internet service,No internet service,Month-to-month,Yes,Credit card (automatic),28.94,1278.94,2,4,4.4,No
CUST-01992,Male,1,No,No,28,Yes,Yes,Fiber optic,No,No,Yes,No,No,No,Two year,Yes,Electronic check,88.73,2609.01,1,2,4.2,No
CUST-01993,Male,0,No,No,61,Yes,No,No,No internet service,No internet service,No internet service,No internet service,No internet service,No internet service,Month-to-month,No,Mailed check,41.49,2527.58,1,0,4.9,No
CUST-01994,Female,0,Yes,No,25,Yes,No,Fiber optic,Yes,No,No,No,No,No,Two year,Yes,Credit card (automatic),93.72,2469.23,3,0,4.8,No
CUST-01995,Female,0,No,Yes,45,Yes,Yes,Fiber optic,No,No,No,No,Yes,No,One year,Yes,Electronic check,91.3,3986.15,4,3,3.6,Yes
CUST-01996,Male,0,No,Yes,35,Yes,No,Fiber optic,No,Yes,No,No,No,No,Two year,No,Credit card (automatic),75.92,2596.0,5,1,4.2,No
CUST-01997,Female,0,Yes,No,53,Yes,No,DSL,No,No,No,No,No,Yes,One year,No,Electronic check,87.24,4639.18,0,0,4.6,No
CUST-01998,Female,0,No,No,38,Yes,No,Fiber optic,No,Yes,No,No,No,Yes,Month-to-month,No,Electronic check,114.71,4159.89,1,4,4.0,Yes
CUST-01999,Male,0,No,Yes,35,Yes,Yes,Fiber optic,No,Yes,Yes,No,No,No,Month-to-month,No,Electronic check,75.42,2774.28,4,5,3.6,Yes
CUST-02000,Male,0,No,No,31,Yes,No,No,No internet service,No internet service,No internet service,No internet service,No internet service,No internet service,Two year,Yes,Credit card (automatic),20.94,645.95,2,1,4.7,No
CUST-02001,Female,0,No,No,22,Yes,Yes,Fiber optic,No,Yes,No,No,Yes,No,One year,Yes,Bank transfer (automatic),106.22,2186.45,1,0,4.8,No
CUST-02002,Male,0,Yes,Yes,36,No,No phone service,No,No internet service,No internet service,No internet service,No internet service,No internet service,No internet service,One year,No,Credit card (automatic),25.01,861.76,1,3,4.5,No
CUST-02003,Male,0,No,Yes,5,Yes,Yes,DSL,No,Yes,No,Yes,Yes,No,Month-to-month,No,Electronic check,38.84,196.28,1,1,4.4,No
CUST-02004,Male,0,No,No,25,Yes,No,No,No internet service,No internet service,No internet service,No internet service,No internet service,No internet service,Month-to-month,Yes,Electronic check,26.19,665.66,1,0,4.7,No
CUST-02005,Female,0,No,No,6,Yes,No,Fiber optic,No,No,No,No,No,No,One year,No,Mailed check,76.22,476.67,1,1,4.4,No
CUST-02006,Male,0,Yes,Yes,24,Yes,Yes,Fiber optic,No,No,No,Yes,No,No,Two year,Yes,Electronic check,94.95,2243.14,6,1,4.3,No
CUST-02007,Male,0,No,No,26,No,No phone service,Fiber optic,No,No,Yes,Yes,No,Yes,Month-to-month,Yes,Mailed check,115.38,3086.23,3,0,3.4,No
CUST-02008,Male,0,No,No,2,Yes,No,No,No internet service,No internet service,No internet service,No internet service,No internet service,No internet service,Month-to-month,No,Credit card (automatic),28.13,53.82,0,0,5.0,No
CUST-02009,Female,0,Yes,No,22,Yes,Yes,DSL,No,Yes,No,Yes,No,No,Month-to-month,Yes,Bank transfer (automatic),63.96,1432.43,3,1,4.6,No
CUST-02010,Female,0,No,Yes,49,Yes,No,Fiber optic,No,Yes,No,Yes,Yes,Yes,Two year,Yes,Mailed check,112.17,5396.66,1,0,4.3,No
CUST-02011,Male,0,No,Yes,70,Yes,No,No,No internet service,No internet service,No internet service,No internet service,No internet service,No internet service,One year,Yes,Electronic check,33.51,2451.37,4,1,4.7,No
CUST-02012,Male,0,No,Yes,45,Yes,Yes,DSL,No,No,No,Yes,Yes,Yes,One year,Yes,Mailed check,65.44,3131.83,2,1,4.9,No
CUST-02013,Male,0,No,No,52,Yes,Yes,Fiber optic,No,Yes,No,No,Yes,No,Month-to-month,Yes,Mailed check,85.53,4619.31,4,0,4.4,Yes
CUST-02014,Female,0,Yes,No,49,No,No phone service,Fiber optic,Yes,Yes,No,Yes,Yes,Yes,Month-to-month,Yes,Mailed check,91.07,4552.29,2,1,5.0,No
CUST-02015,Female,0,No,No,69,Yes,Yes,No,No internet service,No internet service,No internet service,No internet service,No internet service,No internet service,Month-to-month,No,Mailed check,42.29,2744.15,2,3,3.6,No
CUST-02016,Male,0,No,Yes,68,Yes,No,No,No internet service,No internet service,No internet service,No internet service,No internet service,No internet service,One year,No,Credit card (automatic),28.56,1988.73,1,1,4.9,No
CUST-02017,Male,0,No,No,9,Yes,Yes,DSL,Yes,Yes,No,Yes,Yes,No,Month-to-month,No,Electronic check,87.94,796.69,0,6,3.9,No
CUST-02018,Female,0,Yes,No,35,Yes,No,Fiber optic,Yes,No,No,No,Yes,No,Two year,No,Mailed check,120.0,3883.58,2,1,4.2,No
CUST-02019,Female,0,Yes,No,66,Yes,No,Fiber optic,No,No,No,No,No,No,One year,No,Electronic check,97.34,6038.89,4,1,4.2,Yes
CUST-02020,Male,0,No,No,64,Yes,No,Fiber optic,No,Yes,No,No,Yes,No,Month-to-month,No,Mailed check,97.56,6087.82,3,3,5.0,No
CUST-02021,Male,1,Yes,No,39,Yes,No,DSL,No,No,Yes,No,No,Yes,Month-to-month,Yes,Electronic check,63.99,2488.48,1,4,4.0,No
CUST-02022,Female,0,No,Yes,32,Yes,No,DSL,Yes,No,Yes,No,Yes,Yes,Month-to-month,Yes,Mailed check,63.7,2175.85,5,1,3.9,No
CUST-02023,Female,1,No,Yes,5,Yes,No,Fiber optic,No,Yes,Yes,No,No,Yes,Month-to-month,No,Mailed check,105.73,502.99,2,0,4.3,Yes
CUST-02024,Female,0,No,No,35,Yes,No,DSL,No,Yes,No,No,No,No,Two year,Yes,Bank transfer (automatic),45.85,1489.05,1,0,5.0,No
CUST-02025,Male,0,Yes,Yes,37,Yes,No,Fiber optic,Yes,No,No,No,No,No,Two year,Yes,Credit card (automatic),72.17,2770.89,2,0,4.5,No
CUST-02026,Male,0,No,Yes,46,Yes,Yes,DSL,No,No,No,No,Yes,Yes,Month-to-month,No,Mailed check,49.69,2368.79,2,0,4.2,No
CUST-02027,Female,0,Yes,No,38,Yes,Yes,No,No internet service,No internet service,No internet service,No internet service,No internet service,No internet service,Month-to-month,Yes,Bank transfer (automatic),20.11,798.46,2,2,4.1,No
CUST-02028,Female,0,No,Yes,16,Yes,No,No,No internet service,No internet service,No internet service,No internet service,No internet service,No internet service,Month-to-month,Yes,Mailed check,21.39,356.87,1,4,4.6,No
CUST-02029,Female,0,No,No,70,Yes,Yes,Fiber optic,Yes,No,Yes,No,No,No,Month-to-month,No,Electronic check,120.0,8540.73,3,1,3.6,Yes
CUST-02030,Male,0,No,No,16,Yes,Yes,No,No internet service,No internet service,No internet service,No internet service,No internet service,No internet service,Month-to-month,No,Electronic check,25.74,411.98,1,1,4.8,Yes
CUST-02031,Female,0,Yes,No,28,Yes,Yes,No,No internet service,No internet service,No internet service,No internet service,No internet service,No internet service,Month-to-month,No,Mailed check,40.83,1074.6,2,1,3.7,No
CUST-02032,Male,1,Yes,Yes,37,Yes,No,Fiber optic,Yes,Yes,No,Yes,No,No,Month-to-month,No,Bank transfer (automatic),119.03,4654.98,3,3,3.1,No
CUST-02033,Male,0,No,No,22,Yes,Yes,Fiber optic,No,Yes,No,No,No,No,Month-to-month,No,Bank transfer (automatic),95.68,2183.27,3,2,3.8,Yes
CUST-02034,Female,0,No,No,5,Yes,Yes,Fiber optic,No,No,Yes,No,No,No,Month-to-month,Yes,Electronic check,64.9,340.95,3,2,3.9,Yes
CUST-02035,Female,0,No,No,45,Yes,No,No,No internet service,No internet service,No internet service,No internet service,No internet service,No internet service,Month-to-month,No,Bank transfer (automatic),44.26,2150.9,2,4,4.8,Yes
CUST-02036,Female,0,No,No,18,Yes,Yes,Fiber optic,Yes,No,No,Yes,No,No,One year,Yes,Electronic check,113.1,2189.78,2,0,4.1,Yes
CUST-02037,Female,1,No,No,64,Yes,No,Fiber optic,No,No,No,No,No,Yes,Month-to-month,No,Electronic check,96.37,5926.84,2,4,4.1,No
CUST-02038,Male,0,Yes,Yes,58,Yes,Yes,Fiber optic,No,Yes,No,No,No,No,Month-to-month,Yes,Electronic check,75.9,4652.68,3,2,4.5,No
CUST-02039,Female,1,No,Yes,31,Yes,No,DSL,No,Yes,No,Yes,No,No,One year,Yes,Bank transfer (automatic),77.18,2473.05,2,2,4.2,Yes
CUST-02040,Male,0,No,No,34,No,No phone service,No,No internet service,No internet service,No internet service,No internet service,No internet service,No internet service,One year,No,Electronic check,34.41,1244.58,0,1,5.0,No
CUST-02041,Male,0,No,No,69,Yes,Yes,No,No internet service,No internet service,No internet service,No internet service,No internet service,No internet service,Two year,Yes,Credit card (automatic),18.0,1334.98,1,0,4.9,No
CUST-02042,Female,0,Yes,No,2,Yes,No,DSL,No,No,No,No,No,Yes,Month-to-month,No,Electronic check,58.42,114.39,1,4,4.4,Yes
CUST-02043,Female,0,No,Yes,28,Yes,No,DSL,No,No,No,No,No,No,Month-to-month,Yes,Credit card (automatic),63.9,1783.56,3,0,4.3,No
CUST-02044,Female,0,Yes,Yes,5,No,No phone service,No,No internet service,No internet service,No internet service,No internet service,No internet service,No internet service,Month-to-month,Yes,Electronic check,34.76,163.92,1,1,4.3,Yes
CUST-02045,Male,0,No,No,10,Yes,No,DSL,No,No,Yes,No,No,No,Month-to-month,Yes,Credit card (automatic),62.21,573.05,1,3,5.0,No
CUST-02046,Female,1,No,No,67,Yes,No,Fiber optic,No,No,Yes,Yes,No,No,Month-to-month,No,Electronic check,90.66,6398.7,3,2,5.0,No
CUST-02047,Male,0,No,Yes,8,Yes,Yes,Fiber optic,Yes,No,No,No,Yes,Yes,Month-to-month,Yes,Electronic check,86.91,738.71,3,2,4.6,Yes
CUST-02048,Female,0,Yes,No,69,Yes,Yes,Fiber optic,No,No,Yes,Yes,No,No,One year,Yes,Electronic check,102.15,6625.39,6,1,4.4,Yes
CUST-02049,Female,0,Yes,No,57,Yes,Yes,DSL,No,Yes,No,No,No,No,Month-to-month,No,Electronic check,61.4,3300.46,5,0,4.7,Yes
CUST-02050,Female,1,Yes,Yes,47,Yes,No,DSL,No,No,No,Yes,No,Yes,Month-to-month,Yes,Bank transfer (automatic),54.69,2424.13,3,1,3.8,No
CUST-02051,Male,0,Yes,No,54,Yes,No,Fiber optic,No,Yes,Yes,No,No,Yes,Month-to-month,No,Credit card (automatic),83.72,4394.45,1,0,4.8,No
CUST-02052,Male,0,Yes,Yes,14,Yes,Yes,Fiber optic,No,No,No,Yes,No,Yes,One year,Yes,Mailed check,97.96,1465.04,5,0,5.0,Yes
CUST-02053,Male,0,No,No,9,Yes,No,No,No internet service,No internet service,No internet service,No internet service,No internet service,No internet service,Month-to-month,Yes,Electronic check,36.45,324.35,4,3,4.2,No
CUST-02054,Female,0,Yes,Yes,27,Yes,No,No,No internet service,No internet service,No internet service,No internet service,No internet service,No internet service,Month-to-month,No,Electronic check,23.85,657.17,1,2,3.8,No
CUST-02055,Female,0,Yes,No,56,Yes,Yes,No,No internet service,No internet service,No internet service,No internet service,No internet service,No internet service,Two year,No,Credit card (automatic),38.78,2098.54,1,0,5.0,No
CUST-02056,Male,0,No,Yes,22,Yes,Yes,Fiber optic,Yes,Yes,No,No,No,No,Month-to-month,No,Electronic check,120.0,2453.76,3,2,4.5,No
CUST-02057,Female,0,Yes,No,13,Yes,Yes,Fiber optic,No,No,No,No,Yes,No,One year,Yes,Mailed check,97.98,1262.77,3,1,4.1,Yes
CUST-02058,Female,0,Yes,No,57,Yes,Yes,DSL,No,No,No,No,No,Yes,One year,No,Electronic check,65.62,3717.05,1,1,4.5,No
CUST-02059,Male,0,No,No,46,No,No phone service,Fiber optic,Yes,Yes,No,No,No,No,Month-to-month,Yes,Mailed check,83.24,3785.36,3,1,3.9,No
CUST-02060,Male,0,Yes,No,39,Yes,No,Fiber optic,Yes,No,Yes,No,No,Yes,Two year,Yes,Electronic check,81.73,3050.23,1,0,5.0,No
CUST-02061,Female,0,Yes,No,30,Yes,No,No,No internet service,No internet service,No internet service,No internet service,No internet service,No internet service,One year,No,Credit card (automatic),18.77,552.67,2,0,4.4,No
CUST-02062,Female,0,No,Yes,57,Yes,Yes,Fiber optic,No,No,No,No,Yes,No,One year,Yes,Electronic check,76.46,4031.43,2,0,4.9,No
CUST-02063,Male,0,Yes,No,53,Yes,No,DSL,No,No,No,No,Yes,No,Month-to-month,No,Credit card (automatic),73.72,4103.96,1,2,4.1,No
CUST-02064,Female,0,Yes,No,26,Yes,Yes,Fiber optic,Yes,Yes,No,No,No,No,Month-to-month,No,Bank transfer (automatic),96.34,2519.95,2,2,4.3,Yes
CUST-02065,Female,1,Yes,No,10,Yes,No,Fiber optic,No,Yes,Yes,No,No,No,Month-to-month,No,Electronic check,103.46,1092.18,3,3,4.3,No
CUST-02066,Female,0,Yes,Yes,63,Yes,Yes,No,No internet service,No internet service,No internet service,No internet service,No internet service,No internet service,Month-to-month,Yes,Electronic check,39.64,2633.26,3,2,3.6,No
CUST-02067,Female,0,No,Yes,10,Yes,No,Fiber optic,No,No,No,No,No,Yes,Month-to-month,No,Electronic check,79.03,813.98,7,1,4.8,Yes
CUST-02068,Female,0,Yes,No,31,Yes,No,Fiber optic,No,Yes,No,Yes,No,No,Month-to-month,No,Mailed check,112.69,3452.19,3,2,3.7,Yes
CUST-02069,Male,0,Yes,Yes,65,Yes,Yes,DSL,No,No,No,No,No,Yes,Month-to-month,Yes,Credit card (automatic),42.94,2656.78,2,0,3.8,No
CUST-02070,Male,0,Yes,Yes,31,Yes,No,No,No internet service,No internet service,No internet service,No internet service,No internet service,No internet service,Two year,Yes,Mailed check,29.24,898.68,1,0,5.0,No
CUST-02071,Male,0,No,No,60,Yes,No,Fiber optic,No,Yes,Yes,No,Yes,Yes,Two year,No,Mailed check,86.8,5268.81,4,0,5.0,No
CUST-02072,Female,0,Yes,Yes,36,Yes,No,Fiber optic,No,No,Yes,No,No,Yes,Month-to-month,Yes,Credit card (automatic),80.81,2881.83,3,2,3.3,No
CUST-02073,Male,0,No,Yes,54,Yes,No,Fiber optic,No,No,No,No,No,Yes,Month-to-month,Yes,Mailed check,111.87,6304.52,2,3,3.7,Yes
CUST-02074,Male,0,Yes,Yes,43,Yes,Yes,No,No internet service,No internet service,No internet service,No internet service,No internet service,No internet service,Month-to-month,Yes,Electronic check,32.86,1503.08,0,4,3.7,Yes
CUST-02075,Female,1,No,No,21,Yes,No,Fiber optic,No,No,No,No,No,No,Month-to-month,No,Electronic check,78.79,1754.7,2,2,3.4,Yes
CUST-02076,Male,0,Yes,No,65,Yes,Yes,DSL,No,No,No,Yes,No,Yes,Month-to-month,No,Credit card (automatic),59.15,3818.22,0,2,4.7,No
CUST-02077,Male,0,Yes,Yes,34,Yes,No,Fiber optic,No,No,Yes,Yes,No,Yes,One year,No,Mailed check,89.79,3238.29,2,1,5.0,No
CUST-02078,Male,0,No,No,33,Yes,Yes,DSL,Yes,No,No,No,No,Yes,Month-to-month,No,Credit card (automatic),59.9,1972.12,2,2,4.5,No
CUST-02079,Male,0,Yes,No,48,Yes,No,No,No internet service,No internet service,No internet service,No internet service,No internet service,No internet service,One year,Yes,Bank transfer (automatic),37.22,1742.95,1,0,4.5,No
CUST-02080,Male,0,No,Yes,67,Yes,No,No,No internet service,No internet service,No internet service,No internet service,No internet service,No internet service,Two year,No,Electronic check,23.07,1630.74,0,0,5.0,No
CUST-02081,Female,0,No,No,63,Yes,Yes,Fiber optic,No,No,No,Yes,No,Yes,Month-to-month,No,Electronic check,89.78,5828.22,4,4,3.5,Yes
CUST-02082,Male,0,No,No,29,Yes,No,DSL,Yes,No,Yes,No,No,Yes,Month-to-month,Yes,Electronic check,67.66,1940.25,2,4,3.3,No
CUST-02083,Male,0,Yes,No,17,Yes,Yes,No,No internet service,No internet service,No internet service,No internet service,No internet service,No internet service,Month-to-month,No,Electronic check,34.46,568.8,1,4,4.4,No
CUST-02084,Female,0,No,No,24,Yes,No,No,No internet service,No internet service,No internet service,No internet service,No internet service,No internet service,One year,No,Bank transfer (automatic),34.93,787.5,3,0,5.0,No
CUST-02085,Male,1,Yes,No,19,No,No phone service,Fiber optic,Yes,No,No,Yes,No,Yes,Month-to-month,No,Credit card (automatic),74.26,1356.86,1,2,5.0,Yes
CUST-02086,Female,0,No,No,22,Yes,Yes,Fiber optic,No,No,No,No,No,No,Month-to-month,Yes,Bank transfer (automatic),104.88,2147.6,2,2,4.1,No
CUST-02087,Female,0,No,No,32,Yes,Yes,DSL,No,No,No,Yes,No,Yes,Month-to-month,Yes,Credit card (automatic),43.81,1379.29,3,2,3.9,Yes
CUST-02088,Female,0,No,Yes,2,Yes,No,Fiber optic,Yes,No,No,No,No,No,Two year,Yes,Credit card (automatic),98.45,192.92,1,1,4.6,No
CUST-02089,Male,1,No,No,39,Yes,No,No,No internet service,No internet service,No internet service,No internet service,No internet service,No internet service,Month-to-month,Yes,Credit card (automatic),37.83,1462.4,3,2,4.2,No
CUST-02090,Male,0,No,No,62,Yes,Yes,Fiber optic,No,No,No,No,No,No,Month-to-month,No,Bank transfer (automatic),115.0,7244.73,1,0,5.0,No
CUST-02091,Female,0,No,Yes,31,Yes,No,DSL,Yes,No,Yes,Yes,No,No,Month-to-month,Yes,Mailed check,62.08,1979.45,2,2,4.4,Yes
CUST-02092,Male,0,Yes,No,6,Yes,No,Fiber optic,No,No,No,No,Yes,Yes,Month-to-month,Yes,Mailed check,96.79,577.14,3,2,4.4,Yes
CUST-02093,Female,0,No,No,29,Yes,No,Fiber optic,No,No,No,No,Yes,Yes,One year,No,Electronic check,117.42,3578.37,3,2,3.6,Yes
CUST-02094,Male,0,Yes,Yes,25,Yes,Yes,DSL,No,Yes,Yes,Yes,Yes,No,Two year,Yes,Credit card (automatic),67.41,1619.57,1,0,5.0,Yes
CUST-02095,Male,1,Yes,No,43,Yes,No,No,No internet service,No internet service,No internet service,No internet service,No internet service,No internet service,One year,No,Electronic check,45.64,1811.98,0,2,4.5,No
CUST-02096,Female,0,No,No,19,Yes,Yes,DSL,Yes,No,No,No,No,No,One year,Yes,Electronic check,42.32,772.04,1,0,5.0,No
CUST-02097,Female,0,Yes,No,22,Yes,Yes,DSL,Yes,No,No,No,No,No,One year,Yes,Electronic check,61.45,1256.21,2,2,4.4,No
CUST-02098,Female,0,No,No,54,Yes,Yes,No,No internet service,No internet service,No internet service,No internet service,No internet service,No internet service,Month-to-month,No,Electronic check,21.28,1191.5,2,0,4.0,No
CUST-02099,Female,0,Yes,No,13,Yes,Yes,DSL,No,No,No,No,Yes,Yes,Two year,No,Credit card (automatic),59.21,762.0,2,0,4.3,No
CUST-02100,Male,1,Yes,No,68,Yes,No,Fiber optic,No,No,No,No,No,No,Two year,Yes,Credit card (automatic),111.95,7603.61,4,0,5.0,No
CUST-02101,Female,0,No,Yes,22,Yes,Yes,Fiber optic,No,No,Yes,No,No,No,Month-to-month,Yes,Electronic check,96.91,1968.56,5,4,3.1,Yes
CUST-02102,Female,0,Yes,No,59,Yes,Yes,DSL,Yes,Yes,Yes,No,No,Yes,Month-to-month,No,Credit card (automatic),55.74,3147.56,2,0,4.5,No
CUST-02103,Male,0,No,No,6,Yes,No,Fiber optic,No,No,Yes,No,No,No,One year,No,Bank transfer (automatic),91.82,531.9,1,0,5.0,No
CUST-02104,Male,0,No,No,24,Yes,No,Fiber optic,Yes,No,No,Yes,No,No,Two year,No,Electronic check,67.78,1631.58,3,0,3.8,No
CUST-02105,Female,0,No,Yes,28,Yes,No,No,No internet service,No internet service,No internet service,No internet service,No internet service,No internet service,One year,Yes,Electronic check,36.67,1012.33,2,1,4.9,No
CUST-02106,Male,0,Yes,No,33,Yes,No,No,No internet service,No internet service,No internet service,No internet service,No internet service,No internet service,Month-to-month,No,Mailed check,21.77,712.2,2,0,5.0,No
CUST-02107,Female,0,No,No,7,Yes,Yes,DSL,No,No,Yes,Yes,No,No,Month-to-month,Yes,Electronic check,63.22,422.11,2,1,4.1,Yes
CUST-02108,Male,0,Yes,Yes,18,Yes,No,Fiber optic,No,Yes,Yes,No,No,Yes,Month-to-month,Yes,Bank transfer (automatic),85.03,1489.4,4,1,3.9,No
CUST-02109,Male,0,Yes,No,64,Yes,No,Fiber optic,Yes,Yes,Yes,No,No,Yes,Two year,No,Electronic check,115.91,7220.61,1,2,4.9,No
CUST-02110,Male,0,Yes,No,67,Yes,Yes,DSL,No,No,No,No,Yes,Yes,One year,No,Credit card (automatic),77.5,5140.42,1,0,5.0,No
CUST-02111,Male,0,Yes,No,32,Yes,Yes,DSL,Yes,No,No,No,Yes,No,Two year,Yes,Bank transfer (automatic),69.62,2368.0,2,2,4.8,No
CUST-02112,Female,0,No,No,9,Yes,No,Fiber optic,Yes,Yes,No,No,Yes,No,Month-to-month,Yes,Mailed check,80.38,766.94,0,1,4.6,Yes
CUST-02113,Female,0,Yes,Yes,20,No,No phone service,Fiber optic,Yes,No,No,No,Yes,No,Month-to-month,No,Mailed check,68.51,1473.6,1,1,4.3,No
CUST-02114,Female,1,Yes,No,69,Yes,Yes,No,No internet service,No internet service,No internet service,No internet service,No internet service,No internet service,One year,Yes,Mailed check,29.01,2128.97,2,0,4.8,No
CUST-02115,Female,0,No,Yes,67,Yes,Yes,DSL,No,Yes,No,Yes,No,No,Month-to-month,No,Credit card (automatic),43.57,2953.69,0,2,4.9,No
CUST-02116,Male,1,No,No,59,Yes,No,DSL,No,Yes,Yes,No,No,No,Month-to-month,Yes,Mailed check,64.92,3790.28,1,3,4.3,No
CUST-02117,Female,0,Yes,No,63,Yes,No,No,No internet service,No internet service,No internet service,No internet service,No internet service,No internet service,Two year,No,Credit card (automatic),28.46,1710.3,1,2,4.6,No
CUST-02118,Female,0,Yes,Yes,52,Yes,No,No,No internet service,No internet service,No internet service,No internet service,No internet service,No internet service,One year,No,Credit card (automatic),23.73,1279.27,0,3,4.9,No
CUST-02119,Female,0,Yes,No,45,Yes,No,Fiber optic,No,Yes,No,No,No,Yes,Month-to-month,Yes,Bank transfer (automatic),92.48,4290.57,6,2,3.8,No
CUST-02120,Female,0,No,No,56,Yes,No,Fiber optic,No,Yes,Yes,Yes,No,Yes,Month-to-month,Yes,Bank transfer (automatic),107.87,5949.05,1,1,4.4,No
CUST-02121,Female,0,No,No,47,Yes,Yes,No,No internet service,No internet service,No internet service,No internet service,No internet service,No internet service,Month-to-month,No,Bank transfer (automatic),27.44,1391.38,1,2,4.6,No
CUST-02122,Female,0,No,Yes,25,Yes,Yes,DSL,No,No,Yes,Yes,Yes,Yes,Two year,No,Mailed check,75.9,1754.47,2,0,4.3,Yes
CUST-02123,Female,0,No,No,47,No,No phone service,Fiber optic,Yes,No,No,No,No,No,Month-to-month,No,Electronic check,72.39,3495.62,5,1,3.0,No
CUST-02124,Female,0,Yes,No,22,Yes,No,Fiber optic,Yes,No,Yes,No,No,No,Month-to-month,Yes,Mailed check,89.81,1886.95,4,1,3.9,Yes
CUST-02125,Female,0,No,Yes,46,Yes,No,Fiber optic,No,No,No,No,No,No,One year,Yes,Credit card (automatic),105.44,5109.16,4,2,4.8,Yes
CUST-02126,Male,0,Yes,No,28,Yes,No,No,No internet service,No internet service,No internet service,No internet service,No internet service,No internet service,Month-to-month,Yes,Electronic check,42.4,1212.11,1,6,3.9,No
CUST-02127,Male,0,Yes,No,36,Yes,No,No,No internet service,No internet service,No internet service,No internet service,No internet service,No internet service,Two year,No,Mailed check,36.43,1362.72,2,0,5.0,No
CUST-02128,Female,0,Yes,No,14,Yes,No,Fiber optic,No,No,No,No,No,No,Month-to-month,Yes,Electronic check,88.26,1188.38,2,5,3.6,Yes
CUST-02129,Male,1,Yes,No,69,Yes,No,DSL,No,No,No,No,No,Yes,Month-to-month,Yes,Mailed check,55.66,3890.42,1,0,5.0,No
CUST-02130,Male,1,No,Yes,54,Yes,No,No,No internet service,No internet service,No internet service,No internet service,No internet service,No internet service,One year,Yes,Electronic check,40.31,2225.64,2,0,4.6,No
CUST-02131,Female,0,Yes,No,8,Yes,Yes,Fiber optic,No,No,No,No,No,No,Month-to-month,Yes,Bank transfer (automatic),99.6,824.66,4,1,3.6,No
CUST-02132,Female,0,Yes,Yes,35,No,No phone service,DSL,No,No,No,No,No,Yes,Two year,Yes,Bank transfer (automatic),63.34,2278.72,0,0,4.6,No
CUST-02133,Female,0,Yes,No,33,Yes,Yes,Fiber optic,No,No,No,Yes,No,No,Month-to-month,No,Mailed check,94.37,2994.73,3,0,4.2,No
CUST-02134,Male,0,No,Yes,64,Yes,Yes,Fiber optic,Yes,Yes,No,Yes,No,No,One year,Yes,Electronic check,115.81,7614.96,5,0,4.3,No
CUST-02135,Male,1,No,Yes,55,Yes,Yes,DSL,No,Yes,Yes,No,No,Yes,Month-to-month,Yes,Electronic check,64.69,3778.76,2,5,4.4,No
CUST-02136,Female,0,No,No,64,Yes,No,DSL,No,Yes,No,Yes,Yes,No,Month-to-month,No,Electronic check,52.01,3578.76,3,4,3.6,No
CUST-02137,Female,0,No,No,34,Yes,No,No,No internet service,No internet service,No internet service,No internet service,No internet service,No internet service,Month-to-month,No,Credit card (automatic),23.68,787.58,2,1,4.3,No
CUST-02138,Male,0,No,Yes,12,Yes,No,No,No internet service,No internet service,No internet service,No internet service,No internet service,No internet service,Month-to-month,No,Electronic check,44.51,526.38,1,0,5.0,No
CUST-02139,Female,0,Yes,No,52,Yes,No,Fiber optic,Yes,No,No,No,Yes,Yes,Two year,No,Mailed check,93.35,4719.86,4,0,4.8,No
CUST-02140,Male,1,Yes,Yes,16,Yes,No,DSL,Yes,Yes,Yes,No,No,Yes,One year,No,Mailed check,73.78,1233.06,3,3,4.0,No
CUST-02141,Female,0,Yes,No,46,Yes,No,Fiber optic,No,No,Yes,No,No,No,One year,No,Bank transfer (automatic),120.0,5463.8,3,1,4.4,Yes
CUST-02142,Female,0,Yes,Yes,30,Yes,No,Fiber optic,Yes,No,No,No,Yes,No,Two year,No,Bank transfer (automatic),87.11,2423.31,0,0,4.8,No
CUST-02143,Female,0,No,No,26,Yes,Yes,DSL,Yes,No,No,No,No,Yes,Month-to-month,Yes,Mailed check,69.99,1889.24,2,1,4.7,No
CUST-02144,Female,1,Yes,Yes,9,Yes,No,Fiber optic,Yes,No,No,Yes,Yes,Yes,Month-to-month,Yes,Mailed check,105.74,1009.97,3,2,3.5,Yes
CUST-02145,Male,0,Yes,No,58,Yes,No,DSL,No,Yes,No,Yes,No,Yes,One year,No,Credit card (automatic),71.65,4282.85,0,0,5.0,No
CUST-02146,Male,0,No,No,50,Yes,Yes,No,No internet service,No internet service,No internet service,No internet service,No internet service,No internet service,Month-to-month,No,Electronic check,26.9,1246.39,0,2,4.3,No
CUST-02147,Male,1,Yes,No,25,Yes,No,No,No internet service,No internet service,No internet service,No internet service,No internet service,No internet service,One year,No,Mailed check,35.38,834.4,1,0,4.5,No
CUST-02148,Female,0,Yes,No,54,Yes,Yes,No,No internet service,No internet service,No internet service,No internet service,No internet service,No internet service,Month-to-month,No,Electronic check,39.27,2038.29,1,1,4.7,No
CUST-02149,Female,1,Yes,Yes,72,Yes,No,DSL,No,No,Yes,No,No,Yes,Month-to-month,Yes,Electronic check,52.08,3695.08,3,3,4.0,No
CUST-02150,Female,0,No,Yes,52,No,No phone service,Fiber optic,No,Yes,Yes,Yes,No,Yes,One year,No,Electronic check,86.72,4770.84,1,2,5.0,No
CUST-02151,Male,0,Yes,No,69,Yes,No,Fiber optic,Yes,No,No,No,No,No,Month-to-month,Yes,Electronic check,104.54,7515.27,6,2,4.3,Yes
CUST-02152,Male,0,Yes,Yes,34,Yes,No,Fiber optic,No,Yes,No,Yes,Yes,No,Month-to-month,Yes,Bank transfer (automatic),84.47,2848.45,2,1,3.8,No
CUST-02153,Female,0,Yes,No,28,Yes,No,Fiber optic,No,No,No,No,No,No,Two year,Yes,Bank transfer (automatic),96.57,2754.35,1,0,4.7,No
CUST-02154,Female,0,No,No,61,Yes,Yes,No,No internet service,No internet service,No internet service,No internet service,No internet service,No internet service,Month-to-month,No,Credit card (automatic),41.64,2665.38,2,0,4.6,No
CUST-02155,Female,0,Yes,No,48,Yes,No,No,No internet service,No internet service,No internet service,No internet service,No internet service,No internet service,Month-to-month,No,Credit card (automatic),46.54,2323.61,0,2,5.0,No
CUST-02156,Male,0,Yes,No,44,Yes,No,DSL,Yes,No,No,No,No,No,One year,Yes,Credit card (automatic),28.88,1317.84,1,0,5.0,Yes
CUST-02157,Male,0,No,No,47,Yes,Yes,Fiber optic,No,Yes,No,No,Yes,No,Month-to-month,Yes,Mailed check,102.17,4493.55,3,4,3.6,Yes
CUST-02158,Female,0,No,No,72,No,No phone service,DSL,Yes,Yes,No,No,No,No,Month-to-month,Yes,Mailed check,72.9,5450.46,1,2,3.6,Yes
CUST-02159,Female,0,Yes,No,50,Yes,No,Fiber optic,Yes,No,No,No,Yes,No,One year,No,Mailed check,86.17,4580.7,2,2,4.4,Yes
CUST-02160,Male,0,Yes,No,59,Yes,Yes,Fiber optic,No,No,No,Yes,No,No,One year,No,Credit card (automatic),98.09,5359.21,3,2,3.6,No
CUST-02161,Female,1,Yes,No,3,Yes,No,No,No internet service,No internet service,No internet service,No internet service,No internet service,No internet service,Month-to-month,Yes,Bank transfer (automatic),38.63,111.96,1,0,4.2,No
CUST-02162,Male,1,No,No,53,Yes,Yes,No,No internet service,No internet service,No internet service,No internet service,No internet service,No internet service,Two year,Yes,Bank transfer (automatic),37.47,2120.15,4,0,4.4,No
CUST-02163,Male,0,Yes,No,23,Yes,Yes,DSL,No,No,Yes,No,Yes,No,Month-to-month,Yes,Electronic check,38.71,873.78,4,3,3.6,No
CUST-02164,Female,0,No,Yes,9,Yes,No,No,No internet service,No internet service,No internet service,No internet service,No internet service,No internet service,Month-to-month,No,Credit card (automatic),37.06,326.75,3,3,3.7,No
CUST-02165,Female,0,No,No,20,Yes,No,Fiber optic,No,Yes,Yes,Yes,No,No,Month-to-month,No,Mailed check,109.58,2224.59,2,1,4.7,No
CUST-02166,Female,0,No,No,60,No,No phone service,Fiber optic,No,Yes,No,No,No,No,Two year,Yes,Bank transfer (automatic),83.21,5010.24,3,3,3.6,No
CUST-02167,Male,0,Yes,Yes,59,No,No phone service,Fiber optic,No,No,No,No,No,No,Month-to-month,No,Credit card (automatic),110.95,6889.15,3,1,4.1,Yes
CUST-02168,Female,0,No,Yes,23,Yes,No,DSL,No,Yes,No,No,No,No,One year,Yes,Electronic check,67.48,1434.91,2,1,3.8,No
CUST-02169,Female,0,No,No,14,Yes,No,DSL,No,No,No,Yes,No,No,Month-to-month,Yes,Electronic check,46.1,664.86,1,1,4.2,Yes
CUST-02170,Female,0,No,Yes,31,Yes,Yes,DSL,No,Yes,No,Yes,No,Yes,Two year,No,Credit card (automatic),64.43,1965.44,1,3,4.7,No
CUST-02171,Male,0,Yes,No,24,Yes,No,Fiber optic,No,No,No,Yes,No,No,Two year,No,Electronic check,75.25,1792.96,2,0,4.7,No
CUST-02172,Female,0,No,No,34,Yes,Yes,DSL,No,No,Yes,No,Yes,No,Month-to-month,Yes,Electronic check,51.34,1743.65,3,1,5.0,No
CUST-02173,Female,0,No,No,57,No,No phone service,Fiber optic,No,No,Yes,No,Yes,Yes,Month-to-month,No,Credit card (automatic),70.96,4239.09,1,1,4.2,No
CUST-02174,Female,0,No,Yes,24,Yes,Yes,No,No internet service,No internet service,No internet service,No internet service,No internet service,No internet service,Month-to-month,No,Mailed check,40.47,981.05,1,3,3.8,No
CUST-02175,Male,0,No,No,13,Yes,Yes,Fiber optic,No,No,No,No,No,Yes,Two year,Yes,Credit card (automatic),99.07,1235.77,4,0,3.2,No
CUST-02176,Female,0,No,No,8,Yes,No,DSL,Yes,Yes,No,No,No,No,One year,No,Credit card (automatic),48.62,377.84,5,1,4.5,No
CUST-02177,Male,0,Yes,No,50,Yes,No,Fiber optic,Yes,No,Yes,No,No,Yes,Two year,Yes,Electronic check,87.03,4588.07,3,0,4.4,Yes
CUST-02178,Male,0,No,No,15,Yes,Yes,DSL,No,Yes,Yes,No,No,No,Month-to-month,Yes,Electronic check,65.79,970.38,1,4,4.0,No
CUST-02179,Female,0,No,No,16,Yes,Yes,Fiber optic,No,No,No,No,No,No,Two year,Yes,Electronic check,106.4,1765.4,4,1,3.7,Yes
CUST-02180,Male,0,No,Yes,58,Yes,No,DSL,Yes,Yes,No,No,No,No,Two year,Yes,Electronic check,70.48,4170.29,0,1,4.0,No
CUST-02181,Female,0,Yes,No,7,Yes,Yes,DSL,Yes,No,No,No,No,No,Month-to-month,No,Electronic check,61.84,418.13,4,3,3.6,Yes
CUST-02182,Male,0,Yes,No,47,Yes,Yes,No,No internet service,No internet service,No internet service,No internet service,No internet service,No internet service,Month-to-month,Yes,Credit card (automatic),19.48,869.79,1,1,4.4,No
CUST-02183,Female,0,No,No,1,Yes,No,DSL,No,No,Yes,No,Yes,No,Month-to-month,Yes,Credit card (automatic),40.3,41.52,0,0,5.0,No
CUST-02184,Female,0,No,Yes,68,Yes,Yes,DSL,No,Yes,No,Yes,No,No,Month-to-month,No,Mailed check,68.61,4679.67,0,1,4.1,No
CUST-02185,Female,0,Yes,No,52,Yes,No,DSL,No,No,No,Yes,Yes,Yes,One year,Yes,Mailed check,80.71,4359.65,3,0,4.5,No
CUST-02186,Male,1,Yes,No,60,Yes,No,Fiber optic,No,No,Yes,No,Yes,Yes,Two year,No,Mailed check,120.0,7458.44,5,0,4.8,No
CUST-02187,Male,0,No,No,48,Yes,No,No,No internet service,No internet service,No internet service,No internet service,No internet service,No internet service,One year,No,Credit card (automatic),43.57,2041.81,3,0,4.0,No
CUST-02188,Male,0,No,No,29,Yes,No,DSL,No,No,Yes,Yes,No,Yes,Month-to-month,No,Electronic check,81.68,2557.31,2,1,4.1,No
CUST-02189,Male,1,Yes,Yes,72,Yes,Yes,DSL,No,No,Yes,Yes,No,No,Two year,Yes,Electronic check,62.18,4781.14,1,1,4.6,No
CUST-02190,Female,0,Yes,Yes,57,Yes,Yes,No,No internet service,No internet service,No internet service,No internet service,No internet service,No internet service,Two year,Yes,Electronic check,18.0,1017.57,3,1,4.6,No
CUST-02191,Male,0,Yes,No,7,Yes,No,DSL,Yes,No,No,No,No,Yes,Month-to-month,No,Bank transfer (automatic),52.99,362.18,1,2,4.6,No
CUST-02192,Male,0,Yes,No,42,Yes,No,DSL,Yes,Yes,No,Yes,No,No,Two year,Yes,Bank transfer (automatic),68.13,2832.53,6,1,4.2,No
CUST-02193,Male,0,No,Yes,40,Yes,No,DSL,Yes,No,Yes,No,No,Yes,Month-to-month,No,Credit card (automatic),75.04,2828.41,0,1,4.4,No
CUST-02194,Male,0,No,No,21,Yes,Yes,No,No internet service,No internet service,No internet service,No internet service,No internet service,No internet service,Month-to-month,Yes,Electronic check,44.31,945.35,3,0,4.7,No
CUST-02195,Female,1,No,Yes,33,Yes,No,Fiber optic,No,Yes,Yes,No,No,Yes,One year,No,Mailed check,114.47,4038.46,3,0,4.9,Yes
CUST-02196,Female,1,No,No,71,Yes,Yes,Fiber optic,No,No,No,Yes,Yes,No,Month-to-month,Yes,Electronic check,85.44,5769.57,5,2,3.2,Yes
CUST-02197,Male,0,Yes,No,7,No,No phone service,Fiber optic,Yes,No,No,Yes,Yes,No,One year,Yes,Electronic check,93.77,678.87,1,1,5.0,Yes
CUST-02198,Female,0,Yes,Yes,67,Yes,No,Fiber optic,No,No,No,No,Yes,No,Month-to-month,No,Credit card (automatic),72.53,4942.06,4,2,3.8,No
CUST-02199,Female,0,Yes,No,51,Yes,No,Fiber optic,Yes,No,Yes,Yes,Yes,Yes,Month-to-month,No,Mailed check,90.06,4349.68,3,0,3.6,No
CUST-02200,Male,0,Yes,No,9,Yes,No,No,No internet service,No internet service,No internet service,No internet service,No internet service,No internet service,One year,Yes,Bank transfer (automatic),29.31,,3,3,4.4,Yes
CUST-02201,Male,0,No,No,22,Yes,No,Fiber optic,No,No,No,Yes,No,Yes,Month-to-month,No,Mailed check,120.0,2843.62,1,2,4.4,Yes
CUST-02202,Male,0,Yes,Yes,61,Yes,No,No,No internet service,No internet service,No internet service,No internet service,No internet service,No internet service,Month-to-month,Yes,Mailed check,31.57,1865.39,1,2,4.8,No
CUST-02203,Male,0,No,No,51,Yes,Yes,DSL,No,No,Yes,No,No,Yes,Month-to-month,No,Electronic check,48.96,2678.38,4,2,4.3,No
CUST-02204,Male,0,Yes,Yes,6,Yes,Yes,Fiber optic,No,No,Yes,No,Yes,No,Month-to-month,No,Credit card (automatic),72.56,435.36,3,1,4.5,Yes
CUST-02205,Male,0,Yes,Yes,11,Yes,No,Fiber optic,No,Yes,No,Yes,Yes,No,Month-to-month,Yes,Electronic check,101.67,1192.38,1,2,5.0,Yes
CUST-02206,Female,0,Yes,No,67,Yes,Yes,DSL,Yes,No,Yes,No,Yes,No,One year,No,Bank transfer (automatic),73.92,5312.99,0,1,4.4,No
CUST-02207,Male,0,No,No,12,Yes,Yes,DSL,No,No,No,No,Yes,No,Month-to-month,No,Credit card (automatic),70.31,824.82,3,1,5.0,No
CUST-02208,Female,1,No,Yes,45,Yes,Yes,DSL,No,No,No,No,Yes,Yes,One year,Yes,Electronic check,58.12,2711.39,1,3,3.4,No
CUST-02209,Male,0,No,No,72,Yes,Yes,DSL,No,No,No,No,Yes,No,Two year,No,Mailed check,68.64,5065.24,2,0,5.0,No
CUST-02210,Male,0,Yes,No,12,Yes,No,No,No internet service,No internet service,No internet service,No internet service,No internet service,No internet service,Month-to-month,No,Bank transfer (automatic),33.38,404.98,0,2,4.7,No
CUST-02211,Female,0,No,No,4,Yes,No,DSL,No,No,Yes,Yes,No,No,Month-to-month,No,Electronic check,73.82,282.7,1,3,4.9,Yes
CUST-02212,Female,0,No,No,59,Yes,No,Fiber optic,No,No,No,No,No,No,Month-to-month,Yes,Electronic check,120.0,7162.83,4,2,3.5,No
CUST-02213,Female,1,Yes,No,69,Yes,No,DSL,No,No,Yes,No,No,No,One year,Yes,Electronic check,46.74,3019.81,2,0,4.8,No
CUST-02214,Male,1,Yes,No,38,Yes,Yes,Fiber optic,No,Yes,No,No,Yes,No,Month-to-month,No,Electronic check,90.01,3550.6,2,3,5.0,Yes
CUST-02215,Male,0,Yes,Yes,17,Yes,No,DSL,No,No,No,No,No,No,Month-to-month,No,Electronic check,48.6,883.8,1,1,4.2,No
CUST-02216,Male,0,Yes,No,5,Yes,No,DSL,No,Yes,No,No,No,No,Two year,No,Bank transfer (automatic),50.63,244.92,3,0,4.2,No
CUST-02217,Male,0,No,No,66,Yes,No,Fiber optic,No,No,No,No,No,No,Month-to-month,Yes,Electronic check,80.85,5271.04,3,0,5.0,No
CUST-02218,Female,0,Yes,No,58,Yes,No,DSL,No,No,No,Yes,Yes,No,Month-to-month,No,Bank transfer (automatic),54.9,3075.04,0,2,5.0,No
CUST-02219,Male,0,No,Yes,65,No,No phone service,Fiber optic,Yes,Yes,Yes,No,No,No,One year,No,Mailed check,119.09,7624.84,7,0,4.0,No
CUST-02220,Male,0,No,No,57,No,No phone service,Fiber optic,Yes,No,Yes,No,Yes,No,Month-to-month,No,Mailed check,91.75,5120.68,2,0,3.8,No
CUST-02221,Female,0,Yes,No,32,Yes,No,No,No internet service,No internet service,No internet service,No internet service,No internet service,No internet service,Two year,Yes,Electronic check,21.19,730.12,2,1,4.1,No
CUST-02222,Male,0,No,No,35,Yes,No,Fiber optic,Yes,No,No,No,No,Yes,Two year,No,Bank transfer (automatic),83.93,2712.42,3,0,3.9,Yes
CUST-02223,Male,0,Yes,Yes,28,Yes,Yes,Fiber optic,No,No,No,Yes,No,No,Month-to-month,Yes,Bank transfer (automatic),105.23,3031.49,3,2,5.0,Yes
CUST-02224,Male,0,No,Yes,53,Yes,No,Fiber optic,No,No,Yes,No,Yes,No,Two year,Yes,Electronic check,102.93,5690.3,2,1,4.4,No
CUST-02225,Male,0,Yes,No,8,Yes,Yes,Fiber optic,No,Yes,Yes,No,Yes,Yes,One year,No,Credit card (automatic),68.91,521.42,3,0,4.1,No
CUST-02226,Female,0,Yes,Yes,3,Yes,Yes,Fiber optic,No,No,No,Yes,Yes,No,Month-to-month,No,Bank transfer (automatic),86.25,259.97,3,0,4.6,Yes
CUST-02227,Female,0,Yes,No,70,No,No phone service,Fiber optic,Yes,No,Yes,No,No,No,Two year,No,Bank transfer (automatic),89.82,6113.19,2,0,4.2,No
CUST-02228,Female,0,No,No,23,Yes,No,Fiber optic,No,No,No,Yes,No,No,Month-to-month,Yes,Mailed check,90.19,1978.73,4,1,4.0,No
CUST-02229,Male,0,No,No,3,Yes,Yes,No,No internet service,No internet service,No internet service,No internet service,No internet service,No internet service,Month-to-month,Yes,Electronic check,26.75,78.68,2,3,4.1,Yes
CUST-02230,Female,0,No,No,49,Yes,Yes,Fiber optic,Yes,No,No,No,No,No,One year,Yes,Mailed check,120.0,5548.96,5,0,3.8,No
CUST-02231,Female,0,Yes,Yes,29,Yes,Yes,DSL,Yes,No,No,No,No,No,Month-to-month,Yes,Electronic check,62.89,1903.3,1,2,3.5,No
CUST-02232,Male,1,No,No,17,Yes,Yes,Fiber optic,No,No,Yes,No,Yes,No,Two year,Yes,Mailed check,115.87,1816.98,5,1,4.2,No
CUST-02233,Female,0,Yes,No,32,Yes,No,No,No internet service,No internet service,No internet service,No internet service,No internet service,No internet service,Month-to-month,No,Credit card (automatic),48.11,1604.28,4,1,4.7,No
CUST-02234,Male,0,No,No,33,No,No phone service,No,No internet service,No internet service,No internet service,No internet service,No internet service,No internet service,One year,Yes,Mailed check,25.24,776.76,3,0,4.0,No
CUST-02235,Female,0,No,No,45,Yes,No,DSL,No,No,No,No,No,Yes,One year,Yes,Electronic check,36.54,1629.24,1,1,5.0,No
CUST-02236,Female,0,No,Yes,68,Yes,No,Fiber optic,Yes,No,Yes,No,No,No,Two year,No,Mailed check,71.14,4653.0,1,1,4.2,No
CUST-02237,Male,0,Yes,No,64,Yes,No,No,No internet service,No internet service,No internet service,No internet service,No internet service,No internet service,Month-to-month,No,Electronic check,46.19,3021.47,4,1,4.3,No
CUST-02238,Male,0,No,No,60,Yes,No,DSL,No,Yes,Yes,No,Yes,Yes,Month-to-month,No,Credit card (automatic),79.24,5107.68,0,2,4.7,No
CUST-02239,Male,0,No,No,36,Yes,Yes,Fiber optic,No,No,No,No,Yes,Yes,Two year,Yes,Mailed check,81.78,2804.15,3,0,3.8,No
CUST-02240,Female,0,Yes,Yes,41,Yes,Yes,DSL,Yes,No,No,Yes,Yes,No,Month-to-month,No,Credit card (automatic),82.09,3446.09,1,1,4.2,No
CUST-02241,Male,0,No,Yes,10,Yes,Yes,No,No internet service,No internet service,No internet service,No internet service,No internet service,No internet service,One year,No,Mailed check,27.1,270.72,3,0,4.2,No
CUST-02242,Female,0,Yes,No,42,No,No phone service,DSL,No,No,No,No,No,Yes,Month-to-month,Yes,Electronic check,69.75,3060.63,2,4,3.7,No
CUST-02243,Male,0,No,Yes,49,Yes,No,Fiber optic,No,Yes,Yes,No,No,No,One year,Yes,Bank transfer (automatic),109.64,5416.04,1,0,5.0,No
CUST-02244,Male,0,No,No,64,Yes,Yes,DSL,No,Yes,Yes,No,Yes,No,Month-to-month,Yes,Electronic check,50.07,3189.59,1,2,4.9,No
CUST-02245,Female,0,No,No,4,Yes,No,DSL,Yes,No,No,Yes,Yes,Yes,Two year,No,Credit card (automatic),58.83,247.16,2,0,4.2,No
CUST-02246,Female,0,Yes,No,63,Yes,No,DSL,Yes,Yes,Yes,No,Yes,Yes,One year,Yes,Credit card (automatic),82.63,5585.29,4,0,5.0,No
CUST-02247,Female,0,Yes,Yes,38,Yes,Yes,DSL,Yes,No,Yes,No,No,No,One year,No,Mailed check,48.19,1963.01,2,1,3.8,No
CUST-02248,Male,0,No,Yes,7,Yes,Yes,No,No internet service,No internet service,No internet service,No internet service,No internet service,No internet service,Month-to-month,No,Electronic check,44.18,289.87,0,2,4.3,No
CUST-02249,Male,0,Yes,No,72,Yes,No,DSL,No,No,Yes,No,Yes,No,Month-to-month,Yes,Electronic check,77.54,5950.25,2,3,3.9,No
CUST-02250,Male,0,No,No,34,Yes,No,DSL,No,Yes,Yes,No,No,No,Month-to-month,No,Bank transfer (automatic),63.59,2209.34,1,2,5.0,No
CUST-02251,Female,0,Yes,No,30,Yes,Yes,No,No internet service,No internet service,No internet service,No internet service,No internet service,No internet service,Month-to-month,Yes,Electronic check,33.2,1065.68,3,3,3.7,No
CUST-02252,Female,0,No,No,14,Yes,No,Fiber optic,No,No,No,No,No,No,Month-to-month,No,Mailed check,86.17,1247.52,1,2,3.5,Yes
CUST-02253,Male,0,Yes,No,6,Yes,Yes,Fiber optic,No,Yes,Yes,No,Yes,No,Month-to-month,No,Credit card (automatic),110.67,631.83,1,0,4.6,No
CUST-02254,Female,0,Yes,Yes,6,Yes,No,DSL,No,Yes,Yes,No,No,No,Two year,Yes,Bank transfer (automatic),43.86,273.46,2,0,5.0,No
CUST-02255,Male,0,Yes,No,20,Yes,No,No,No internet service,No internet service,No internet service,No internet service,No internet service,No internet service,One year,Yes,Electronic check,34.17,,1,0,5.0,No
CUST-02256,Female,1,Yes,No,22,Yes,Yes,Fiber optic,Yes,No,Yes,Yes,Yes,Yes,Month-to-month,Yes,Bank transfer (automatic),88.78,1946.52,2,2,3.9,No
CUST-02257,Female,0,Yes,No,34,Yes,Yes,DSL,No,No,No,No,No,No,Two year,No,Electronic check,70.35,2262.83,2,0,4.5,No
CUST-02258,Female,0,Yes,No,44,Yes,No,Fiber optic,No,No,No,No,No,No,Month-to-month,Yes,Electronic check,96.73,4399.87,3,3,4.4,Yes
CUST-02259,Male,0,No,No,72,No,No phone service,Fiber optic,No,No,Yes,No,Yes,No,Month-to-month,Yes,Mailed check,76.52,5406.97,1,1,4.9,Yes
CUST-02260,Female,0,Yes,No,58,Yes,No,Fiber optic,No,No,No,No,No,No,Month-to-month,Yes,Mailed check,74.47,4660.52,8,1,3.7,No
CUST-02261,Male,0,No,No,35,Yes,No,Fiber optic,No,Yes,Yes,No,Yes,No,One year,Yes,Bank transfer (automatic),82.96,3003.67,3,1,3.4,No
CUST-02262,Female,0,No,No,66,Yes,No,Fiber optic,No,Yes,No,Yes,No,Yes,Month-to-month,Yes,Credit card (automatic),91.95,6501.08,3,2,4.0,Yes
CUST-02263,Male,0,No,Yes,41,Yes,No,Fiber optic,No,Yes,No,No,No,No,Month-to-month,Yes,Electronic check,64.92,2867.56,4,1,4.2,Yes
CUST-02264,Female,1,Yes,No,31,Yes,No,DSL,Yes,Yes,No,Yes,Yes,Yes,Month-to-month,Yes,Bank transfer (automatic),60.66,1982.18,1,1,4.9,No
CUST-02265,Male,0,Yes,No,16,Yes,Yes,Fiber optic,Yes,No,No,No,No,No,Two year,No,Electronic check,106.64,1748.25,3,3,3.7,No
CUST-02266,Male,0,Yes,No,31,No,No phone service,DSL,Yes,No,No,No,Yes,No,Two year,Yes,Electronic check,79.82,2516.98,3,2,3.5,No
CUST-02267,Female,0,No,Yes,3,Yes,No,Fiber optic,No,No,No,Yes,Yes,Yes,One year,Yes,Credit card (automatic),87.3,262.85,2,2,4.5,No
CUST-02268,Female,1,No,Yes,12,Yes,Yes,DSL,No,No,No,No,Yes,Yes,Two year,Yes,Electronic check,45.81,529.2,1,1,5.0,No
CUST-02269,Male,1,Yes,No,69,Yes,Yes,Fiber optic,No,Yes,No,Yes,Yes,Yes,Month-to-month,Yes,Electronic check,110.28,7928.64,1,5,3.6,Yes
CUST-02270,Female,0,Yes,No,15,Yes,Yes,Fiber optic,No,No,Yes,No,Yes,Yes,One year,Yes,Mailed check,103.16,1497.43,3,0,3.9,No
CUST-02271,Male,1,Yes,Yes,41,Yes,No,Fiber optic,No,No,Yes,No,Yes,Yes,Two year,No,Mailed check,115.64,4601.36,3,0,4.0,No
CUST-02272,Male,1,Yes,No,8,Yes,No,No,No internet service,No internet service,No internet service,No internet service,No internet service,No internet service,Month-to-month,Yes,Mailed check,29.79,245.76,1,1,3.8,No
CUST-02273,Male,0,No,No,44,Yes,No,Fiber optic,No,Yes,No,No,No,No,Month-to-month,Yes,Bank transfer (automatic),110.77,4912.98,2,2,4.0,No
CUST-02274,Male,1,Yes,No,71,No,No phone service,No,No internet service,No internet service,No internet service,No internet service,No internet service,No internet service,Month-to-month,Yes,Bank transfer (automatic),23.94,1783.93,0,3,4.4,No
CUST-02275,Male,0,Yes,Yes,33,Yes,No,No,No internet service,No internet service,No internet service,No internet service,No internet service,No internet service,Two year,No,Bank transfer (automatic),26.72,868.17,5,1,3.9,No
CUST-02276,Male,0,Yes,No,10,No,No phone service,No,No internet service,No internet service,No internet service,No internet service,No internet service,No internet service,Month-to-month,Yes,Bank transfer (automatic),28.93,294.58,2,1,5.0,No
CUST-02277,Male,0,Yes,No,2,Yes,No,DSL,No,No,No,No,No,No,Month-to-month,No,Mailed check,79.82,,1,3,4.4,Yes
CUST-02278,Male,0,Yes,No,55,Yes,No,DSL,No,Yes,Yes,Yes,No,No,Two year,Yes,Mailed check,56.62,3222.34,0,0,4.9,No
CUST-02279,Male,0,Yes,No,8,Yes,No,Fiber optic,No,No,No,No,No,Yes,Month-to-month,No,Electronic check,96.03,768.19,2,1,4.4,Yes
CUST-02280,Female,0,Yes,Yes,23,Yes,No,DSL,No,No,Yes,No,No,No,One year,Yes,Credit card (automatic),61.31,1301.79,0,0,5.0,No
CUST-02281,Female,1,Yes,Yes,61,Yes,No,Fiber optic,No,No,Yes,No,No,No,Two year,Yes,Bank transfer (automatic),114.14,7282.28,2,0,5.0,No
CUST-02282,Male,0,No,No,39,Yes,No,DSL,No,No,No,Yes,Yes,No,Two year,Yes,Electronic check,69.4,2561.29,2,1,4.9,No
CUST-02283,Male,1,No,No,63,Yes,No,Fiber optic,No,Yes,No,No,No,No,Month-to-month,Yes,Bank transfer (automatic),78.06,4722.2,3,2,5.0,No
CUST-02284,Female,0,Yes,Yes,63,Yes,Yes,DSL,Yes,Yes,No,No,Yes,No,Month-to-month,No,Mailed check,56.53,3716.17,2,0,4.9,No
CUST-02285,Female,0,No,No,48,Yes,Yes,No,No internet service,No internet service,No internet service,No internet service,No internet service,No internet service,Two year,Yes,Mailed check,36.17,1659.64,1,0,5.0,No
CUST-02286,Female,0,Yes,Yes,68,Yes,Yes,Fiber optic,No,No,No,No,No,No,Month-to-month,No,Bank transfer (automatic),120.0,7939.79,7,1,4.4,Yes
CUST-02287,Female,0,No,No,3,Yes,Yes,DSL,No,No,Yes,Yes,No,No,One year,Yes,Electronic check,65.8,190.85,3,1,4.3,Yes
CUST-02288,Female,0,No,No,18,Yes,No,Fiber optic,No,No,No,No,No,Yes,Month-to-month,Yes,Credit card (automatic),95.31,1626.69,3,2,3.8,No
CUST-02289,Female,0,Yes,No,20,Yes,Yes,Fiber optic,No,No,No,Yes,Yes,Yes,Two year,Yes,Mailed check,88.54,1708.69,5,1,4.0,No
CUST-02290,Male,0,Yes,No,66,Yes,No,No,No internet service,No internet service,No internet service,No internet service,No internet service,No internet service,Month-to-month,No,Bank transfer (automatic),42.69,2713.4,1,1,5.0,No
CUST-02291,Male,0,No,No,45,Yes,Yes,Fiber optic,No,No,Yes,Yes,Yes,No,Two year,No,Electronic check,78.37,3755.42,3,0,5.0,No
CUST-02292,Male,0,Yes,Yes,19,Yes,Yes,Fiber optic,Yes,No,No,Yes,No,No,Month-to-month,No,Credit card (automatic),68.26,1310.04,5,1,4.3,Yes
CUST-02293,Male,1,Yes,No,16,Yes,No,DSL,No,No,Yes,No,No,No,Month-to-month,No,Bank transfer (automatic),41.61,627.12,1,3,4.7,Yes
CUST-02294,Female,0,No,Yes,58,Yes,Yes,Fiber optic,No,No,No,No,No,No,Month-to-month,Yes,Electronic check,104.1,6350.44,3,6,3.7,Yes
CUST-02295,Female,0,No,Yes,62,Yes,Yes,DSL,No,Yes,No,No,Yes,No,Month-to-month,Yes,Mailed check,68.48,4240.14,2,2,4.7,No
CUST-02296,Female,0,No,No,2,Yes,Yes,No,No internet service,No internet service,No internet service,No internet service,No internet service,No internet service,Month-to-month,No,Electronic check,29.51,60.14,0,4,4.5,No
CUST-02297,Male,1,No,No,27,No,No phone service,Fiber optic,Yes,Yes,No,No,No,Yes,Month-to-month,Yes,Mailed check,90.87,2371.11,5,1,3.4,No
CUST-02298,Male,0,No,No,39,Yes,Yes,No,No internet service,No internet service,No internet service,No internet service,No internet service,No internet service,Two year,No,Mailed check,25.56,,1,0,4.9,No
CUST-02299,Male,0,No,Yes,17,Yes,No,No,No internet service,No internet service,No internet service,No internet service,No internet service,No internet service,One year,No,Bank transfer (automatic),43.83,762.74,3,0,4.9,No
CUST-02300,Female,0,No,Yes,53,Yes,Yes,DSL,Yes,No,No,No,No,No,One year,Yes,Bank transfer (automatic),80.28,4149.26,1,0,4.5,No
CUST-02301,Male,0,No,Yes,55,Yes,Yes,DSL,No,No,No,Yes,No,No,Month-to-month,Yes,Mailed check,69.03,4015.43,2,1,4.4,Yes
CUST-02302,Male,0,No,No,61,Yes,Yes,DSL,Yes,No,No,No,No,Yes,Month-to-month,Yes,Electronic check,69.74,4463.5,2,4,3.0,Yes
CUST-02303,Female,0,No,No,57,Yes,Yes,DSL,Yes,Yes,No,Yes,No,No,Month-to-month,Yes,Credit card (automatic),78.61,4656.55,7,4,3.0,Yes
CUST-02304,Female,0,No,No,61,Yes,No,DSL,Yes,No,Yes,Yes,No,No,Month-to-month,Yes,Electronic check,70.41,4057.47,3,3,4.3,No
CUST-02305,Female,0,No,No,27,Yes,No,No,No internet service,No internet service,No internet service,No internet service,No internet service,No internet service,Two year,Yes,Electronic check,33.38,881.2,0,1,5.0,No
CUST-02306,Male,0,No,No,22,Yes,No,Fiber optic,Yes,No,No,No,No,No,Month-to-month,No,Electronic check,77.87,1581.48,6,4,2.9,Yes
CUST-02307,Male,1,Yes,No,23,Yes,No,Fiber optic,Yes,No,No,Yes,No,No,Month-to-month,Yes,Electronic check,103.6,2342.87,3,4,3.5,Yes
CUST-02308,Male,0,No,No,62,Yes,Yes,Fiber optic,No,Yes,No,Yes,No,No,Two year,No,Mailed check,82.23,5010.83,3,1,5.0,No
CUST-02309,Male,0,Yes,No,47,Yes,No,DSL,No,Yes,No,No,No,No,One year,No,Credit card (automatic),57.94,2581.26,1,0,5.0,No
CUST-02310,Female,0,Yes,No,24,Yes,No,Fiber optic,No,Yes,No,Yes,No,No,Month-to-month,No,Mailed check,100.07,2432.25,1,7,4.4,Yes
CUST-02311,Male,0,Yes,No,52,Yes,No,DSL,No,No,No,Yes,Yes,No,Month-to-month,Yes,Mailed check,59.59,2992.37,1,2,3.9,No
CUST-02312,Male,0,No,Yes,17,Yes,No,No,No internet service,No internet service,No internet service,No internet service,No internet service,No internet service,Month-to-month,Yes,Credit card (automatic),23.79,435.85,2,0,5.0,No
CUST-02313,Female,0,No,Yes,20,Yes,Yes,Fiber optic,No,No,Yes,No,Yes,No,Month-to-month,Yes,Mailed check,86.26,1668.04,1,2,4.7,No
CUST-02314,Male,0,Yes,No,1,Yes,No,DSL,No,No,Yes,No,Yes,No,Two year,No,Bank transfer (automatic),70.16,68.28,2,0,5.0,No
CUST-02315,Male,0,Yes,No,70,Yes,No,Fiber optic,Yes,No,No,No,No,Yes,One year,No,Mailed check,76.22,5017.66,4,0,4.4,No
CUST-02316,Male,0,Yes,No,17,Yes,No,Fiber optic,Yes,No,Yes,No,No,No,One year,Yes,Mailed check,74.1,1307.51,4,1,4.8,No
CUST-02317,Male,0,Yes,No,55,Yes,Yes,DSL,No,Yes,No,No,Yes,No,Month-to-month,Yes,Mailed check,42.33,2363.93,0,2,4.7,No
CUST-02318,Male,1,Yes,Yes,9,Yes,Yes,DSL,No,No,Yes,Yes,No,Yes,One year,Yes,Credit card (automatic),62.65,542.47,0,0,5.0,No
CUST-02319,Female,0,No,No,3,Yes,No,DSL,No,No,Yes,Yes,No,No,Month-to-month,Yes,Electronic check,39.1,113.83,6,3,3.2,Yes
CUST-02320,Female,0,Yes,No,49,Yes,No,No,No internet service,No internet service,No internet service,No internet service,No internet service,No internet service,One year,No,Credit card (automatic),27.13,1266.01,1,0,5.0,No
CUST-02321,Male,0,Yes,Yes,8,No,No phone service,No,No internet service,No internet service,No internet service,No internet service,No internet service,No internet service,One year,No,Bank transfer (automatic),36.92,280.8,1,1,4.8,No
CUST-02322,Male,0,Yes,No,11,Yes,Yes,Fiber optic,No,No,No,No,Yes,No,Month-to-month,Yes,Credit card (automatic),98.16,1037.29,3,2,3.6,No
CUST-02323,Male,1,No,No,24,Yes,No,DSL,No,Yes,Yes,Yes,No,Yes,Month-to-month,Yes,Electronic check,54.71,1391.85,1,3,4.4,Yes
CUST-02324,Female,0,No,Yes,43,Yes,Yes,DSL,Yes,No,No,Yes,Yes,No,Two year,Yes,Mailed check,67.81,2690.54,3,0,3.4,No
CUST-02325,Female,0,Yes,Yes,2,Yes,Yes,Fiber optic,No,No,No,Yes,No,Yes,One year,Yes,Electronic check,92.75,174.55,2,1,4.6,No
CUST-02326,Female,0,Yes,No,10,Yes,No,DSL,Yes,No,No,No,No,Yes,One year,No,Electronic check,46.46,437.55,0,1,4.9,No
CUST-02327,Male,0,No,No,25,Yes,Yes,Fiber optic,No,No,Yes,No,Yes,Yes,Two year,No,Mailed check,106.88,2729.07,3,1,4.4,No
CUST-02328,Male,1,Yes,No,51,Yes,Yes,DSL,Yes,No,No,Yes,No,No,Month-to-month,No,Electronic check,68.69,3717.64,1,1,5.0,No
CUST-02329,Male,0,No,Yes,8,Yes,No,DSL,No,No,No,Yes,No,No,Month-to-month,No,Bank transfer (automatic),49.3,381.6,2,1,4.4,No
CUST-02330,Male,0,No,Yes,21,Yes,Yes,Fiber optic,No,No,No,No,No,No,Month-to-month,No,Bank transfer (automatic),73.7,1524.82,0,1,4.9,No
CUST-02331,Male,0,No,No,14,No,No phone service,DSL,No,No,Yes,Yes,Yes,Yes,Month-to-month,No,Credit card (automatic),70.52,934.94,1,1,5.0,Yes
CUST-02332,Female,0,No,No,23,Yes,No,Fiber optic,Yes,No,Yes,No,Yes,Yes,One year,No,Credit card (automatic),83.29,1831.04,3,1,4.9,No
CUST-02333,Male,0,Yes,Yes,19,Yes,No,Fiber optic,No,Yes,No,No,No,Yes,Month-to-month,Yes,Electronic check,101.07,1909.98,6,0,4.6,No
CUST-02334,Female,0,Yes,No,47,No,No phone service,Fiber optic,No,Yes,Yes,No,No,Yes,Month-to-month,Yes,Credit card (automatic),100.06,4985.38,4,3,3.5,Yes
CUST-02335,Female,0,Yes,Yes,5,Yes,No,No,No internet service,No internet service,No internet service,No internet service,No internet service,No internet service,Month-to-month,No,Electronic check,24.5,128.49,1,1,5.0,Yes
CUST-02336,Female,0,Yes,No,68,Yes,No,Fiber optic,Yes,Yes,No,Yes,No,No,Month-to-month,Yes,Bank transfer (automatic),116.43,8059.1,3,3,3.7,No
CUST-02337,Male,0,Yes,No,18,Yes,No,Fiber optic,No,Yes,No,No,No,No,Two year,Yes,Bank transfer (automatic),85.99,1561.13,2,0,5.0,No
CUST-02338,Female,0,Yes,No,72,Yes,No,Fiber optic,Yes,No,No,Yes,Yes,No,One year,Yes,Mailed check,77.88,5740.38,4,0,4.8,No
CUST-02339,Male,0,No,No,53,Yes,No,No,No internet service,No internet service,No internet service,No internet service,No internet service,No internet service,One year,Yes,Credit card (automatic),29.58,1545.03,2,0,5.0,No
CUST-02340,Male,0,Yes,Yes,26,Yes,Yes,Fiber optic,No,Yes,No,No,No,Yes,Month-to-month,Yes,Mailed check,93.08,2374.79,6,0,4.6,No
CUST-02341,Male,0,No,No,22,Yes,No,Fiber optic,No,No,No,No,No,Yes,Month-to-month,No,Mailed check,73.87,1641.18,5,1,4.2,No
CUST-02342,Male,0,Yes,No,69,No,No phone service,DSL,No,No,Yes,No,Yes,No,Two year,Yes,Bank transfer (automatic),74.06,4747.54,0,0,5.0,No
CUST-02343,Female,1,Yes,Yes,72,Yes,Yes,Fiber optic,No,Yes,No,No,No,No,Month-to-month,Yes,Electronic check,119.97,9198.31,5,1,4.0,No
CUST-02344,Female,0,Yes,No,45,Yes,No,Fiber optic,Yes,No,No,No,No,Yes,One year,No,Electronic check,95.69,4358.55,5,0,4.4,Yes
CUST-02345,Female,0,No,Yes,4,Yes,Yes,No,No internet service,No internet service,No internet service,No internet service,No internet service,No internet service,Month-to-month,Yes,Bank transfer (automatic),43.0,173.82,1,1,4.4,No
CUST-02346,Male,0,No,Yes,66,Yes,Yes,Fiber optic,Yes,Yes,No,Yes,No,No,Month-to-month,Yes,Electronic check,80.23,5229.68,3,3,4.0,No
CUST-02347,Male,0,No,No,35,Yes,Yes,DSL,No,No,Yes,No,Yes,No,Month-to-month,Yes,Electronic check,38.64,1433.05,1,0,4.4,No
CUST-02348,Female,0,Yes,No,3,Yes,No,Fiber optic,No,No,Yes,No,Yes,No,Month-to-month,No,Electronic check,73.95,207.3,3,4,3.8,Yes
CUST-02349,Male,0,Yes,Yes,58,Yes,No,No,No internet service,No internet service,No internet service,No internet service,No internet service,No internet service,One year,Yes,Bank transfer (automatic),46.6,2716.28,1,0,4.9,No
CUST-02350,Female,0,No,Yes,3,Yes,Yes,No,No internet service,No internet service,No internet service,No internet service,No internet service,No internet service,Month-to-month,Yes,Electronic check,21.7,63.26,0,1,4.7,No
CUST-02351,Female,1,Yes,Yes,27,Yes,No,Fiber optic,Yes,Yes,No,No,No,No,Month-to-month,Yes,Bank transfer (automatic),120.0,3097.47,7,3,2.7,Yes
CUST-02352,Female,0,Yes,No,6,Yes,No,DSL,Yes,No,No,No,Yes,Yes,Month-to-month,Yes,Bank transfer (automatic),47.54,300.12,2,2,4.3,Yes
CUST-02353,Female,0,Yes,No,32,Yes,No,No,No internet service,No internet service,No internet service,No internet service,No internet service,No internet service,Two year,Yes,Mailed check,29.79,991.81,3,0,4.3,No
CUST-02354,Male,0,Yes,Yes,58,Yes,No,No,No internet service,No internet service,No internet service,No internet service,No internet service,No internet service,Month-to-month,Yes,Credit card (automatic),29.78,1776.72,1,4,4.3,No
CUST-02355,Male,1,Yes,No,10,Yes,Yes,No,No internet service,No internet service,No internet service,No internet service,No internet service,No internet service,Two year,Yes,Bank transfer (automatic),36.42,344.88,1,0,5.0,No
CUST-02356,Male,1,Yes,No,10,Yes,No,Fiber optic,No,Yes,No,No,No,No,Month-to-month,No,Electronic check,118.0,1220.22,4,3,3.6,Yes
CUST-02357,Male,0,No,No,69,Yes,Yes,DSL,No,No,Yes,Yes,Yes,No,Month-to-month,Yes,Credit card (automatic),54.65,3673.48,3,2,3.8,No
CUST-02358,Male,0,No,No,13,Yes,No,No,No internet service,No internet service,No internet service,No internet service,No internet service,No internet service,Two year,No,Electronic check,36.55,485.08,1,0,4.1,No
CUST-02359,Female,0,Yes,No,9,Yes,Yes,DSL,Yes,Yes,No,No,No,No,Month-to-month,No,Mailed check,34.72,313.98,0,3,4.9,Yes
CUST-02360,Male,0,Yes,No,43,Yes,Yes,DSL,Yes,No,Yes,No,Yes,Yes,Month-to-month,No,Mailed check,72.63,3015.41,2,0,4.7,No
CUST-02361,Female,0,No,No,20,Yes,No,Fiber optic,No,Yes,Yes,No,No,Yes,One year,No,Bank transfer (automatic),106.79,2105.38,4,0,4.6,Yes
CUST-02362,Female,0,Yes,Yes,69,Yes,No,Fiber optic,No,No,No,No,Yes,No,Month-to-month,No,Mailed check,104.25,7083.56,2,1,4.2,No
CUST-02363,Female,0,No,Yes,12,Yes,No,Fiber optic,Yes,Yes,No,No,No,Yes,One year,Yes,Mailed check,109.38,1315.18,3,0,5.0,No
CUST-02364,Male,1,Yes,Yes,41,Yes,No,Fiber optic,No,No,No,No,No,No,Month-to-month,Yes,Bank transfer (automatic),89.74,3864.52,5,2,3.4,No
CUST-02365,Female,1,No,No,67,Yes,Yes,DSL,Yes,Yes,Yes,No,No,No,Two year,Yes,Mailed check,57.82,3866.17,3,2,3.6,No
CUST-02366,Male,1,No,Yes,53,Yes,Yes,Fiber optic,Yes,Yes,Yes,No,Yes,Yes,One year,No,Electronic check,71.99,4085.56,2,0,4.4,No
CUST-02367,Male,0,Yes,No,3,Yes,No,No,No internet service,No internet service,No internet service,No internet service,No internet service,No internet service,Month-to-month,Yes,Bank transfer (automatic),26.55,78.98,0,1,4.4,No
CUST-02368,Male,0,No,Yes,14,Yes,Yes,No,No internet service,No internet service,No internet service,No internet service,No internet service,No internet service,Month-to-month,Yes,Electronic check,30.97,455.38,0,4,3.7,No
CUST-02369,Male,0,No,No,10,Yes,No,DSL,No,No,Yes,No,No,Yes,Month-to-month,No,Credit card (automatic),47.85,472.95,2,1,3.9,No
CUST-02370,Male,0,No,Yes,66,Yes,Yes,Fiber optic,No,No,No,No,Yes,No,Month-to-month,Yes,Bank transfer (automatic),87.69,5861.56,4,1,3.2,No
CUST-02371,Male,0,Yes,No,15,Yes,Yes,DSL,No,No,Yes,Yes,No,No,Two year,No,Mailed check,59.52,864.72,4,1,4.5,No
CUST-02372,Female,1,Yes,No,5,Yes,Yes,Fiber optic,No,No,No,No,No,No,Month-to-month,Yes,Electronic check,65.92,353.27,5,5,3.0,Yes
CUST-02373,Male,0,Yes,No,28,Yes,Yes,Fiber optic,Yes,No,No,Yes,No,No,Month-to-month,No,Electronic check,104.51,2897.41,2,2,4.1,Yes
CUST-02374,Male,0,No,No,21,No,No phone service,Fiber optic,Yes,No,No,No,No,No,Month-to-month,Yes,Bank transfer (automatic),99.24,1999.17,1,1,5.0,No
CUST-02375,Female,0,Yes,No,12,Yes,Yes,DSL,Yes,Yes,Yes,No,Yes,Yes,Month-to-month,Yes,Credit card (automatic),54.03,655.89,1,1,5.0,Yes
CUST-02376,Female,0,Yes,No,33,Yes,Yes,No,No internet service,No internet service,No internet service,No internet service,No internet service,No internet service,Month-to-month,Yes,Bank transfer (automatic),28.51,966.82,1,1,4.6,No
CUST-02377,Female,0,No,No,65,Yes,No,No,No internet service,No internet service,No internet service,No internet service,No internet service,No internet service,Month-to-month,No,Bank transfer (automatic),25.51,1724.23,3,0,5.0,No
CUST-02378,Male,0,Yes,No,17,Yes,No,Fiber optic,No,No,No,No,No,Yes,Month-to-month,No,Electronic check,76.28,1215.37,1,2,4.3,No
CUST-02379,Female,0,No,No,71,Yes,Yes,DSL,No,No,Yes,No,Yes,No,Two year,No,Electronic check,56.99,3816.89,0,0,5.0,No
CUST-02380,Female,0,Yes,No,48,No,No phone service,Fiber optic,No,Yes,No,Yes,No,Yes,Month-to-month,Yes,Credit card (automatic),99.26,4586.62,2,1,3.8,No
CUST-02381,Male,0,No,No,28,Yes,Yes,No,No internet service,No internet service,No internet service,No internet service,No internet service,No internet service,Month-to-month,No,Mailed check,24.43,687.27,6,3,3.0,No
CUST-02382,Male,0,Yes,No,49,Yes,Yes,Fiber optic,Yes,No,No,Yes,Yes,Yes,One year,Yes,Credit card (automatic),73.8,3553.88,2,1,4.0,No
CUST-02383,Female,0,Yes,No,26,Yes,No,Fiber optic,Yes,No,No,No,Yes,No,Month-to-month,Yes,Electronic check,78.6,2202.89,3,4,3.7,No
CUST-02384,Male,0,No,No,16,No,No phone service,DSL,No,No,No,No,No,No,Month-to-month,Yes,Bank transfer (automatic),63.85,1091.62,1,0,5.0,No
CUST-02385,Male,0,Yes,Yes,17,Yes,No,Fiber optic,Yes,Yes,No,No,No,No,Month-to-month,Yes,Mailed check,83.91,1341.33,6,4,3.5,Yes
CUST-02386,Female,0,Yes,Yes,1,Yes,Yes,DSL,No,No,No,No,Yes,No,One year,No,Credit card (automatic),72.71,67.31,1,0,4.1,No
CUST-02387,Female,0,Yes,No,47,Yes,No,Fiber optic,No,No,No,No,No,No,Month-to-month,No,Electronic check,113.58,5588.14,4,2,4.0,No
CUST-02388,Female,0,No,No,6,No,No phone service,DSL,No,No,Yes,No,No,Yes,Two year,No,Electronic check,80.91,505.37,2,1,4.8,No
CUST-02389,Female,0,Yes,No,15,Yes,Yes,Fiber optic,No,No,Yes,Yes,No,No,Two year,Yes,Mailed check,90.12,1402.75,1,0,4.4,No
CUST-02390,Female,1,Yes,No,1,No,No phone service,Fiber optic,Yes,No,Yes,No,No,Yes,Month-to-month,No,Bank transfer (automatic),99.56,104.27,3,1,4.2,Yes
CUST-02391,Male,0,Yes,No,5,Yes,Yes,No,No internet service,No internet service,No internet service,No internet service,No internet service,No internet service,Month-to-month,No,Electronic check,32.11,168.43,4,3,4.0,Yes
CUST-02392,Male,0,Yes,No,66,Yes,No,Fiber optic,No,No,Yes,Yes,Yes,No,Month-to-month,No,Credit card (automatic),115.18,7515.04,6,6,4.0,Yes
CUST-02393,Female,1,No,No,2,No,No phone service,DSL,Yes,No,Yes,No,Yes,No,Month-to-month,Yes,Credit card (automatic),67.05,130.53,0,0,5.0,No
CUST-02394,Male,0,Yes,Yes,45,Yes,Yes,DSL,No,No,Yes,Yes,No,No,Month-to-month,Yes,Electronic check,52.5,2524.13,3,5,3.4,No
CUST-02395,Male,0,No,No,24,Yes,No,DSL,No,No,Yes,No,No,Yes,Month-to-month,Yes,Credit card (automatic),61.37,1550.84,2,2,4.5,No
CUST-02396,Female,0,No,No,10,Yes,No,Fiber optic,Yes,No,No,No,No,No,Month-to-month,No,Credit card (automatic),79.41,741.71,4,1,5.0,Yes
CUST-02397,Female,0,No,Yes,22,Yes,No,Fiber optic,No,No,No,No,Yes,Yes,Month-to-month,No,Electronic check,112.58,2419.16,3,1,4.6,Yes
CUST-02398,Male,0,No,No,7,Yes,Yes,Fiber optic,Yes,No,No,No,Yes,No,Month-to-month,No,Credit card (automatic),94.22,607.17,1,0,5.0,Yes
CUST-02399,Male,0,Yes,No,23,Yes,No,No,No internet service,No internet service,No internet service,No internet service,No internet service,No internet service,One year,Yes,Bank transfer (automatic),29.18,651.89,2,0,4.5,No
CUST-02400,Female,0,No,Yes,59,Yes,Yes,DSL,No,No,No,No,Yes,No,One year,Yes,Credit card (automatic),65.41,3985.2,1,0,5.0,No
CUST-02401,Male,0,No,No,45,Yes,Yes,Fiber optic,No,No,Yes,Yes,No,No,Two year,No,Bank transfer (automatic),89.06,3849.62,1,0,4.1,No
CUST-02402,Female,0,No,No,59,Yes,No,DSL,No,Yes,No,No,Yes,Yes,Month-to-month,Yes,Electronic check,49.44,2737.79,1,1,4.8,No
CUST-02403,Female,0,Yes,No,51,Yes,No,DSL,No,No,No,Yes,Yes,No,Month-to-month,No,Bank transfer (automatic),46.45,2236.76,4,3,2.5,No
CUST-02404,Female,0,Yes,Yes,67,Yes,Yes,Fiber optic,No,Yes,No,No,No,No,Month-to-month,Yes,Bank transfer (automatic),103.53,6523.36,0,0,5.0,No
CUST-02405,Male,0,No,Yes,8,Yes,Yes,Fiber optic,No,Yes,Yes,No,No,No,Month-to-month,No,Bank transfer (automatic),103.73,804.93,2,3,4.4,Yes
CUST-02406,Female,0,Yes,No,12,Yes,No,No,No internet service,No internet service,No internet service,No internet service,No internet service,No internet service,Month-to-month,No,Bank transfer (automatic),37.39,456.52,0,3,4.7,No
CUST-02407,Male,0,No,Yes,30,Yes,No,DSL,Yes,No,No,No,No,No,Month-to-month,No,Bank transfer (automatic),74.79,2066.24,1,1,5.0,Yes
CUST-02408,Female,0,Yes,No,38,Yes,No,Fiber optic,No,No,No,No,Yes,Yes,Month-to-month,Yes,Mailed check,85.81,3413.1,2,1,4.4,No
CUST-02409,Male,0,No,No,57,Yes,Yes,No,No internet service,No internet service,No internet service,No internet service,No internet service,No internet service,Month-to-month,No,Electronic check,52.32,2761.92,5,3,4.1,No
CUST-02410,Male,0,Yes,No,9,Yes,No,No,No internet service,No internet service,No internet service,No internet service,No internet service,No internet service,Month-to-month,Yes,Credit card (automatic),31.21,298.18,2,0,5.0,No
CUST-02411,Female,0,Yes,No,8,Yes,No,Fiber optic,No,No,No,Yes,Yes,No,One year,Yes,Credit card (automatic),100.91,857.82,3,0,4.2,No
CUST-02412,Male,0,Yes,No,58,Yes,Yes,Fiber optic,No,No,No,No,No,No,One year,Yes,Credit card (automatic),114.54,6549.49,3,0,4.1,No
CUST-02413,Female,0,No,Yes,40,Yes,No,Fiber optic,No,No,Yes,No,Yes,No,Month-to-month,No,Electronic check,83.46,3288.33,3,3,4.3,No
CUST-02414,Female,0,No,Yes,30,No,No phone service,Fiber optic,Yes,Yes,No,No,No,No,One year,Yes,Mailed check,107.87,3167.83,5,0,4.8,Yes
CUST-02415,Male,0,No,No,16,Yes,No,DSL,Yes,Yes,No,No,No,Yes,Month-to-month,Yes,Mailed check,40.92,646.1,2,3,3.9,No
CUST-02416,Male,0,No,No,51,No,No phone service,Fiber optic,No,No,Yes,No,No,No,One year,No,Credit card (automatic),112.89,5530.44,0,0,5.0,No
CUST-02417,Female,0,No,Yes,58,Yes,Yes,DSL,No,No,Yes,No,No,No,One year,No,Electronic check,54.65,3229.36,0,0,5.0,No
CUST-02418,Male,1,No,No,3,Yes,No,Fiber optic,Yes,Yes,No,No,No,No,Month-to-month,Yes,Credit card (automatic),118.99,374.44,4,0,5.0,Yes
CUST-02419,Male,0,No,Yes,4,Yes,No,Fiber optic,No,No,Yes,No,No,No,Month-to-month,Yes,Credit card (automatic),96.72,369.37,2,2,4.5,Yes
CUST-02420,Male,0,No,No,57,Yes,No,DSL,No,Yes,Yes,Yes,Yes,No,Month-to-month,Yes,Credit card (automatic),79.7,4527.69,3,4,3.4,No
CUST-02421,Male,0,No,No,64,Yes,Yes,Fiber optic,No,No,No,No,Yes,No,One year,No,Electronic check,79.84,5375.89,2,0,4.8,No
CUST-02422,Female,0,Yes,No,17,No,No phone service,DSL,Yes,No,No,No,Yes,Yes,Month-to-month,No,Credit card (automatic),43.21,721.21,1,2,4.2,No
CUST-02423,Male,0,No,No,51,Yes,No,No,No internet service,No internet service,No internet service,No internet service,No internet service,No internet service,Two year,Yes,Mailed check,36.29,1821.0,2,1,4.6,No
CUST-02424,Female,0,Yes,Yes,61,Yes,No,No,No internet service,No internet service,No internet service,No internet service,No internet service,No internet service,One year,Yes,Electronic check,39.16,2440.37,3,1,4.1,No
CUST-02425,Male,1,Yes,No,9,Yes,Yes,DSL,Yes,No,No,Yes,No,No,Month-to-month,Yes,Bank transfer (automatic),53.88,476.82,2,2,3.3,No
CUST-02426,Female,0,No,No,14,Yes,Yes,DSL,Yes,No,Yes,Yes,No,No,Month-to-month,Yes,Credit card (automatic),36.27,528.95,1,2,4.8,Yes
CUST-02427,Male,1,No,No,10,Yes,Yes,No,No internet service,No internet service,No internet service,No internet service,No internet service,No internet service,Month-to-month,Yes,Bank transfer (automatic),30.32,317.73,1,0,5.0,No
CUST-02428,Male,0,Yes,Yes,57,Yes,Yes,No,No internet service,No internet service,No internet service,No internet service,No internet service,No internet service,One year,Yes,Bank transfer (automatic),18.0,983.93,2,0,3.3,No
CUST-02429,Female,1,Yes,No,56,Yes,Yes,No,No internet service,No internet service,No internet service,No internet service,No internet service,No internet service,Two year,No,Credit card (automatic),24.53,1438.74,2,2,4.8,No
CUST-02430,Male,0,No,No,10,Yes,No,Fiber optic,No,Yes,No,No,No,Yes,One year,Yes,Credit card (automatic),72.25,695.62,6,2,3.6,No
CUST-02431,Male,0,Yes,Yes,13,Yes,No,DSL,No,Yes,No,Yes,No,Yes,Month-to-month,Yes,Credit card (automatic),78.06,1019.69,3,1,4.4,No
CUST-02432,Female,0,Yes,Yes,48,No,No phone service,No,No internet service,No internet service,No internet service,No internet service,No internet service,No internet service,Month-to-month,No,Credit card (automatic),25.75,1297.68,0,1,5.0,No
CUST-02433,Male,0,No,Yes,65,Yes,No,Fiber optic,No,Yes,No,Yes,No,No,Two year,Yes,Mailed check,96.73,6694.82,1,0,4.8,No
CUST-02434,Male,0,No,No,57,Yes,No,Fiber optic,No,No,Yes,Yes,Yes,Yes,Month-to-month,Yes,Mailed check,67.83,3915.79,2,2,4.5,No
CUST-02435,Male,0,No,Yes,13,No,No phone service,Fiber optic,No,Yes,No,No,No,Yes,One year,Yes,Mailed check,89.7,1092.27,2,0,4.9,Yes
CUST-02436,Female,0,No,No,28,Yes,No,Fiber optic,Yes,No,No,Yes,Yes,Yes,Month-to-month,Yes,Mailed check,96.56,2754.8,4,1,4.4,Yes
CUST-02437,Female,0,Yes,No,5,Yes,Yes,DSL,No,No,No,No,No,No,Month-to-month,No,Credit card (automatic),81.7,420.94,2,3,4.2,No
CUST-02438,Female,0,Yes,No,18,Yes,No,No,No internet service,No internet service,No internet service,No internet service,No internet service,No internet service,Month-to-month,No,Credit card (automatic),31.81,603.36,0,0,4.8,No
CUST-02439,Female,1,No,Yes,41,No,No phone service,Fiber optic,Yes,No,No,No,No,Yes,Month-to-month,Yes,Electronic check,86.8,3281.15,2,2,3.8,No
CUST-02440,Male,0,No,No,25,Yes,No,DSL,No,Yes,Yes,No,Yes,Yes,Month-to-month,Yes,Credit card (automatic),38.88,976.77,0,0,4.5,No
CUST-02441,Male,0,Yes,Yes,44,Yes,No,DSL,Yes,No,No,Yes,No,Yes,Month-to-month,Yes,Bank transfer (automatic),71.96,3134.45,2,2,4.4,No
CUST-02442,Male,0,Yes,Yes,22,Yes,No,Fiber optic,Yes,No,No,No,Yes,No,Month-to-month,Yes,Bank transfer (automatic),95.51,2189.99,2,1,5.0,No
CUST-02443,Male,0,Yes,No,41,Yes,Yes,Fiber optic,No,Yes,Yes,Yes,No,No,Month-to-month,Yes,Mailed check,112.54,4437.43,1,1,4.2,No
CUST-02444,Male,0,Yes,No,46,Yes,Yes,DSL,No,No,No,No,No,Yes,Month-to-month,Yes,Bank transfer (automatic),74.73,3686.35,1,1,4.7,No
CUST-02445,Female,1,Yes,No,15,Yes,Yes,Fiber optic,No,No,No,Yes,No,No,Two year,No,Bank transfer (automatic),101.02,1520.12,7,0,3.6,No
CUST-02446,Female,0,Yes,No,4,Yes,Yes,Fiber optic,No,No,No,Yes,No,No,Month-to-month,Yes,Bank transfer (automatic),105.71,406.3,1,1,4.9,No
CUST-02447,Female,0,No,No,25,No,No phone service,Fiber optic,Yes,No,No,Yes,Yes,No,Two year,No,Credit card (automatic),120.0,2871.15,5,0,4.7,No
CUST-02448,Female,0,Yes,Yes,3,Yes,Yes,No,No internet service,No internet service,No internet service,No internet service,No internet service,No internet service,Month-to-month,No,Electronic check,28.06,85.12,0,4,4.7,No
CUST-02449,Female,0,No,No,12,Yes,No,DSL,Yes,No,No,No,No,No,Month-to-month,No,Electronic check,75.66,877.94,4,1,4.2,Yes
CUST-02450,Male,0,No,No,21,Yes,Yes,No,No internet service,No internet service,No internet service,No internet service,No internet service,No internet service,One year,Yes,Bank transfer (automatic),36.52,743.43,1,1,5.0,No
CUST-02451,Female,0,No,No,25,Yes,No,Fiber optic,No,No,No,Yes,Yes,No,One year,Yes,Mailed check,77.37,2048.54,4,1,4.0,Yes
CUST-02452,Female,0,No,Yes,20,No,No phone service,DSL,No,No,No,Yes,No,No,One year,No,Mailed check,72.35,1389.33,0,1,5.0,No
CUST-02453,Male,0,Yes,No,4,Yes,Yes,DSL,No,No,No,Yes,No,Yes,Month-to-month,No,Mailed check,57.41,214.9,6,3,3.0,Yes
CUST-02454,Male,0,Yes,Yes,13,Yes,No,No,No internet service,No internet service,No internet service,No internet service,No internet service,No internet service,Month-to-month,No,Bank transfer (automatic),46.35,570.02,1,2,4.5,No
CUST-02455,Female,1,No,Yes,64,Yes,No,DSL,No,No,No,No,No,No,Month-to-month,Yes,Electronic check,58.84,3954.36,3,2,4.9,No
CUST-02456,Male,0,Yes,No,52,Yes,No,DSL,No,No,No,No,No,No,Month-to-month,Yes,Mailed check,62.47,3309.85,0,1,4.4,No
CUST-02457,Female,0,Yes,No,32,Yes,No,Fiber optic,No,No,No,No,Yes,Yes,One year,Yes,Bank transfer (automatic),77.65,2638.09,7,1,3.7,Yes
CUST-02458,Female,0,Yes,No,2,Yes,No,Fiber optic,No,Yes,No,No,No,No,One year,Yes,Mailed check,107.2,231.26,3,0,4.7,No
CUST-02459,Male,0,No,No,26,Yes,No,Fiber optic,Yes,No,No,No,No,No,Month-to-month,Yes,Electronic check,93.19,2522.06,2,0,4.6,No
CUST-02460,Male,0,Yes,Yes,67,Yes,No,DSL,Yes,Yes,Yes,Yes,No,No,Two year,No,Credit card (automatic),63.54,4193.19,1,1,4.9,No
CUST-02461,Male,0,No,No,59,Yes,No,Fiber optic,No,Yes,No,No,No,Yes,Two year,No,Mailed check,112.01,6524.6,6,2,3.6,No
CUST-02462,Male,0,Yes,Yes,55,Yes,No,No,No internet service,No internet service,No internet service,No internet service,No internet service,No internet service,Month-to-month,Yes,Credit card (automatic),40.06,2097.71,1,2,4.5,No
CUST-02463,Male,0,No,No,18,Yes,Yes,No,No internet service,No internet service,No internet service,No internet service,No internet service,No internet service,Two year,No,Credit card (automatic),18.0,335.79,2,0,4.8,No
CUST-02464,Female,0,Yes,Yes,30,No,No phone service,No,No internet service,No internet service,No internet service,No internet service,No internet service,No internet service,Month-to-month,No,Electronic check,35.32,976.3,3,0,5.0,No
CUST-02465,Male,0,No,No,3,Yes,No,Fiber optic,No,Yes,No,No,No,No,Month-to-month,Yes,Bank transfer (automatic),102.09,330.11,3,1,4.8,No
CUST-02466,Male,0,No,No,62,Yes,No,DSL,No,No,Yes,No,No,Yes,Month-to-month,No,Electronic check,63.13,,3,2,4.2,Yes
CUST-02467,Male,0,Yes,Yes,9,Yes,No,DSL,No,No,No,No,No,No,Month-to-month,Yes,Electronic check,41.58,381.91,2,5,4.0,No
CUST-02468,Female,0,Yes,No,45,Yes,Yes,No,No internet service,No internet service,No internet service,No internet service,No internet service,No internet service,Two year,Yes,Bank transfer (automatic),36.03,1641.2,1,0,4.3,No
CUST-02469,Male,0,No,No,21,Yes,Yes,Fiber optic,No,No,No,No,Yes,Yes,One year,Yes,Mailed check,105.99,2148.53,2,1,5.0,No
CUST-02470,Male,0,No,Yes,42,Yes,No,Fiber optic,Yes,No,Yes,No,No,Yes,Month-to-month,No,Credit card (automatic),88.97,3760.98,2,2,4.6,No
CUST-02471,Female,0,Yes,No,60,Yes,No,Fiber optic,No,No,No,No,No,Yes,One year,Yes,Bank transfer (automatic),68.44,4060.27,2,0,5.0,No
CUST-02472,Male,0,Yes,Yes,23,No,No phone service,Fiber optic,No,No,Yes,No,No,No,Month-to-month,Yes,Bank transfer (automatic),81.58,1734.9,3,0,4.7,Yes
CUST-02473,Male,1,Yes,No,2,Yes,No,Fiber optic,No,No,No,Yes,Yes,No,Month-to-month,No,Credit card (automatic),65.86,136.95,3,1,5.0,No
CUST-02474,Male,0,Yes,No,48,Yes,No,Fiber optic,Yes,No,No,No,No,No,Two year,No,Electronic check,84.11,3772.41,5,1,3.6,No
CUST-02475,Male,0,Yes,No,39,Yes,No,Fiber optic,No,No,No,Yes,No,Yes,Month-to-month,No,Mailed check,116.52,4303.34,2,2,4.3,Yes
CUST-02476,Male,0,Yes,No,11,Yes,No,DSL,Yes,Yes,Yes,No,Yes,No,One year,Yes,Bank transfer (automatic),48.75,527.01,1,0,4.8,No
CUST-02477,Female,0,Yes,No,4,Yes,Yes,DSL,Yes,No,Yes,Yes,No,Yes,Month-to-month,No,Bank transfer (automatic),62.31,261.56,1,1,5.0,No
CUST-02478,Male,0,No,No,38,Yes,Yes,DSL,No,Yes,No,No,No,Yes,Month-to-month,Yes,Credit card (automatic),48.93,2001.21,1,1,4.6,No
CUST-02479,Male,0,No,No,45,Yes,Yes,No,No internet service,No internet service,No internet service,No internet service,No internet service,No internet service,Month-to-month,Yes,Credit card (automatic),23.46,1080.89,1,0,4.6,No
CUST-02480,Male,1,No,No,9,No,No phone service,No,No internet service,No internet service,No internet service,No internet service,No internet service,No internet service,Two year,Yes,Bank transfer (automatic),38.09,353.55,1,0,4.3,No
CUST-02481,Female,0,No,No,44,Yes,Yes,Fiber optic,No,No,No,No,No,Yes,Month-to-month,Yes,Electronic check,120.0,5114.63,0,4,4.2,Yes
CUST-02482,Female,0,No,Yes,33,Yes,No,No,No internet service,No internet service,No internet service,No internet service,No internet service,No internet service,Month-to-month,Yes,Electronic check,40.71,1240.98,0,3,4.1,No
CUST-02483,Male,0,Yes,Yes,10,Yes,No,DSL,No,No,No,No,No,Yes,Month-to-month,No,Bank transfer (automatic),47.96,469.72,0,0,4.5,No
CUST-02484,Male,0,No,No,45,Yes,Yes,DSL,No,Yes,No,No,No,No,Month-to-month,No,Bank transfer (automatic),51.0,2460.09,1,1,4.6,Yes
CUST-02485,Male,1,Yes,No,47,Yes,No,DSL,No,Yes,No,No,Yes,No,Month-to-month,Yes,Electronic check,65.73,2984.26,2,4,3.4,Yes
CUST-02486,Male,1,No,Yes,12,Yes,No,DSL,No,No,No,No,Yes,Yes,Month-to-month,No,Mailed check,49.46,636.62,1,0,4.0,Yes
CUST-02487,Male,1,No,No,49,Yes,No,Fiber optic,Yes,No,No,No,Yes,No,Month-to-month,No,Credit card (automatic),88.28,4468.27,3,1,4.0,No
CUST-02488,Male,0,No,Yes,16,Yes,No,DSL,Yes,No,No,No,No,No,Month-to-month,Yes,Electronic check,78.39,1161.44,1,5,4.7,No
CUST-02489,Female,0,Yes,No,43,Yes,Yes,No,No internet service,No internet service,No internet service,No internet service,No internet service,No internet service,Month-to-month,Yes,Mailed check,39.33,1765.29,1,3,4.7,No
CUST-02490,Male,0,No,No,59,Yes,Yes,Fiber optic,No,No,Yes,No,Yes,Yes,Two year,No,Bank transfer (automatic),106.3,6199.72,0,1,4.6,No
CUST-02491,Male,0,Yes,No,68,Yes,No,DSL,No,Yes,No,No,Yes,Yes,Month-to-month,Yes,Credit card (automatic),69.25,4392.07,1,1,4.9,No
CUST-02492,Male,0,Yes,No,19,Yes,Yes,No,No internet service,No internet service,No internet service,No internet service,No internet service,No internet service,One year,Yes,Electronic check,19.05,387.24,3,1,4.8,No
CUST-02493,Female,0,Yes,No,25,Yes,No,No,No internet service,No internet service,No internet service,No internet service,No internet service,No internet service,Month-to-month,Yes,Credit card (automatic),24.14,639.33,4,1,4.8,No
CUST-02494,Female,0,Yes,Yes,7,Yes,Yes,Fiber optic,No,Yes,No,No,No,Yes,Month-to-month,No,Electronic check,95.51,708.58,2,2,3.7,Yes
CUST-02495,Male,1,No,No,70,No,No phone service,DSL,No,No,No,No,Yes,Yes,One year,Yes,Electronic check,45.03,3290.35,2,0,4.9,No
CUST-02496,Male,0,Yes,Yes,24,Yes,No,Fiber optic,No,No,Yes,Yes,Yes,Yes,Month-to-month,Yes,Electronic check,77.93,1917.4,4,2,3.9,No
CUST-02497,Female,1,Yes,No,58,Yes,No,Fiber optic,No,No,No,No,No,No,Two year,Yes,Credit card (automatic),73.79,4401.75,1,0,5.0,No
CUST-02498,Female,0,No,No,68,No,No phone service,Fiber optic,No,No,No,Yes,No,Yes,Two year,Yes,Electronic check,95.02,6706.97,3,0,4.1,No
CUST-02499,Male,0,No,Yes,35,Yes,No,DSL,Yes,Yes,No,Yes,No,No,One year,No,Electronic check,44.42,1548.06,3,2,4.0,No
CUST-02500,Female,0,Yes,Yes,50,Yes,No,No,No internet service,No internet service,No internet service,No internet service,No internet service,No internet service,Two year,Yes,Credit card (automatic),29.92,1535.73,0,0,4.9,No
CUST-02501,Female,0,No,No,35,Yes,No,DSL,No,Yes,No,No,Yes,Yes,Two year,No,Credit card (automatic),56.83,1904.89,2,0,4.0,No
CUST-02502,Male,0,No,No,42,Yes,No,No,No internet service,No internet service,No internet service,No internet service,No internet service,No internet service,Month-to-month,Yes,Electronic check,33.44,1296.65,1,2,4.4,No
CUST-02503,Female,0,Yes,Yes,18,Yes,No,DSL,No,No,No,Yes,No,No,Two year,Yes,Credit card (automatic),47.84,885.43,0,0,4.9,No
CUST-02504,Male,0,No,No,61,Yes,No,No,No internet service,No internet service,No internet service,No internet service,No internet service,No internet service,Two year,Yes,Credit card (automatic),34.53,2146.17,1,0,4.6,No
CUST-02505,Male,1,No,No,9,Yes,No,DSL,No,No,No,No,Yes,No,Month-to-month,Yes,Electronic check,57.58,514.59,1,5,3.5,Yes
CUST-02506,Male,0,Yes,No,48,Yes,No,Fiber optic,No,No,No,No,No,No,Month-to-month,Yes,Electronic check,74.03,3798.65,1,3,3.5,No
CUST-02507,Male,0,No,No,67,Yes,No,No,No internet service,No internet service,No internet service,No internet service,No internet service,No internet service,One year,Yes,Mailed check,42.31,2914.24,1,0,5.0,No
CUST-02508,Female,0,Yes,Yes,59,Yes,No,DSL,No,No,No,No,No,No,Month-to-month,Yes,Bank transfer (automatic),47.3,2658.24,2,3,4.2,Yes
CUST-02509,Male,0,No,No,55,Yes,Yes,DSL,No,Yes,No,No,No,No,Month-to-month,No,Electronic check,75.08,3877.15,1,1,4.3,No
CUST-02510,Male,0,Yes,Yes,48,Yes,Yes,No,No internet service,No internet service,No internet service,No internet service,No internet service,No internet service,One year,No,Bank transfer (automatic),36.03,1727.86,3,0,4.2,No
CUST-02511,Male,0,Yes,No,69,Yes,No,No,No internet service,No internet service,No internet service,No internet service,No internet service,No internet service,Two year,Yes,Credit card (automatic),29.39,2017.96,3,0,4.5,No
CUST-02512,Female,0,No,Yes,63,Yes,No,Fiber optic,Yes,No,No,No,Yes,Yes,Two year,Yes,Mailed check,116.68,6979.35,3,0,4.9,No
CUST-02513,Female,0,No,No,20,Yes,Yes,Fiber optic,No,Yes,Yes,No,No,Yes,One year,Yes,Electronic check,85.96,1649.09,3,0,4.8,No
CUST-02514,Female,0,Yes,No,45,Yes,No,DSL,Yes,Yes,No,No,Yes,Yes,Two year,Yes,Electronic check,64.57,3133.44,4,0,4.3,No
CUST-02515,Male,0,Yes,No,31,No,No phone service,Fiber optic,Yes,No,No,No,No,Yes,Two year,Yes,Bank transfer (automatic),120.0,3490.48,6,0,3.9,No
CUST-02516,Female,1,Yes,Yes,20,Yes,Yes,Fiber optic,Yes,No,Yes,Yes,No,No,One year,No,Bank transfer (automatic),118.51,2547.39,3,3,4.2,No
CUST-02517,Female,0,No,No,59,Yes,No,DSL,No,No,Yes,No,No,No,Month-to-month,No,Electronic check,68.71,3822.58,2,0,5.0,No
CUST-02518,Female,0,Yes,Yes,3,Yes,No,DSL,Yes,No,No,Yes,No,No,Month-to-month,No,Bank transfer (automatic),46.69,144.29,1,2,4.0,No
CUST-02519,Male,0,Yes,No,10,No,No phone service,No,No internet service,No internet service,No internet service,No internet service,No internet service,No internet service,Two year,No,Electronic check,29.02,294.13,5,0,4.7,No
CUST-02520,Female,0,No,No,8,Yes,No,Fiber optic,Yes,No,No,Yes,No,No,Month-to-month,No,Electronic check,98.15,724.62,4,2,3.3,Yes
CUST-02521,Male,0,Yes,No,15,Yes,No,Fiber optic,No,No,No,No,No,Yes,One year,No,Mailed check,92.05,1399.37,4,0,4.8,No
CUST-02522,Male,0,Yes,No,37,Yes,No,No,No internet service,No internet service,No internet service,No internet service,No internet service,No internet service,Two year,Yes,Bank transfer (automatic),42.51,1575.77,3,0,4.6,No
CUST-02523,Male,0,No,No,68,Yes,No,Fiber optic,No,No,No,No,No,No,One year,No,Electronic check,120.0,8641.41,1,0,4.8,No
CUST-02524,Male,0,Yes,No,70,Yes,Yes,DSL,No,No,Yes,No,Yes,No,Two year,Yes,Bank transfer (automatic),41.08,2880.34,1,2,4.8,No
CUST-02525,Male,0,No,No,65,Yes,Yes,No,No internet service,No internet service,No internet service,No internet service,No internet service,No internet service,One year,Yes,Electronic check,19.59,1257.19,1,1,4.7,Yes
CUST-02526,Male,1,No,No,55,Yes,Yes,No,No internet service,No internet service,No internet service,No internet service,No internet service,No internet service,Two year,Yes,Electronic check,42.83,2261.87,2,1,4.4,No
CUST-02527,Male,0,Yes,No,34,Yes,Yes,DSL,No,Yes,No,No,No,Yes,Two year,Yes,Mailed check,75.98,2391.84,2,0,5.0,No
CUST-02528,Female,0,No,No,56,Yes,Yes,DSL,No,No,Yes,No,No,No,One year,No,Mailed check,51.91,2846.7,0,0,5.0,No
CUST-02529,Male,1,No,No,20,Yes,Yes,Fiber optic,No,No,No,No,No,No,One year,Yes,Bank transfer (automatic),84.22,1643.68,5,0,3.3,No
CUST-02530,Female,0,No,No,48,Yes,Yes,DSL,No,Yes,No,No,No,Yes,Two year,Yes,Electronic check,63.84,3160.48,1,0,5.0,No
CUST-02531,Female,0,No,No,1,Yes,No,DSL,No,Yes,Yes,No,No,No,One year,No,Electronic check,47.87,46.66,3,2,4.2,No
CUST-02532,Female,1,Yes,No,66,Yes,Yes,DSL,No,No,No,No,Yes,Yes,One year,No,Credit card (automatic),63.63,3866.47,0,0,4.6,No
CUST-02533,Female,0,Yes,Yes,70,Yes,Yes,Fiber optic,No,No,No,Yes,No,No,One year,No,Electronic check,95.32,6653.0,1,0,5.0,No
CUST-02534,Male,0,No,Yes,53,Yes,Yes,DSL,Yes,No,No,Yes,No,Yes,Month-to-month,No,Electronic check,42.65,2275.2,1,3,4.3,Yes
CUST-02535,Female,0,Yes,Yes,13,Yes,Yes,No,No internet service,No internet service,No internet service,No internet service,No internet service,No internet service,Two year,Yes,Mailed check,32.8,429.3,2,0,4.2,No
CUST-02536,Female,0,Yes,No,19,Yes,No,Fiber optic,Yes,No,No,Yes,Yes,No,Month-to-month,Yes,Electronic check,112.15,2009.15,3,1,4.3,No
CUST-02537,Male,0,No,No,54,No,No phone service,Fiber optic,No,Yes,No,No,Yes,Yes,Month-to-month,Yes,Bank transfer (automatic),84.47,4551.66,0,0,5.0,No
CUST-02538,Male,0,Yes,Yes,36,Yes,No,No,No internet service,No internet service,No internet service,No internet service,No internet service,No internet service,Month-to-month,Yes,Bank transfer (automatic),23.37,780.59,1,2,5.0,No
CUST-02539,Female,0,No,No,40,Yes,No,Fiber optic,No,Yes,No,No,Yes,Yes,Month-to-month,No,Mailed check,71.41,2913.24,4,1,5.0,No
CUST-02540,Male,0,No,No,30,Yes,No,Fiber optic,Yes,No,Yes,No,Yes,No,Two year,No,Electronic check,97.93,2985.81,0,1,5.0,No
CUST-02541,Male,1,No,No,61,Yes,No,No,No internet service,No internet service,No internet service,No internet service,No internet service,No internet service,One year,No,Bank transfer (automatic),20.06,1252.76,3,2,3.3,No
CUST-02542,Female,0,Yes,Yes,12,Yes,Yes,No,No internet service,No internet service,No internet service,No internet service,No internet service,No internet service,Month-to-month,Yes,Bank transfer (automatic),44.16,511.93,2,2,3.9,Yes
CUST-02543,Female,0,Yes,No,32,Yes,Yes,Fiber optic,No,No,No,No,Yes,Yes,Month-to-month,Yes,Electronic check,99.71,3088.79,2,1,4.3,No
CUST-02544,Male,0,No,No,17,Yes,No,Fiber optic,Yes,No,No,No,No,No,Month-to-month,Yes,Electronic check,74.11,1183.26,5,5,3.2,Yes
CUST-02545,Female,0,Yes,No,50,Yes,No,Fiber optic,No,No,Yes,No,Yes,Yes,Two year,Yes,Electronic check,108.9,5467.02,1,0,4.3,No
CUST-02546,Male,0,No,Yes,21,Yes,No,Fiber optic,No,No,Yes,Yes,No,No,Month-to-month,Yes,Bank transfer (automatic),71.12,1408.85,3,0,3.9,No
CUST-02547,Female,1,No,Yes,22,Yes,Yes,Fiber optic,No,Yes,No,No,Yes,No,Two year,Yes,Mailed check,104.69,2369.64,3,0,4.3,No
CUST-02548,Female,0,Yes,No,13,Yes,No,No,No internet service,No internet service,No internet service,No internet service,No internet service,No internet service,Month-to-month,Yes,Bank transfer (automatic),42.25,521.1,2,1,4.7,No
CUST-02549,Male,0,Yes,No,63,Yes,No,Fiber optic,No,Yes,No,No,No,Yes,Month-to-month,Yes,Electronic check,87.61,5903.86,9,3,4.0,No
CUST-02550,Male,0,No,Yes,16,Yes,No,DSL,No,No,No,Yes,Yes,Yes,Two year,No,Credit card (automatic),37.55,553.65,2,0,5.0,No
CUST-02551,Female,0,Yes,No,63,Yes,No,Fiber optic,No,No,Yes,No,Yes,No,Month-to-month,Yes,Mailed check,93.1,5491.73,7,3,3.6,No
CUST-02552,Male,0,No,Yes,66,Yes,Yes,Fiber optic,No,No,No,No,Yes,Yes,Month-to-month,Yes,Electronic check,109.41,,3,6,3.2,Yes
CUST-02553,Male,0,No,No,70,No,No phone service,Fiber optic,No,No,No,Yes,No,Yes,Month-to-month,No,Electronic check,98.3,6966.1,4,3,3.8,No
CUST-02554,Male,0,Yes,No,25,Yes,Yes,Fiber optic,No,No,No,Yes,No,No,Two year,Yes,Credit card (automatic),114.65,2685.14,1,0,5.0,No
CUST-02555,Female,0,No,Yes,48,Yes,Yes,No,No internet service,No internet service,No internet service,No internet service,No internet service,No internet service,Two year,No,Electronic check,18.0,907.79,2,0,4.2,No
CUST-02556,Male,1,Yes,Yes,60,Yes,No,DSL,Yes,No,Yes,No,No,Yes,Month-to-month,No,Electronic check,73.62,4342.17,2,0,4.0,No
CUST-02557,Female,0,Yes,No,6,Yes,Yes,No,No internet service,No internet service,No internet service,No internet service,No internet service,No internet service,Two year,Yes,Credit card (automatic),46.06,276.41,1,0,4.6,No
CUST-02558,Female,0,No,No,5,Yes,Yes,Fiber optic,Yes,No,Yes,No,No,No,Month-to-month,Yes,Credit card (automatic),87.32,416.22,3,1,4.2,No
CUST-02559,Male,0,No,Yes,15,Yes,Yes,DSL,Yes,No,Yes,No,No,Yes,One year,Yes,Mailed check,57.03,917.91,2,0,4.2,No
CUST-02560,Female,0,No,No,71,Yes,No,DSL,No,No,No,No,No,Yes,Month-to-month,No,Electronic check,67.72,5079.23,2,1,4.6,No
CUST-02561,Female,1,No,Yes,7,No,No phone service,No,No internet service,No internet service,No internet service,No internet service,No internet service,No internet service,Month-to-month,Yes,Bank transfer (automatic),28.35,184.71,2,3,4.0,No
CUST-02562,Male,0,No,No,56,Yes,Yes,No,No internet service,No internet service,No internet service,No internet service,No internet service,No internet service,One year,No,Electronic check,35.77,1955.57,2,2,3.8,No
CUST-02563,Female,0,Yes,No,61,Yes,No,DSL,Yes,Yes,Yes,No,Yes,No,Month-to-month,No,Credit card (automatic),61.99,3505.95,1,2,4.1,Yes
CUST-02564,Male,0,Yes,No,66,Yes,Yes,Fiber optic,No,No,No,No,Yes,No,One year,No,Credit card (automatic),81.94,5572.59,5,0,5.0,No
CUST-02565,Male,1,Yes,No,39,Yes,No,DSL,No,No,No,No,No,Yes,One year,No,Credit card (automatic),65.67,2387.55,2,0,5.0,No
CUST-02566,Male,0,Yes,No,38,Yes,Yes,Fiber optic,No,No,No,Yes,No,No,Month-to-month,Yes,Electronic check,94.79,3319.98,2,2,4.1,No
CUST-02567,Female,0,Yes,Yes,54,Yes,No,DSL,No,No,Yes,Yes,No,No,Month-to-month,No,Credit card (automatic),50.27,2674.35,1,0,4.6,No
CUST-02568,Female,0,No,No,46,No,No phone service,Fiber optic,No,Yes,No,No,No,No,One year,Yes,Bank transfer (automatic),114.71,4902.66,1,3,4.7,Yes
CUST-02569,Male,0,Yes,Yes,57,Yes,Yes,Fiber optic,Yes,Yes,No,Yes,Yes,No,One year,Yes,Electronic check,100.01,5718.25,4,2,4.4,Yes
CUST-02570,Female,1,No,No,26,Yes,No,Fiber optic,No,Yes,Yes,No,No,Yes,Month-to-month,No,Bank transfer (automatic),82.79,2136.91,3,2,3.5,No
CUST-02571,Female,0,No,No,68,Yes,Yes,DSL,No,No,No,Yes,Yes,Yes,One year,Yes,Credit card (automatic),33.7,2253.65,0,1,4.3,No
CUST-02572,Female,0,No,Yes,32,Yes,Yes,Fiber optic,Yes,Yes,No,Yes,Yes,Yes,Month-to-month,No,Mailed check,77.84,2632.75,2,1,4.3,No
CUST-02573,Female,0,Yes,No,18,Yes,No,No,No internet service,No internet service,No internet service,No internet service,No internet service,No internet service,One year,Yes,Bank transfer (automatic),35.24,609.27,1,0,4.9,No
CUST-02574,Male,1,No,No,55,Yes,No,Fiber optic,Yes,No,Yes,No,Yes,No,Month-to-month,Yes,Electronic check,76.95,4328.51,5,3,3.4,Yes
CUST-02575,Female,0,No,No,45,Yes,Yes,No,No internet service,No internet service,No internet service,No internet service,No internet service,No internet service,Two year,Yes,Bank transfer (automatic),26.79,1154.3,4,0,5.0,No
CUST-02576,Male,0,Yes,No,4,Yes,No,No,No internet service,No internet service,No internet service,No internet service,No internet service,No internet service,One year,Yes,Mailed check,27.76,108.65,0,0,5.0,No
CUST-02577,Male,1,Yes,No,12,Yes,Yes,DSL,No,No,No,Yes,No,Yes,One year,No,Electronic check,39.4,476.57,2,0,3.8,No
CUST-02578,Male,0,Yes,Yes,3,Yes,Yes,DSL,Yes,Yes,Yes,Yes,No,No,Two year,Yes,Electronic check,75.96,230.1,0,0,5.0,No
CUST-02579,Female,1,No,No,42,Yes,Yes,Fiber optic,Yes,Yes,Yes,No,Yes,Yes,Month-to-month,Yes,Bank transfer (automatic),105.93,4452.18,5,0,4.7,No
CUST-02580,Female,0,No,No,63,Yes,No,Fiber optic,No,No,Yes,Yes,Yes,No,Two year,Yes,Electronic check,87.93,5849.82,4,0,5.0,No
CUST-02581,Male,0,No,Yes,24,No,No phone service,No,No internet service,No internet service,No internet service,No internet service,No internet service,No internet service,Month-to-month,Yes,Mailed check,33.71,811.79,1,1,4.8,No
CUST-02582,Male,0,No,No,8,Yes,No,DSL,No,No,No,No,No,No,Two year,Yes,Credit card (automatic),44.83,360.43,1,0,5.0,No
CUST-02583,Male,0,Yes,No,62,Yes,No,DSL,Yes,No,Yes,No,No,Yes,One year,Yes,Credit card (automatic),44.84,2861.84,0,1,4.9,No
CUST-02584,Female,0,Yes,No,52,Yes,No,No,No internet service,No internet service,No internet service,No internet service,No internet service,No internet service,One year,No,Bank transfer (automatic),24.2,1276.95,2,1,5.0,No
CUST-02585,Male,0,No,Yes,40,Yes,Yes,No,No internet service,No internet service,No internet service,No internet service,No internet service,No internet service,Two year,No,Electronic check,29.38,1254.61,2,1,4.7,No
CUST-02586,Female,1,No,No,15,Yes,Yes,Fiber optic,No,No,No,Yes,Yes,Yes,Two year,Yes,Electronic check,61.02,975.88,3,0,4.3,No
CUST-02587,Male,0,No,No,49,Yes,No,Fiber optic,No,No,No,Yes,No,Yes,Month-to-month,No,Electronic check,97.28,5023.94,2,1,4.9,No
CUST-02588,Male,0,Yes,Yes,27,Yes,Yes,No,No internet service,No internet service,No internet service,No internet service,No internet service,No internet service,Month-to-month,No,Credit card (automatic),18.0,519.98,1,1,4.5,No
CUST-02589,Female,0,Yes,No,18,Yes,Yes,Fiber optic,Yes,No,Yes,Yes,No,No,One year,No,Bank transfer (automatic),93.15,1572.51,0,0,4.5,No
CUST-02590,Male,0,Yes,Yes,22,Yes,Yes,No,No internet service,No internet service,No internet service,No internet service,No internet service,No internet service,Month-to-month,Yes,Mailed check,27.16,564.41,3,2,3.9,No
CUST-02591,Male,0,Yes,No,5,Yes,Yes,No,No internet service,No internet service,No internet service,No internet service,No internet service,No internet service,Month-to-month,No,Credit card (automatic),44.77,215.86,1,1,3.7,No
CUST-02592,Male,0,Yes,No,36,Yes,No,DSL,No,No,Yes,No,No,Yes,Month-to-month,Yes,Mailed check,57.43,2159.89,1,2,4.8,No
CUST-02593,Female,0,No,Yes,55,Yes,No,DSL,No,No,Yes,No,No,Yes,Month-to-month,Yes,Mailed check,44.17,2544.18,4,4,4.1,No
CUST-02594,Male,0,No,No,60,Yes,No,No,No internet service,No internet service,No internet service,No internet service,No internet service,No internet service,One year,No,Electronic check,32.97,1927.98,1,1,3.9,No
CUST-02595,Male,0,Yes,No,53,Yes,No,Fiber optic,No,No,Yes,No,No,Yes,Month-to-month,Yes,Electronic check,69.21,3626.01,3,2,4.1,No
CUST-02596,Male,0,Yes,No,64,Yes,No,DSL,No,Yes,No,No,Yes,No,Month-to-month,No,Bank transfer (automatic),53.68,3316.97,2,1,3.8,No
CUST-02597,Female,1,Yes,Yes,70,Yes,Yes,Fiber optic,No,No,No,No,Yes,No,Month-to-month,Yes,Electronic check,74.76,5228.16,3,1,4.1,No
CUST-02598,Female,0,Yes,No,16,Yes,No,Fiber optic,Yes,No,No,No,No,No,One year,Yes,Electronic check,107.89,1599.2,4,0,3.8,No
CUST-02599,Female,0,No,Yes,32,No,No phone service,DSL,No,No,No,No,No,Yes,Two year,No,Credit card (automatic),60.42,1887.86,1,0,5.0,No
CUST-02600,Male,0,Yes,No,25,Yes,No,Fiber optic,Yes,No,No,No,No,Yes,Month-to-month,Yes,Bank transfer (automatic),79.53,2109.21,2,0,4.8,Yes
CUST-02601,Female,0,No,No,50,Yes,No,DSL,No,No,No,No,No,No,Two year,Yes,Credit card (automatic),68.19,3345.99,2,0,4.5,No
CUST-02602,Male,0,Yes,Yes,61,Yes,Yes,DSL,Yes,Yes,No,No,No,Yes,Two year,Yes,Electronic check,77.16,4643.93,1,0,4.1,No
CUST-02603,Female,1,Yes,Yes,65,No,No phone service,DSL,Yes,Yes,Yes,Yes,No,Yes,Month-to-month,Yes,Credit card (automatic),76.46,5075.52,2,2,3.7,No
CUST-02604,Female,1,No,Yes,7,Yes,No,Fiber optic,Yes,Yes,Yes,No,No,Yes,Month-to-month,Yes,Bank transfer (automatic),69.17,513.98,7,1,3.5,No
CUST-02605,Female,0,Yes,Yes,38,Yes,No,No,No internet service,No internet service,No internet service,No internet service,No internet service,No internet service,Month-to-month,No,Electronic check,18.0,730.1,1,0,5.0,No
CUST-02606,Female,0,Yes,No,9,Yes,Yes,Fiber optic,No,No,No,No,Yes,No,Two year,No,Credit card (automatic),101.95,882.41,4,0,4.6,No
CUST-02607,Female,0,No,No,24,Yes,Yes,No,No internet service,No internet service,No internet service,No internet service,No internet service,No internet service,Month-to-month,Yes,Electronic check,27.01,604.79,1,3,4.7,Yes
CUST-02608,Male,0,Yes,Yes,35,Yes,No,DSL,No,No,No,No,Yes,Yes,Month-to-month,Yes,Credit card (automatic),63.69,2321.67,1,3,4.4,No
CUST-02609,Female,0,Yes,No,45,Yes,No,Fiber optic,No,No,No,No,No,No,Month-to-month,Yes,Bank transfer (automatic),87.73,3855.09,3,1,4.6,No
CUST-02610,Female,0,Yes,No,57,Yes,Yes,Fiber optic,No,Yes,No,Yes,No,No,Month-to-month,No,Mailed check,85.5,4557.78,0,2,5.0,No
CUST-02611,Female,0,Yes,Yes,72,Yes,No,No,No internet service,No internet service,No internet service,No internet service,No internet service,No internet service,Two year,Yes,Credit card (automatic),18.0,1371.25,2,2,3.5,No
CUST-02612,Female,0,No,No,25,Yes,No,Fiber optic,No,No,No,No,No,No,Two year,Yes,Electronic check,74.19,1931.83,7,0,4.7,No
CUST-02613,Male,0,Yes,Yes,41,Yes,Yes,No,No internet service,No internet service,No internet service,No internet service,No internet service,No internet service,Month-to-month,No,Mailed check,30.65,1170.52,2,2,4.4,No
CUST-02614,Female,0,No,No,5,Yes,Yes,DSL,No,No,Yes,No,Yes,No,One year,Yes,Mailed check,69.42,362.6,1,1,4.6,No
CUST-02615,Male,0,No,No,9,Yes,Yes,No,No internet service,No internet service,No internet service,No internet service,No internet service,No internet service,One year,No,Electronic check,30.49,282.9,1,0,5.0,No
CUST-02616,Female,0,Yes,No,70,Yes,Yes,No,No internet service,No internet service,No internet service,No internet service,No internet service,No internet service,Month-to-month,Yes,Electronic check,32.64,2161.56,1,4,4.8,No
CUST-02617,Female,0,Yes,No,68,Yes,Yes,No,No internet service,No internet service,No internet service,No internet service,No internet service,No internet service,One year,Yes,Electronic check,33.35,2257.75,1,1,5.0,No
CUST-02618,Male,0,Yes,Yes,68,No,No phone service,DSL,No,No,No,Yes,No,No,Two year,No,Electronic check,46.39,3155.17,2,0,3.6,No
CUST-02619,Female,0,Yes,No,19,Yes,No,DSL,Yes,No,No,No,No,Yes,One year,No,Bank transfer (automatic),70.34,1292.0,2,1,5.0,No
CUST-02620,Female,0,Yes,Yes,47,Yes,No,Fiber optic,No,No,Yes,No,No,No,One year,Yes,Credit card (automatic),93.83,4448.91,2,0,4.8,No
CUST-02621,Female,0,No,Yes,17,Yes,No,Fiber optic,No,No,No,No,Yes,Yes,One year,Yes,Bank transfer (automatic),87.23,1549.14,4,1,5.0,No
CUST-02622,Male,0,Yes,Yes,50,No,No phone service,Fiber optic,No,Yes,No,No,No,No,Two year,No,Mailed check,82.68,4119.74,3,0,3.9,No
CUST-02623,Male,0,No,No,35,Yes,No,DSL,Yes,No,Yes,No,No,No,One year,Yes,Mailed check,53.91,1859.09,3,0,3.7,No
CUST-02624,Female,0,No,No,68,Yes,Yes,Fiber optic,No,No,No,No,Yes,No,Two year,No,Electronic check,87.97,6203.84,5,0,4.2,No
CUST-02625,Female,0,No,No,27,Yes,No,DSL,No,No,No,No,No,No,Two year,Yes,Bank transfer (automatic),59.99,1695.1,1,0,4.0,No
CUST-02626,Female,0,Yes,No,47,Yes,Yes,Fiber optic,No,No,No,Yes,No,No,Month-to-month,No,Credit card (automatic),117.02,5091.89,6,1,4.2,No
CUST-02627,Female,0,Yes,No,48,Yes,No,DSL,Yes,Yes,No,Yes,Yes,Yes,One year,No,Mailed check,51.39,2436.83,1,2,3.0,No
CUST-02628,Male,0,No,No,57,Yes,No,No,No internet service,No internet service,No internet service,No internet service,No internet service,No internet service,Month-to-month,No,Electronic check,18.0,1009.62,1,2,4.6,No
CUST-02629,Female,0,Yes,No,4,Yes,No,DSL,Yes,No,No,No,No,No,Two year,Yes,Bank transfer (automatic),62.13,259.98,0,1,4.7,No
CUST-02630,Male,0,No,No,34,Yes,No,Fiber optic,No,No,Yes,No,No,No,Month-to-month,No,Bank transfer (automatic),114.58,4183.07,1,1,5.0,No
CUST-02631,Female,0,No,No,33,Yes,No,DSL,No,No,Yes,No,No,No,Month-to-month,Yes,Electronic check,72.56,2372.31,1,4,4.2,Yes
CUST-02632,Female,0,No,No,17,Yes,No,DSL,No,No,Yes,No,No,Yes,Month-to-month,Yes,Electronic check,65.82,1033.48,1,2,4.4,No
CUST-02633,Female,0,Yes,Yes,58,Yes,Yes,Fiber optic,No,Yes,No,Yes,Yes,No,Two year,No,Mailed check,96.69,5512.74,3,1,3.8,No
CUST-02634,Female,0,Yes,No,60,No,No phone service,DSL,Yes,No,Yes,Yes,Yes,No,Two year,Yes,Electronic check,75.4,4630.67,0,0,5.0,No
CUST-02635,Male,0,No,No,6,Yes,Yes,Fiber optic,Yes,No,No,Yes,No,Yes,Month-to-month,Yes,Electronic check,93.18,568.25,5,4,3.3,Yes
CUST-02636,Male,0,No,No,50,Yes,Yes,DSL,No,No,No,No,Yes,Yes,Month-to-month,No,Bank transfer (automatic),56.52,2825.11,2,0,5.0,No
CUST-02637,Male,0,No,Yes,63,Yes,No,Fiber optic,Yes,No,No,No,No,Yes,Month-to-month,No,Credit card (automatic),73.62,4835.44,4,1,4.2,Yes
CUST-02638,Female,0,No,Yes,21,No,No phone service,No,No internet service,No internet service,No internet service,No internet service,No internet service,No internet service,One year,No,Bank transfer (automatic),37.54,790.03,0,0,5.0,No
CUST-02639,Male,0,No,No,46,Yes,Yes,Fiber optic,No,No,No,No,No,No,Month-to-month,Yes,Electronic check,75.86,3622.87,6,3,3.5,Yes
CUST-02640,Female,0,No,No,45,Yes,No,DSL,No,No,No,Yes,Yes,No,Month-to-month,Yes,Electronic check,48.56,2025.24,3,5,4.2,Yes
CUST-02641,Male,0,No,No,2,Yes,Yes,Fiber optic,Yes,Yes,No,No,No,No,One year,Yes,Credit card (automatic),104.3,195.11,1,0,5.0,No
CUST-02642,Male,0,Yes,No,59,Yes,No,DSL,No,No,No,Yes,No,No,Month-to-month,No,Electronic check,30.34,1777.5,4,1,4.1,No
CUST-02643,Male,0,Yes,No,55,Yes,No,Fiber optic,No,No,Yes,No,No,Yes,One year,Yes,Credit card (automatic),85.78,5004.25,4,1,4.0,No
CUST-02644,Male,0,No,No,20,Yes,Yes,No,No internet service,No internet service,No internet service,No internet service,No internet service,No internet service,Two year,No,Mailed check,47.02,1012.65,2,0,4.7,No
CUST-02645,Male,0,No,Yes,23,Yes,Yes,DSL,No,Yes,Yes,Yes,Yes,No,One year,No,Electronic check,68.23,1597.96,0,1,4.9,No
CUST-02646,Male,0,Yes,Yes,56,Yes,No,DSL,No,No,Yes,Yes,No,Yes,Month-to-month,No,Electronic check,64.84,3782.49,0,1,4.7,No
CUST-02647,Female,0,No,No,58,Yes,Yes,No,No internet service,No internet service,No internet service,No internet service,No internet service,No internet service,Month-to-month,Yes,Bank transfer (automatic),43.24,2454.24,2,0,4.9,No
CUST-02648,Female,0,Yes,No,6,Yes,No,Fiber optic,Yes,No,No,Yes,No,No,Month-to-month,Yes,Electronic check,117.51,736.95,4,3,3.4,Yes
CUST-02649,Female,0,Yes,No,26,Yes,No,DSL,No,No,Yes,Yes,No,Yes,Month-to-month,Yes,Credit card (automatic),55.94,1532.08,1,3,3.3,Yes
CUST-02650,Male,0,No,No,45,Yes,Yes,No,No internet service,No internet service,No internet service,No internet service,No internet service,No internet service,Month-to-month,No,Electronic check,22.52,1000.62,1,2,4.5,Yes
CUST-02651,Female,1,Yes,Yes,10,Yes,No,DSL,Yes,Yes,Yes,No,No,No,Two year,No,Electronic check,56.96,551.28,0,1,4.9,No
CUST-02652,Female,0,No,No,72,Yes,No,No,No internet service,No internet service,No internet service,No internet service,No internet service,No internet service,Two year,No,Mailed check,36.21,2730.56,1,1,5.0,No
CUST-02653,Female,0,No,Yes,16,No,No phone service,DSL,Yes,No,No,No,No,No,One year,Yes,Bank transfer (automatic),63.69,941.03,2,0,4.5,No
CUST-02654,Male,0,No,No,63,Yes,No,No,No internet service,No internet service,No internet service,No internet service,No internet service,No internet service,One year,Yes,Credit card (automatic),19.8,1268.46,4,1,5.0,No
CUST-02655,Female,0,Yes,Yes,5,Yes,Yes,No,No internet service,No internet service,No internet service,No internet service,No internet service,No internet service,Month-to-month,Yes,Credit card (automatic),18.0,94.48,1,2,3.8,Yes
CUST-02656,Female,0,No,No,64,Yes,Yes,DSL,No,No,No,No,Yes,No,Month-to-month,Yes,Mailed check,37.95,2607.67,1,3,5.0,No
CUST-02657,Male,1,Yes,No,3,Yes,No,No,No internet service,No internet service,No internet service,No internet service,No internet service,No internet service,Month-to-month,No,Bank transfer (automatic),39.53,121.59,2,1,3.9,No
CUST-02658,Male,0,No,No,49,No,No phone service,DSL,No,Yes,Yes,No,No,No,Two year,No,Credit card (automatic),53.36,2498.63,2,5,4.4,Yes
CUST-02659,Female,0,Yes,Yes,26,No,No phone service,No,No internet service,No internet service,No internet service,No internet service,No internet service,No internet service,Two year,No,Bank transfer (automatic),38.51,1059.2,2,1,4.5,No
CUST-02660,Male,0,No,Yes,34,Yes,No,Fiber optic,No,No,No,No,Yes,No,Month-to-month,Yes,Electronic check,98.15,3354.18,3,4,2.9,Yes
CUST-02661,Male,0,No,No,8,Yes,No,DSL,No,No,No,No,No,Yes,Month-to-month,No,Credit card (automatic),42.92,364.92,2,2,3.7,No
CUST-02662,Female,0,Yes,Yes,49,Yes,Yes,Fiber optic,Yes,No,Yes,No,Yes,Yes,Month-to-month,Yes,Mailed check,83.22,3760.06,5,3,3.6,No
CUST-02663,Male,0,Yes,Yes,45,Yes,No,DSL,Yes,No,No,Yes,No,No,Month-to-month,Yes,Mailed check,72.15,3331.26,1,2,4.7,No
CUST-02664,Male,0,Yes,No,24,Yes,No,Fiber optic,No,No,No,No,No,Yes,Month-to-month,No,Electronic check,98.62,2411.73,1,2,4.3,Yes
CUST-02665,Male,0,No,Yes,34,Yes,No,Fiber optic,No,No,Yes,Yes,No,No,Month-to-month,Yes,Credit card (automatic),98.93,3172.33,3,3,3.7,Yes
CUST-02666,Female,0,No,Yes,40,Yes,No,Fiber optic,No,Yes,Yes,No,No,Yes,Two year,No,Credit card (automatic),86.16,3650.13,4,0,3.1,No
CUST-02667,Male,0,No,No,50,Yes,No,No,No internet service,No internet service,No internet service,No internet service,No internet service,No internet service,Month-to-month,Yes,Credit card (automatic),23.82,1161.49,1,2,4.5,Yes
CUST-02668,Female,1,No,No,39,Yes,No,No,No internet service,No internet service,No internet service,No internet service,No internet service,No internet service,One year,No,Electronic check,33.36,1217.03,3,0,4.9,No
CUST-02669,Male,0,Yes,No,5,Yes,Yes,Fiber optic,Yes,No,No,No,No,No,Month-to-month,No,Electronic check,67.48,359.63,2,2,4.3,No
CUST-02670,Female,0,No,No,40,Yes,Yes,Fiber optic,No,Yes,No,Yes,No,Yes,Month-to-month,Yes,Electronic check,111.6,4656.58,5,4,4.0,Yes
CUST-02671,Female,0,Yes,No,26,Yes,No,DSL,Yes,No,No,Yes,Yes,Yes,Month-to-month,Yes,Electronic check,25.53,624.76,4,2,4.8,Yes
CUST-02672,Female,1,No,No,30,Yes,Yes,No,No internet service,No internet service,No internet service,No internet service,No internet service,No internet service,Two year,Yes,Electronic check,24.77,761.86,2,2,3.5,No
CUST-02673,Female,0,Yes,No,27,Yes,Yes,No,No internet service,No internet service,No internet service,No internet service,No internet service,No internet service,Month-to-month,No,Mailed check,37.22,963.63,0,0,5.0,No
CUST-02674,Male,0,No,Yes,26,Yes,No,No,No internet service,No internet service,No internet service,No internet service,No internet service,No internet service,One year,Yes,Credit card (automatic),27.08,684.05,0,2,4.1,No
CUST-02675,Female,0,Yes,No,18,Yes,Yes,Fiber optic,Yes,No,Yes,No,No,Yes,Month-to-month,No,Mailed check,96.15,1692.2,3,1,4.6,No
CUST-02676,Female,1,Yes,No,24,Yes,Yes,DSL,No,Yes,Yes,No,No,Yes,Two year,No,Electronic check,78.22,1913.84,3,0,4.9,No
CUST-02677,Female,0,Yes,No,52,Yes,No,DSL,No,Yes,Yes,No,No,No,Month-to-month,No,Electronic check,66.94,3607.55,2,1,4.9,No
CUST-02678,Female,0,No,No,17,Yes,Yes,Fiber optic,No,No,Yes,No,No,Yes,Two year,No,Bank transfer (automatic),99.74,1812.46,7,0,4.3,No
CUST-02679,Female,0,No,No,55,Yes,Yes,DSL,No,Yes,No,No,No,No,One year,No,Bank transfer (automatic),65.71,3830.79,3,0,4.7,No
CUST-02680,Male,0,Yes,No,32,Yes,Yes,Fiber optic,No,Yes,Yes,No,Yes,No,Two year,Yes,Mailed check,82.0,2787.52,4,0,5.0,No
CUST-02681,Male,1,Yes,No,44,No,No phone service,Fiber optic,No,Yes,Yes,No,Yes,Yes,Two year,No,Credit card (automatic),92.31,4314.68,3,1,4.1,No
CUST-02682,Male,0,Yes,No,9,Yes,No,Fiber optic,No,No,No,No,No,No,One year,No,Electronic check,89.04,782.75,2,0,4.5,No
CUST-02683,Male,0,No,No,15,Yes,Yes,Fiber optic,Yes,No,Yes,No,Yes,Yes,One year,No,Bank transfer (automatic),81.6,1212.76,4,0,4.0,No
CUST-02684,Female,0,No,No,65,Yes,No,DSL,No,No,Yes,No,No,Yes,One year,No,Bank transfer (automatic),62.39,3844.46,2,0,4.6,No
CUST-02685,Female,0,No,No,60,Yes,Yes,Fiber optic,No,No,No,No,Yes,No,Two year,Yes,Credit card (automatic),88.79,5381.33,3,1,4.1,No
CUST-02686,Male,0,No,No,6,Yes,No,DSL,No,No,Yes,No,Yes,No,One year,Yes,Electronic check,57.68,340.32,0,0,5.0,No
CUST-02687,Male,0,Yes,Yes,66,Yes,Yes,DSL,No,No,No,No,Yes,No,Two year,Yes,Mailed check,51.76,3673.78,2,0,5.0,No
CUST-02688,Female,0,Yes,Yes,61,No,No phone service,Fiber optic,Yes,Yes,Yes,No,Yes,No,Month-to-month,No,Mailed check,119.32,6745.29,1,1,4.7,No
CUST-02689,Female,0,No,No,10,Yes,No,DSL,Yes,No,Yes,No,Yes,Yes,Month-to-month,No,Mailed check,39.33,392.38,0,0,4.1,No
CUST-02690,Female,1,No,Yes,18,Yes,No,DSL,No,Yes,No,No,No,No,Month-to-month,No,Electronic check,81.17,1536.32,0,0,5.0,No
CUST-02691,Female,0,Yes,Yes,13,Yes,Yes,DSL,No,No,No,No,No,Yes,One year,Yes,Mailed check,46.54,620.14,2,0,5.0,No
CUST-02692,Female,0,No,Yes,62,Yes,No,DSL,Yes,Yes,Yes,Yes,Yes,Yes,Two year,Yes,Electronic check,40.26,2641.61,2,1,4.7,No
CUST-02693,Female,0,Yes,No,62,Yes,Yes,DSL,No,No,No,No,Yes,No,Month-to-month,No,Mailed check,45.57,3034.37,4,1,3.5,No
CUST-02694,Male,1,Yes,No,52,Yes,No,Fiber optic,No,No,No,Yes,No,No,One year,Yes,Credit card (automatic),104.08,5646.6,4,1,4.5,No
CUST-02695,Female,0,Yes,No,19,Yes,No,No,No internet service,No internet service,No internet service,No internet service,No internet service,No internet service,Month-to-month,No,Electronic check,33.83,634.57,2,2,4.8,No
CUST-02696,Male,0,No,No,67,No,No phone service,DSL,No,Yes,No,Yes,Yes,No,One year,No,Electronic check,53.38,3399.2,5,3,3.8,No
CUST-02697,Male,0,No,No,62,Yes,No,DSL,Yes,Yes,Yes,No,No,No,Month-to-month,Yes,Electronic check,60.72,3644.76,2,0,5.0,No
CUST-02698,Male,1,No,No,63,Yes,No,DSL,Yes,Yes,Yes,Yes,No,No,Month-to-month,No,Bank transfer (automatic),67.96,3942.93,2,1,3.5,No
CUST-02699,Male,1,No,No,26,Yes,No,DSL,No,Yes,No,Yes,Yes,No,One year,No,Bank transfer (automatic),50.96,1224.63,2,2,4.5,No
CUST-02700,Male,0,No,No,51,Yes,Yes,Fiber optic,No,No,Yes,No,No,No,Month-to-month,No,Electronic check,87.26,4562.6,4,1,3.9,Yes
CUST-02701,Female,0,Yes,No,49,Yes,Yes,Fiber optic,No,Yes,Yes,No,No,No,One year,Yes,Mailed check,109.98,5716.23,3,1,4.3,No
CUST-02702,Female,0,No,No,11,Yes,No,Fiber optic,Yes,Yes,Yes,No,No,No,Month-to-month,No,Electronic check,116.62,1252.79,1,2,4.8,No
CUST-02703,Male,0,Yes,Yes,42,Yes,No,Fiber optic,Yes,No,Yes,Yes,Yes,No,Month-to-month,Yes,Bank transfer (automatic),104.43,4411.06,2,2,4.1,No
CUST-02704,Female,0,No,Yes,40,Yes,No,No,No internet service,No internet service,No internet service,No internet service,No internet service,No internet service,Month-to-month,Yes,Electronic check,32.95,1420.12,1,3,4.5,No
CUST-02705,Male,0,Yes,No,43,Yes,No,No,No internet service,No internet service,No internet service,No internet service,No internet service,No internet service,Month-to-month,Yes,Bank transfer (automatic),27.82,1260.84,2,2,4.5,No
CUST-02706,Male,0,Yes,No,25,No,No phone service,DSL,Yes,Yes,Yes,Yes,No,No,Two year,Yes,Electronic check,46.33,1227.84,3,0,4.6,No
CUST-02707,Female,1,No,No,49,Yes,Yes,DSL,No,No,Yes,Yes,No,Yes,Month-to-month,Yes,Mailed check,69.65,3243.91,4,1,4.2,No
CUST-02708,Male,0,Yes,Yes,64,Yes,Yes,Fiber optic,No,Yes,No,Yes,Yes,Yes,Month-to-month,No,Credit card (automatic),85.5,5621.18,2,3,4.6,Yes
CUST-02709,Female,0,Yes,No,44,No,No phone service,Fiber optic,Yes,Yes,Yes,No,No,Yes,One year,Yes,Mailed check,96.75,4223.37,2,0,4.7,No
CUST-02710,Female,0,No,No,63,Yes,Yes,Fiber optic,No,Yes,No,No,No,No,Month-to-month,No,Mailed check,120.0,7015.82,6,1,3.2,No
CUST-02711,Male,0,No,No,56,Yes,Yes,Fiber optic,Yes,Yes,No,No,No,Yes,One year,No,Mailed check,98.06,5686.81,3,1,4.3,No
CUST-02712,Male,0,Yes,No,23,Yes,No,No,No internet service,No internet service,No internet service,No internet service,No internet service,No internet service,One year,Yes,Mailed check,33.0,729.26,2,2,4.4,No
CUST-02713,Female,1,Yes,No,53,Yes,Yes,Fiber optic,No,Yes,Yes,No,No,Yes,Two year,Yes,Electronic check,81.44,4395.59,3,1,4.8,No
CUST-02714,Female,0,Yes,No,49,Yes,No,No,No internet service,No internet service,No internet service,No internet service,No internet service,No internet service,Month-to-month,Yes,Electronic check,28.18,1364.63,2,0,5.0,No
CUST-02715,Female,0,No,No,68,Yes,No,No,No internet service,No internet service,No internet service,No internet service,No internet service,No internet service,One year,No,Mailed check,39.49,2529.08,2,0,4.8,No
CUST-02716,Male,0,No,No,25,Yes,No,Fiber optic,No,Yes,No,No,Yes,No,Month-to-month,No,Electronic check,78.11,1985.17,3,3,4.2,Yes
CUST-02717,Male,0,Yes,No,12,Yes,No,DSL,No,Yes,No,Yes,No,Yes,Month-to-month,No,Bank transfer (automatic),47.51,595.71,5,1,4.9,No
CUST-02718,Female,1,No,No,49,Yes,No,DSL,Yes,No,No,Yes,Yes,No,Month-to-month,No,Electronic check,64.55,3055.38,0,4,4.2,No
CUST-02719,Female,0,No,Yes,46,Yes,No,Fiber optic,No,No,Yes,No,No,Yes,Two year,Yes,Bank transfer (automatic),106.78,4984.15,3,0,4.8,No
CUST-02720,Male,0,No,No,45,Yes,No,No,No internet service,No internet service,No internet service,No internet service,No internet service,No internet service,One year,Yes,Electronic check,18.0,832.99,4,0,4.7,No
CUST-02721,Female,0,Yes,No,54,No,No phone service,No,No internet service,No internet service,No internet service,No internet service,No internet service,No internet service,One year,Yes,Mailed check,30.95,1669.91,3,2,3.8,No
CUST-02722,Female,0,No,Yes,37,Yes,Yes,DSL,No,No,No,Yes,No,No,Month-to-month,Yes,Bank transfer (automatic),71.49,2785.43,5,1,3.8,No
CUST-02723,Male,0,No,No,3,Yes,No,DSL,Yes,No,No,No,No,No,Month-to-month,No,Electronic check,74.04,232.61,0,2,5.0,Yes
CUST-02724,Male,1,Yes,No,64,Yes,No,No,No internet service,No internet service,No internet service,No internet service,No internet service,No internet service,Month-to-month,No,Bank transfer (automatic),27.5,1677.07,0,0,5.0,No
CUST-02725,Female,0,Yes,Yes,20,Yes,Yes,Fiber optic,Yes,No,No,No,Yes,No,Month-to-month,No,Electronic check,109.36,2106.83,5,5,3.8,Yes
CUST-02726,Female,1,Yes,No,18,Yes,Yes,Fiber optic,No,Yes,No,No,Yes,No,Month-to-month,Yes,Bank transfer (automatic),62.98,1171.69,1,2,4.2,No
CUST-02727,Male,0,Yes,Yes,59,Yes,Yes,DSL,No,No,No,No,No,No,Month-to-month,Yes,Credit card (automatic),69.76,3964.23,2,1,3.9,No
CUST-02728,Male,0,No,No,58,Yes,Yes,DSL,No,No,No,No,Yes,Yes,Month-to-month,No,Electronic check,39.08,2353.96,1,1,5.0,No
CUST-02729,Female,1,No,No,37,No,No phone service,DSL,Yes,No,Yes,No,Yes,No,Two year,Yes,Electronic check,46.05,1721.55,0,3,3.8,No
CUST-02730,Male,0,Yes,No,50,Yes,No,DSL,Yes,Yes,No,No,No,No,One year,Yes,Credit card (automatic),71.23,3307.77,1,2,4.6,Yes
CUST-02731,Female,0,No,No,6,Yes,No,Fiber optic,No,No,No,Yes,Yes,Yes,Two year,Yes,Electronic check,100.63,562.27,3,0,4.6,No
CUST-02732,Female,1,Yes,Yes,21,Yes,No,DSL,Yes,Yes,No,No,No,No,Two year,Yes,Electronic check,45.39,882.6,1,0,5.0,No
CUST-02733,Female,0,No,No,18,Yes,No,Fiber optic,Yes,Yes,Yes,No,No,No,Month-to-month,Yes,Electronic check,74.06,1310.32,1,1,4.9,No
CUST-02734,Male,1,Yes,Yes,31,Yes,Yes,No,No internet service,No internet service,No internet service,No internet service,No internet service,No internet service,Two year,Yes,Electronic check,39.45,1216.28,4,0,4.2,No
CUST-02735,Male,0,No,No,26,Yes,No,DSL,Yes,No,Yes,No,No,Yes,One year,Yes,Bank transfer (automatic),59.17,1605.67,0,1,5.0,No
CUST-02736,Male,1,No,No,5,Yes,No,No,No internet service,No internet service,No internet service,No internet service,No internet service,No internet service,Two year,Yes,Electronic check,22.36,118.57,0,0,5.0,Yes
CUST-02737,Female,0,No,Yes,50,Yes,No,DSL,No,No,Yes,No,No,No,Two year,Yes,Credit card (automatic),47.35,2538.74,2,0,5.0,No
CUST-02738,Male,0,No,No,44,Yes,Yes,Fiber optic,No,No,No,No,Yes,No,Two year,No,Mailed check,87.38,3844.48,4,1,4.5,No
CUST-02739,Male,1,Yes,No,28,No,No phone service,DSL,No,No,No,No,Yes,Yes,One year,Yes,Bank transfer (automatic),43.79,1274.4,0,0,5.0,No
CUST-02740,Male,0,No,No,64,Yes,No,No,No internet service,No internet service,No internet service,No internet service,No internet service,No internet service,Month-to-month,Yes,Electronic check,39.38,2603.63,2,6,3.2,No
CUST-02741,Male,0,No,Yes,26,Yes,Yes,DSL,No,No,No,No,Yes,No,Month-to-month,No,Bank transfer (automatic),67.83,1707.55,0,1,4.8,Yes
CUST-02742,Male,0,Yes,No,9,Yes,No,Fiber optic,No,No,No,No,No,No,Two year,No,Electronic check,99.28,883.67,2,0,5.0,Yes
CUST-02743,Female,0,No,Yes,62,Yes,Yes,No,No internet service,No internet service,No internet service,No internet service,No internet service,No internet service,Month-to-month,Yes,Credit card (automatic),45.71,2977.1,2,0,5.0,Yes
CUST-02744,Female,1,Yes,No,10,Yes,No,DSL,Yes,Yes,Yes,No,Yes,No,Month-to-month,Yes,Credit card (automatic),57.7,562.88,2,1,4.5,No
CUST-02745,Male,0,Yes,No,6,Yes,No,Fiber optic,Yes,No,No,No,No,Yes,Month-to-month,No,Electronic check,79.42,450.91,2,1,3.4,Yes
CUST-02746,Male,0,No,No,35,Yes,Yes,Fiber optic,Yes,No,No,No,No,Yes,Month-to-month,Yes,Mailed check,91.28,3021.71,4,2,3.4,Yes
CUST-02747,Male,0,Yes,No,42,Yes,No,DSL,No,Yes,No,No,No,No,One year,Yes,Mailed check,58.81,2534.94,0,1,4.9,No
CUST-02748,Female,1,Yes,No,21,Yes,No,DSL,No,Yes,No,Yes,Yes,Yes,One year,Yes,Mailed check,83.33,1777.46,2,0,5.0,No
CUST-02749,Male,1,Yes,No,61,Yes,No,No,No internet service,No internet service,No internet service,No internet service,No internet service,No internet service,Month-to-month,No,Credit card (automatic),25.88,1493.45,1,0,5.0,No
CUST-02750,Female,1,No,No,20,Yes,No,No,No internet service,No internet service,No internet service,No internet service,No internet service,No internet service,Month-to-month,No,Credit card (automatic),18.85,374.34,2,1,4.4,No
CUST-02751,Male,0,No,No,70,Yes,Yes,DSL,No,No,No,Yes,No,Yes,Month-to-month,No,Bank transfer (automatic),76.6,5602.79,3,0,5.0,No
CUST-02752,Male,0,Yes,No,46,Yes,No,No,No internet service,No internet service,No internet service,No internet service,No internet service,No internet service,One year,No,Bank transfer (automatic),44.89,2153.08,0,0,5.0,No
CUST-02753,Female,0,No,No,14,Yes,No,No,No internet service,No internet service,No internet service,No internet service,No internet service,No internet service,Month-to-month,Yes,Electronic check,37.21,512.61,1,2,4.2,No
CUST-02754,Female,0,No,Yes,30,Yes,Yes,Fiber optic,No,Yes,No,Yes,No,No,Month-to-month,No,Electronic check,112.02,3495.46,7,2,3.2,Yes
CUST-02755,Female,0,No,No,6,Yes,Yes,No,No internet service,No internet service,No internet service,No internet service,No internet service,No internet service,Month-to-month,Yes,Electronic check,24.27,150.41,2,1,5.0,Yes
CUST-02756,Female,0,No,No,61,Yes,No,DSL,Yes,Yes,Yes,No,No,No,Month-to-month,No,Electronic check,65.12,4214.52,1,3,4.2,Yes
CUST-02757,Female,0,No,No,47,Yes,No,Fiber optic,No,No,No,No,No,No,Month-to-month,Yes,Bank transfer (automatic),105.04,5040.88,5,1,4.5,No
CUST-02758,Female,0,Yes,No,31,No,No phone service,No,No internet service,No internet service,No internet service,No internet service,No internet service,No internet service,One year,Yes,Electronic check,33.19,1017.64,3,0,4.6,No
CUST-02759,Male,0,Yes,Yes,49,Yes,No,Fiber optic,No,Yes,Yes,No,Yes,No,Two year,No,Bank transfer (automatic),120.0,5647.45,0,2,4.4,No
CUST-02760,Male,0,No,Yes,45,Yes,No,DSL,No,No,No,No,Yes,Yes,Month-to-month,No,Electronic check,78.32,3746.9,2,2,3.3,Yes
CUST-02761,Male,0,Yes,No,44,Yes,Yes,Fiber optic,No,Yes,Yes,No,No,No,Month-to-month,Yes,Credit card (automatic),70.5,,5,0,4.2,No
CUST-02762,Male,1,Yes,No,29,No,No phone service,DSL,No,Yes,No,No,Yes,No,Two year,No,Bank transfer (automatic),45.65,1376.15,0,1,4.8,No
CUST-02763,Male,0,Yes,No,26,Yes,Yes,DSL,No,Yes,No,No,Yes,No,Two year,Yes,Mailed check,66.45,1643.14,1,0,5.0,No
CUST-02764,Male,1,Yes,No,19,Yes,Yes,DSL,No,Yes,Yes,No,No,Yes,One year,Yes,Credit card (automatic),51.33,981.86,5,0,4.7,No
CUST-02765,Male,0,No,Yes,57,Yes,Yes,DSL,No,No,Yes,Yes,No,Yes,Month-to-month,Yes,Bank transfer (automatic),56.26,3062.06,1,0,5.0,No
CUST-02766,Female,0,Yes,No,34,Yes,No,Fiber optic,Yes,No,Yes,No,No,Yes,Month-to-month,No,Credit card (automatic),91.11,3089.02,2,1,4.9,No
CUST-02767,Male,0,No,No,34,Yes,Yes,DSL,No,No,Yes,Yes,Yes,Yes,Two year,Yes,Bank transfer (automatic),52.46,,0,0,4.4,No
CUST-02768,Female,0,No,No,52,Yes,No,Fiber optic,No,No,Yes,Yes,Yes,No,Month-to-month,Yes,Electronic check,93.62,4883.86,5,2,3.8,No
CUST-02769,Male,0,Yes,Yes,39,Yes,No,No,No internet service,No internet service,No internet service,No internet service,No internet service,No internet service,Month-to-month,Yes,Bank transfer (automatic),33.88,1306.42,6,1,3.9,No
CUST-02770,Female,0,Yes,No,69,No,No phone service,Fiber optic,Yes,Yes,No,No,No,No,Month-to-month,No,Mailed check,120.0,8494.38,2,0,5.0,No
CUST-02771,Female,0,Yes,No,18,Yes,Yes,DSL,No,No,No,No,No,Yes,Month-to-month,Yes,Credit card (automatic),80.53,1383.27,1,2,4.2,Yes
CUST-02772,Male,1,No,No,4,Yes,Yes,No,No internet service,No internet service,No internet service,No internet service,No internet service,No internet service,Month-to-month,Yes,Electronic check,38.45,158.73,3,2,4.1,Yes
CUST-02773,Male,0,Yes,No,31,Yes,No,DSL,No,Yes,No,No,Yes,Yes,One year,No,Electronic check,75.2,2490.79,1,0,4.3,No
CUST-02774,Female,0,No,Yes,39,Yes,No,Fiber optic,No,Yes,Yes,No,Yes,No,Month-to-month,No,Electronic check,92.94,3730.08,3,7,2.9,Yes
CUST-02775,Female,0,Yes,No,60,Yes,No,DSL,Yes,No,No,No,No,Yes,Month-to-month,Yes,Mailed check,43.27,2628.95,2,2,4.6,No
CUST-02776,Male,0,Yes,Yes,46,Yes,No,No,No internet service,No internet service,No internet service,No internet service,No internet service,No internet service,Month-to-month,No,Electronic check,37.73,1731.56,2,5,3.4,No
CUST-02777,Female,0,Yes,No,68,Yes,No,DSL,Yes,No,No,No,Yes,No,Two year,Yes,Bank transfer (automatic),60.64,4254.49,2,0,5.0,No
CUST-02778,Female,0,Yes,No,7,Yes,No,No,No internet service,No internet service,No internet service,No internet service,No internet service,No internet service,Two year,Yes,Electronic check,41.17,310.73,2,0,3.8,No
CUST-02779,Male,0,Yes,Yes,39,Yes,No,No,No internet service,No internet service,No internet service,No internet service,No internet service,No internet service,Month-to-month,Yes,Electronic check,21.32,855.19,1,3,4.0,No
CUST-02780,Male,0,No,No,60,Yes,No,No,No internet service,No internet service,No internet service,No internet service,No internet service,No internet service,Month-to-month,No,Electronic check,46.28,2611.03,1,4,4.2,No
CUST-02781,Male,1,Yes,Yes,37,Yes,No,No,No internet service,No internet service,No internet service,No internet service,No internet service,No internet service,Two year,No,Mailed check,34.43,1181.96,2,1,5.0,No
CUST-02782,Female,1,No,No,20,Yes,Yes,Fiber optic,No,Yes,No,No,No,Yes,Month-to-month,No,Electronic check,74.63,1394.62,6,6,2.9,Yes
CUST-02783,Female,0,No,Yes,56,Yes,No,No,No internet service,No internet service,No internet service,No internet service,No internet service,No internet service,Month-to-month,No,Electronic check,35.18,1813.57,0,1,5.0,No
CUST-02784,Female,1,No,No,63,Yes,No,DSL,No,Yes,No,No,No,No,Month-to-month,No,Electronic check,58.33,3822.87,1,3,4.3,No
CUST-02785,Female,0,No,No,19,Yes,No,No,No internet service,No internet service,No internet service,No internet service,No internet service,No internet service,Month-to-month,No,Bank transfer (automatic),29.23,545.9,4,2,4.5,Yes
CUST-02786,Male,0,Yes,Yes,40,Yes,No,DSL,No,No,No,No,No,No,One year,Yes,Electronic check,63.79,2442.72,0,0,4.7,No
CUST-02787,Male,1,No,No,58,Yes,Yes,Fiber optic,No,No,Yes,No,No,No,Month-to-month,No,Electronic check,118.55,7011.23,3,3,4.3,No
CUST-02788,Male,0,Yes,Yes,11,Yes,No,Fiber optic,No,No,Yes,No,No,No,Month-to-month,Yes,Electronic check,81.74,955.13,7,1,3.8,Yes
CUST-02789,Male,0,No,No,1,Yes,No,No,No internet service,No internet service,No internet service,No internet service,No internet service,No internet service,One year,Yes,Electronic check,33.19,30.76,2,0,4.0,No
CUST-02790,Female,0,Yes,Yes,54,Yes,No,DSL,Yes,No,No,Yes,No,No,Month-to-month,Yes,Electronic check,71.06,3662.26,3,3,4.5,No
CUST-02791,Female,0,No,No,55,Yes,Yes,Fiber optic,No,Yes,Yes,No,No,No,Two year,No,Mailed check,96.53,5056.66,2,0,4.7,No
CUST-02792,Male,0,No,Yes,12,Yes,Yes,Fiber optic,Yes,No,No,No,No,No,Month-to-month,No,Bank transfer (automatic),117.33,1307.42,2,0,5.0,Yes
CUST-02793,Female,0,No,Yes,43,Yes,Yes,Fiber optic,No,Yes,No,No,No,No,Month-to-month,Yes,Bank transfer (automatic),97.83,3952.78,3,1,4.2,Yes
CUST-02794,Female,0,Yes,Yes,52,Yes,Yes,DSL,No,No,Yes,Yes,No,No,Two year,No,Electronic check,35.13,1776.73,0,0,5.0,No
CUST-02795,Male,0,No,No,70,Yes,No,Fiber optic,No,No,No,Yes,No,Yes,Month-to-month,No,Bank transfer (automatic),79.88,5598.55,2,2,4.2,No
CUST-02796,Female,0,No,No,59,No,No phone service,Fiber optic,Yes,No,Yes,Yes,Yes,No,Month-to-month,No,Electronic check,83.7,4759.13,2,2,4.3,No
CUST-02797,Female,0,No,No,16,Yes,No,No,No internet service,No internet service,No internet service,No internet service,No internet service,No internet service,One year,No,Mailed check,20.97,359.89,0,2,4.7,No
CUST-02798,Female,1,Yes,No,42,Yes,No,No,No internet service,No internet service,No internet service,No internet service,No internet service,No internet service,Month-to-month,Yes,Bank transfer (automatic),23.25,918.03,2,1,4.6,No
CUST-02799,Female,0,Yes,Yes,53,Yes,No,DSL,Yes,Yes,Yes,No,No,No,Month-to-month,Yes,Mailed check,48.01,2662.48,0,1,4.6,No
CUST-02800,Male,0,Yes,No,20,No,No phone service,DSL,No,No,No,No,No,No,Month-to-month,Yes,Mailed check,56.22,1142.96,1,1,4.8,Yes
CUST-02801,Female,0,No,No,12,No,No phone service,Fiber optic,No,Yes,No,No,No,No,One year,Yes,Electronic check,86.13,957.79,4,0,4.6,No
CUST-02802,Male,0,Yes,No,32,Yes,No,Fiber optic,No,No,No,No,No,Yes,One year,Yes,Bank transfer (automatic),101.38,3049.9,8,1,3.5,No
CUST-02803,Female,0,No,No,52,Yes,Yes,Fiber optic,No,Yes,No,Yes,No,Yes,Month-to-month,Yes,Mailed check,104.23,5338.63,3,0,5.0,No
CUST-02804,Male,0,No,No,39,Yes,No,No,No internet service,No internet service,No internet service,No internet service,No internet service,No internet service,One year,No,Bank transfer (automatic),27.95,1126.95,1,0,4.7,No
CUST-02805,Male,0,No,Yes,44,Yes,No,DSL,No,Yes,No,Yes,No,Yes,Two year,Yes,Mailed check,45.88,2143.44,3,1,5.0,No
CUST-02806,Female,0,No,No,48,Yes,Yes,No,No internet service,No internet service,No internet service,No internet service,No internet service,No internet service,Two year,No,Credit card (automatic),28.54,1275.97,1,0,4.7,No
CUST-02807,Male,0,No,Yes,69,Yes,No,DSL,No,Yes,Yes,No,No,No,One year,Yes,Credit card (automatic),61.17,4337.19,1,1,5.0,No
CUST-02808,Male,0,No,No,46,Yes,No,No,No internet service,No internet service,No internet service,No internet service,No internet service,No internet service,Month-to-month,Yes,Credit card (automatic),33.41,1512.75,2,0,3.9,No
CUST-02809,Female,0,Yes,Yes,10,Yes,Yes,Fiber optic,No,No,Yes,No,Yes,No,One year,No,Electronic check,106.4,1132.29,1,2,4.8,Yes
CUST-02810,Male,0,No,No,29,Yes,No,No,No internet service,No internet service,No internet service,No internet service,No internet service,No internet service,Two year,No,Mailed check,18.0,527.67,1,0,4.5,No
CUST-02811,Female,0,No,No,13,Yes,Yes,DSL,No,Yes,Yes,No,Yes,No,Month-to-month,No,Mailed check,59.7,787.67,1,1,5.0,No
CUST-02812,Male,0,Yes,No,55,Yes,No,Fiber optic,Yes,No,Yes,No,No,Yes,Month-to-month,No,Electronic check,77.11,4486.48,5,4,2.6,No
CUST-02813,Male,0,No,No,72,Yes,Yes,DSL,No,Yes,Yes,Yes,Yes,No,Month-to-month,No,Credit card (automatic),44.46,3081.06,1,1,4.1,No
CUST-02814,Female,0,No,No,56,Yes,Yes,Fiber optic,No,No,No,Yes,No,No,Two year,Yes,Bank transfer (automatic),88.18,5018.52,3,0,4.7,No
CUST-02815,Male,0,No,No,18,Yes,Yes,No,No internet service,No internet service,No internet service,No internet service,No internet service,No internet service,Two year,Yes,Bank transfer (automatic),18.0,309.62,3,1,3.8,No
CUST-02816,Male,0,No,No,51,Yes,No,No,No internet service,No internet service,No internet service,No internet service,No internet service,No internet service,Month-to-month,No,Credit card (automatic),38.36,2062.31,1,4,3.9,No
CUST-02817,Female,0,No,No,2,Yes,Yes,Fiber optic,No,No,No,No,No,No,Two year,Yes,Bank transfer (automatic),98.4,209.45,1,0,4.9,No
CUST-02818,Female,0,Yes,Yes,20,Yes,Yes,DSL,No,Yes,Yes,No,Yes,No,One year,Yes,Credit card (automatic),64.35,1264.95,1,0,5.0,No
CUST-02819,Male,0,Yes,No,22,Yes,Yes,No,No internet service,No internet service,No internet service,No internet service,No internet service,No internet service,Two year,No,Bank transfer (automatic),32.86,773.18,0,2,3.8,No
CUST-02820,Female,0,Yes,No,34,Yes,Yes,Fiber optic,No,No,No,No,Yes,No,Two year,Yes,Electronic check,84.68,3096.5,4,1,3.9,No
CUST-02821,Female,0,No,No,24,Yes,No,Fiber optic,No,No,No,Yes,No,No,Month-to-month,No,Electronic check,92.44,2114.99,2,4,3.9,No
CUST-02822,Female,1,Yes,Yes,32,Yes,Yes,DSL,No,No,Yes,Yes,Yes,No,Month-to-month,Yes,Credit card (automatic),57.54,1873.33,0,4,4.8,No
CUST-02823,Male,0,No,No,1,Yes,No,No,No internet service,No internet service,No internet service,No internet service,No internet service,No internet service,Month-to-month,Yes,Mailed check,18.55,17.86,1,2,5.0,No
CUST-02824,Female,0,No,No,59,Yes,No,Fiber optic,No,Yes,Yes,No,Yes,No,One year,Yes,Electronic check,85.22,4822.24,2,0,4.6,No
CUST-02825,Female,0,No,No,29,Yes,Yes,Fiber optic,Yes,Yes,No,No,Yes,Yes,One year,Yes,Bank transfer (automatic),113.15,3232.77,0,1,5.0,Yes
CUST-02826,Female,0,Yes,No,59,Yes,No,DSL,No,No,Yes,Yes,Yes,No,Month-to-month,Yes,Mailed check,39.66,2281.56,2,1,5.0,No
CUST-02827,Male,0,Yes,Yes,5,Yes,No,Fiber optic,Yes,Yes,Yes,No,No,No,Month-to-month,No,Electronic check,113.02,562.37,4,2,4.2,Yes
CUST-02828,Female,0,Yes,No,63,No,No phone service,DSL,Yes,Yes,No,No,No,No,Month-to-month,Yes,Mailed check,56.59,3346.08,1,1,4.3,No
CUST-02829,Female,0,Yes,No,46,Yes,No,No,No internet service,No internet service,No internet service,No internet service,No internet service,No internet service,Month-to-month,Yes,Bank transfer (automatic),24.32,1101.54,0,1,4.2,No
CUST-02830,Male,0,Yes,No,17,Yes,Yes,No,No internet service,No internet service,No internet service,No internet service,No internet service,No internet service,Two year,Yes,Bank transfer (automatic),24.35,384.33,4,0,4.5,No
CUST-02831,Female,0,Yes,No,55,Yes,No,No,No internet service,No internet service,No internet service,No internet service,No internet service,No internet service,One year,Yes,Credit card (automatic),34.76,1985.28,1,0,5.0,No
CUST-02832,Female,0,Yes,Yes,54,Yes,No,Fiber optic,No,Yes,No,Yes,Yes,Yes,One year,Yes,Credit card (automatic),82.58,4342.25,0,0,4.6,No
CUST-02833,Male,0,No,No,53,Yes,No,Fiber optic,Yes,No,No,No,No,Yes,Month-to-month,Yes,Bank transfer (automatic),82.06,4273.06,3,1,4.3,No
CUST-02834,Female,0,Yes,Yes,63,Yes,No,Fiber optic,No,No,Yes,Yes,No,Yes,Month-to-month,No,Credit card (automatic),90.38,5493.06,2,0,4.6,No
CUST-02835,Male,0,Yes,No,69,Yes,No,No,No internet service,No internet service,No internet service,No internet service,No internet service,No internet service,Month-to-month,No,Electronic check,29.23,1924.93,1,4,3.8,No
CUST-02836,Female,0,No,No,12,Yes,No,DSL,No,No,No,Yes,Yes,Yes,Month-to-month,Yes,Credit card (automatic),48.47,567.51,0,1,5.0,No
CUST-02837,Female,1,No,Yes,21,Yes,Yes,DSL,No,No,Yes,No,Yes,Yes,One year,Yes,Credit card (automatic),55.95,1087.93,1,1,4.4,No
CUST-02838,Female,0,No,No,3,Yes,No,Fiber optic,No,No,Yes,No,No,Yes,One year,Yes,Electronic check,61.48,189.2,2,3,4.2,Yes
CUST-02839,Male,0,No,No,5,Yes,No,Fiber optic,No,No,Yes,No,No,Yes,Month-to-month,No,Credit card (automatic),114.13,575.04,2,3,3.5,Yes
CUST-02840,Female,0,Yes,No,8,Yes,No,No,No internet service,No internet service,No internet service,No internet service,No internet service,No internet service,Month-to-month,Yes,Mailed check,35.55,277.8,0,2,5.0,No
CUST-02841,Male,0,No,Yes,50,Yes,No,DSL,No,No,Yes,No,No,Yes,One year,Yes,Bank transfer (automatic),44.18,2134.64,0,0,5.0,No
CUST-02842,Female,0,No,No,44,Yes,No,Fiber optic,No,No,No,Yes,No,No,Two year,No,Electronic check,92.89,4286.76,8,1,3.9,Yes
CUST-02843,Female,0,No,No,3,Yes,No,DSL,Yes,No,Yes,No,Yes,No,Month-to-month,Yes,Credit card (automatic),44.31,126.59,0,2,4.0,No
CUST-02844,Male,0,No,No,31,Yes,No,DSL,Yes,Yes,Yes,Yes,No,Yes,One year,Yes,Credit card (automatic),58.18,1663.34,5,2,3.5,No
CUST-02845,Male,0,Yes,No,8,Yes,Yes,No,No internet service,No internet service,No internet service,No internet service,No internet service,No internet service,Month-to-month,Yes,Credit card (automatic),40.89,308.95,1,1,4.7,No
CUST-02846,Male,1,No,No,15,Yes,No,No,No internet service,No internet service,No internet service,No internet service,No internet service,No internet service,One year,Yes,Electronic check,30.63,461.55,1,0,3.2,Yes
CUST-02847,Female,1,No,No,5,Yes,Yes,No,No internet service,No internet service,No internet service,No internet service,No internet service,No internet service,One year,Yes,Electronic check,37.75,200.11,2,0,5.0,No
CUST-02848,Male,0,No,Yes,39,No,No phone service,Fiber optic,No,No,No,Yes,Yes,No,One year,Yes,Mailed check,120.0,4791.52,5,1,3.5,No
CUST-02849,Male,0,Yes,Yes,6,Yes,Yes,Fiber optic,No,No,Yes,No,Yes,No,Month-to-month,Yes,Credit card (automatic),119.98,670.54,3,1,5.0,No
CUST-02850,Male,0,Yes,No,57,Yes,No,Fiber optic,Yes,Yes,No,Yes,Yes,Yes,Month-to-month,Yes,Electronic check,104.31,6208.92,2,2,3.6,No
CUST-02851,Male,1,Yes,No,68,Yes,No,Fiber optic,No,No,No,No,Yes,Yes,Two year,Yes,Electronic check,88.37,5779.48,5,0,4.3,No
CUST-02852,Male,1,Yes,No,62,Yes,No,DSL,No,No,Yes,No,No,No,Month-to-month,No,Mailed check,63.43,3919.34,0,1,5.0,No
CUST-02853,Male,0,Yes,Yes,60,Yes,No,DSL,No,No,Yes,Yes,Yes,No,Month-to-month,Yes,Credit card (automatic),53.56,3281.04,3,2,3.9,No
CUST-02854,Male,0,No,Yes,55,No,No phone service,DSL,No,No,No,No,No,Yes,Month-to-month,No,Credit card (automatic),50.66,2787.62,2,2,5.0,No
CUST-02855,Female,0,Yes,No,66,Yes,Yes,Fiber optic,Yes,Yes,No,Yes,Yes,No,Two year,No,Credit card (automatic),102.73,6601.77,4,0,4.3,Yes
CUST-02856,Male,0,Yes,Yes,64,Yes,No,No,No internet service,No internet service,No internet service,No internet service,No internet service,No internet service,Month-to-month,No,Mailed check,27.21,1625.63,2,0,4.3,No
CUST-02857,Female,0,Yes,No,16,Yes,No,Fiber optic,Yes,No,No,No,No,Yes,Month-to-month,No,Credit card (automatic),92.51,1379.95,2,0,4.7,No
CUST-02858,Female,0,No,No,44,Yes,No,DSL,No,Yes,No,No,No,No,Month-to-month,No,Credit card (automatic),44.24,2026.46,3,1,4.0,No
CUST-02859,Female,0,No,Yes,23,No,No phone service,Fiber optic,No,Yes,No,Yes,No,No,Month-to-month,No,Credit card (automatic),120.0,2617.29,1,2,3.6,No
CUST-02860,Male,0,No,No,61,Yes,No,DSL,Yes,No,No,No,No,No,One year,Yes,Mailed check,64.63,4197.61,3,0,5.0,No
CUST-02861,Male,0,No,No,1,No,No phone service,No,No internet service,No internet service,No internet service,No internet service,No internet service,No internet service,Month-to-month,Yes,Electronic check,45.76,42.75,1,1,4.3,Yes
CUST-02862,Female,0,No,No,31,Yes,No,Fiber optic,No,No,No,No,No,No,Month-to-month,Yes,Bank transfer (automatic),102.97,3075.66,0,1,5.0,No
CUST-02863,Female,0,No,Yes,28,Yes,No,Fiber optic,Yes,No,No,No,Yes,No,Month-to-month,Yes,Electronic check,105.02,2955.46,3,1,4.9,No
CUST-02864,Female,0,No,No,62,Yes,Yes,DSL,Yes,No,Yes,No,Yes,No,Two year,Yes,Mailed check,77.33,4771.39,1,1,4.8,No
CUST-02865,Male,0,Yes,No,22,Yes,No,DSL,No,No,No,Yes,No,No,One year,No,Mailed check,38.73,874.05,2,0,4.9,No
CUST-02866,Male,0,No,No,65,Yes,No,Fiber optic,No,No,No,No,No,No,Two year,No,Credit card (automatic),100.06,6809.78,1,0,4.5,No
CUST-02867,Male,0,Yes,Yes,36,Yes,No,Fiber optic,No,No,No,No,Yes,Yes,Month-to-month,Yes,Mailed check,98.28,3619.33,0,0,5.0,No
CUST-02868,Male,0,No,Yes,50,Yes,Yes,DSL,No,Yes,No,No,Yes,No,Month-to-month,Yes,Electronic check,64.36,3067.04,1,0,5.0,No
CUST-02869,Female,0,Yes,No,39,Yes,Yes,Fiber optic,No,No,No,No,Yes,No,Month-to-month,No,Bank transfer (automatic),118.31,4321.05,2,0,5.0,Yes
CUST-02870,Male,0,Yes,No,32,Yes,No,DSL,No,No,No,No,No,No,Month-to-month,Yes,Electronic check,56.44,1921.86,0,2,4.0,No
CUST-02871,Male,0,Yes,No,22,Yes,No,No,No internet service,No internet service,No internet service,No internet service,No internet service,No internet service,Month-to-month,Yes,Electronic check,29.16,634.77,1,2,5.0,Yes
CUST-02872,Female,0,No,No,21,Yes,No,Fiber optic,Yes,No,Yes,No,Yes,No,Month-to-month,No,Electronic check,75.08,1627.52,3,2,4.5,Yes
CUST-02873,Female,0,No,No,47,Yes,No,Fiber optic,No,No,No,No,No,No,Two year,No,Bank transfer (automatic),111.83,5387.3,2,1,5.0,No
CUST-02874,Male,0,Yes,No,24,Yes,Yes,Fiber optic,Yes,No,No,No,No,Yes,Month-to-month,Yes,Electronic check,94.36,2252.1,0,3,4.7,Yes
CUST-02875,Male,0,No,Yes,63,Yes,Yes,No,No internet service,No internet service,No internet service,No internet service,No internet service,No internet service,Month-to-month,No,Bank transfer (automatic),42.02,2598.44,2,1,4.5,No
CUST-02876,Female,0,Yes,Yes,10,Yes,Yes,DSL,No,Yes,No,No,No,No,Month-to-month,Yes,Bank transfer (automatic),52.04,533.47,4,3,4.3,No
CUST-02877,Female,0,No,Yes,16,Yes,No,Fiber optic,No,Yes,No,Yes,No,No,Two year,No,Mailed check,105.22,1588.64,2,0,4.8,No
CUST-02878,Female,0,Yes,No,4,Yes,No,No,No internet service,No internet service,No internet service,No internet service,No internet service,No internet service,Two year,Yes,Electronic check,46.93,192.71,1,2,3.8,No
CUST-02879,Female,0,Yes,Yes,63,Yes,No,Fiber optic,No,No,Yes,No,Yes,No,Month-to-month,Yes,Electronic check,78.3,5090.57,1,2,4.8,No
CUST-02880,Female,0,No,No,30,Yes,No,DSL,No,No,Yes,Yes,Yes,Yes,Two year,Yes,Mailed check,65.73,1970.92,3,0,3.6,No
CUST-02881,Male,0,No,No,3,Yes,No,DSL,No,No,Yes,No,Yes,No,Month-to-month,Yes,Electronic check,53.92,167.88,2,2,4.4,No
CUST-02882,Male,0,No,No,4,Yes,Yes,No,No internet service,No internet service,No internet service,No internet service,No internet service,No internet service,One year,Yes,Mailed check,22.91,88.43,1,1,5.0,No
CUST-02883,Female,0,No,No,67,Yes,No,DSL,Yes,No,Yes,Yes,No,No,One year,Yes,Bank transfer (automatic),66.29,4667.04,2,0,4.4,No
CUST-02884,Male,1,No,Yes,64,Yes,Yes,DSL,No,No,No,Yes,Yes,No,Two year,No,Mailed check,62.88,3819.66,0,0,5.0,No
CUST-02885,Male,0,Yes,No,20,Yes,No,No,No internet service,No internet service,No internet service,No internet service,No internet service,No internet service,Month-to-month,No,Mailed check,25.18,508.76,2,3,4.2,No
CUST-02886,Male,0,Yes,No,47,Yes,Yes,No,No internet service,No internet service,No internet service,No internet service,No internet service,No internet service,One year,Yes,Credit card (automatic),24.39,1185.5,2,0,5.0,No
CUST-02887,Female,0,No,No,19,Yes,Yes,Fiber optic,Yes,No,No,No,No,No,One year,Yes,Bank transfer (automatic),111.03,2139.95,3,0,4.4,No
CUST-02888,Male,0,Yes,No,61,Yes,No,DSL,No,Yes,Yes,No,Yes,Yes,Month-to-month,Yes,Electronic check,61.77,3470.06,5,1,4.6,No
CUST-02889,Male,1,No,No,52,Yes,Yes,Fiber optic,No,No,No,No,No,Yes,Two year,Yes,Electronic check,74.98,3714.46,1,0,5.0,No
CUST-02890,Male,0,Yes,No,32,Yes,No,No,No internet service,No internet service,No internet service,No internet service,No internet service,No internet service,Two year,Yes,Credit card (automatic),23.42,706.84,2,1,5.0,No
CUST-02891,Male,1,No,Yes,67,Yes,Yes,DSL,Yes,Yes,No,No,Yes,No,One year,Yes,Credit card (automatic),45.94,2892.11,0,0,5.0,No
CUST-02892,Female,0,Yes,No,17,Yes,No,DSL,Yes,No,Yes,No,No,Yes,Two year,No,Mailed check,46.6,,1,0,4.7,No
CUST-02893,Male,0,No,No,72,Yes,Yes,No,No internet service,No internet service,No internet service,No internet service,No internet service,No internet service,One year,No,Credit card (automatic),42.58,3214.05,1,1,4.6,No
CUST-02894,Female,1,No,Yes,21,Yes,No,Fiber optic,No,Yes,No,Yes,No,No,One year,No,Bank transfer (automatic),78.05,1638.64,4,0,4.8,No
CUST-02895,Male,0,Yes,Yes,64,No,No phone service,Fiber optic,No,Yes,No,No,No,No,One year,Yes,Electronic check,89.05,5964.31,3,0,4.7,No
CUST-02896,Female,0,Yes,No,62,Yes,Yes,No,No internet service,No internet service,No internet service,No internet service,No internet service,No internet service,One year,No,Bank transfer (automatic),46.58,2879.35,0,0,5.0,No
CUST-02897,Female,0,Yes,No,41,Yes,Yes,Fiber optic,No,No,Yes,No,No,No,Month-to-month,No,Mailed check,102.68,,4,1,3.3,No
CUST-02898,Female,1,Yes,Yes,9,Yes,Yes,No,No internet service,No internet service,No internet service,No internet service,No internet service,No internet service,Month-to-month,No,Bank transfer (automatic),27.37,260.51,1,4,3.2,Yes
CUST-02899,Female,0,Yes,No,55,Yes,No,DSL,No,No,No,No,No,Yes,Month-to-month,Yes,Credit card (automatic),44.37,2516.85,0,1,5.0,No
CUST-02900,Male,0,No,No,51,Yes,Yes,Fiber optic,No,No,No,No,Yes,No,One year,Yes,Mailed check,80.99,3846.3,3,0,5.0,No
CUST-02901,Female,0,Yes,No,63,Yes,Yes,Fiber optic,No,No,No,No,Yes,No,Month-to-month,Yes,Bank transfer (automatic),105.11,6961.68,4,1,4.2,No
CUST-02902,Female,0,Yes,No,17,Yes,No,Fiber optic,No,Yes,Yes,No,Yes,Yes,Month-to-month,Yes,Credit card (automatic),98.37,1789.05,3,0,5.0,Yes
CUST-02903,Female,0,Yes,No,18,Yes,No,Fiber optic,No,No,No,Yes,No,No,Month-to-month,No,Credit card (automatic),106.87,1950.37,1,3,4.2,No
CUST-02904,Female,0,Yes,Yes,26,Yes,No,Fiber optic,No,Yes,Yes,No,Yes,Yes,Two year,No,Bank transfer (automatic),112.09,2970.02,3,0,4.4,No
CUST-02905,Female,0,Yes,No,27,Yes,Yes,Fiber optic,Yes,No,No,No,Yes,No,Two year,Yes,Electronic check,110.82,3103.59,0,0,4.7,No
CUST-02906,Female,1,No,Yes,1,Yes,No,DSL,No,No,Yes,No,Yes,No,Month-to-month,Yes,Credit card (automatic),45.83,44.81,1,1,4.5,No
CUST-02907,Female,0,No,No,12,Yes,Yes,Fiber optic,Yes,Yes,Yes,No,Yes,No,One year,Yes,Bank transfer (automatic),83.04,964.02,2,0,4.5,No
CUST-02908,Female,0,No,No,35,Yes,No,Fiber optic,No,No,No,No,No,No,One year,Yes,Mailed check,76.81,2556.86,4,0,3.5,No
CUST-02909,Male,0,Yes,No,70,No,No phone service,Fiber optic,No,No,Yes,No,No,No,Month-to-month,Yes,Credit card (automatic),77.05,4973.96,1,1,3.9,No
CUST-02910,Male,0,No,No,10,Yes,No,Fiber optic,No,Yes,Yes,Yes,Yes,No,Month-to-month,Yes,Mailed check,94.15,901.09,4,0,3.8,No
CUST-02911,Male,1,No,No,18,Yes,No,DSL,Yes,No,Yes,Yes,No,No,Month-to-month,Yes,Electronic check,48.75,871.33,2,1,5.0,Yes
CUST-02912,Male,0,No,No,62,No,No phone service,DSL,Yes,No,No,No,No,No,Month-to-month,No,Electronic check,53.37,3294.9,3,3,4.1,No
CUST-02913,Male,0,No,Yes,3,Yes,No,No,No internet service,No internet service,No internet service,No internet service,No internet service,No internet service,Month-to-month,Yes,Credit card (automatic),34.66,111.77,1,2,5.0,No
CUST-02914,Male,0,Yes,No,8,Yes,No,No,No internet service,No internet service,No internet service,No internet service,No internet service,No internet service,Month-to-month,Yes,Credit card (automatic),29.13,240.6,3,1,3.9,No
CUST-02915,Male,0,No,No,65,No,No phone service,Fiber optic,No,Yes,No,No,Yes,No,Two year,No,Mailed check,119.1,7786.02,3,1,4.8,No
CUST-02916,Male,0,No,No,19,Yes,No,Fiber optic,Yes,No,No,Yes,No,No,Month-to-month,Yes,Credit card (automatic),81.29,1474.43,3,1,4.4,Yes
CUST-02917,Female,0,No,No,23,Yes,No,DSL,Yes,No,Yes,No,No,Yes,Month-to-month,Yes,Credit card (automatic),46.45,1027.87,1,4,3.8,Yes
CUST-02918,Female,0,No,No,2,Yes,Yes,Fiber optic,No,No,No,No,No,No,Month-to-month,No,Credit card (automatic),109.65,207.42,2,4,3.8,Yes
CUST-02919,Female,1,No,No,30,Yes,No,Fiber optic,No,Yes,No,No,No,No,Month-to-month,Yes,Credit card (automatic),82.43,2356.58,2,2,4.1,No
CUST-02920,Male,0,Yes,No,72,No,No phone service,Fiber optic,No,No,Yes,No,Yes,No,Month-to-month,Yes,Credit card (automatic),120.0,8387.78,5,1,3.6,No
CUST-02921,Male,0,No,Yes,71,Yes,No,DSL,Yes,No,Yes,No,No,Yes,Month-to-month,No,Bank transfer (automatic),54.48,3950.27,3,1,4.8,No
CUST-02922,Female,0,No,No,47,Yes,No,DSL,No,No,No,No,Yes,No,Month-to-month,No,Bank transfer (automatic),62.71,2962.16,1,4,3.5,Yes
CUST-02923,Male,0,No,No,49,Yes,No,No,No internet service,No internet service,No internet service,No internet service,No internet service,No internet service,Month-to-month,Yes,Credit card (automatic),34.91,1670.38,0,2,4.1,No
CUST-02924,Female,0,No,No,47,Yes,No,Fiber optic,No,No,Yes,No,Yes,No,One year,Yes,Credit card (automatic),82.37,4067.9,3,1,4.3,No
CUST-02925,Male,0,Yes,No,51,Yes,No,No,No internet service,No internet service,No internet service,No internet service,No internet service,No internet service,Two year,Yes,Mailed check,22.27,1163.51,1,0,4.9,No
CUST-02926,Male,0,Yes,No,38,Yes,No,Fiber optic,No,No,No,Yes,No,No,Month-to-month,Yes,Electronic check,90.13,3265.57,1,2,4.1,Yes
CUST-02927,Female,0,Yes,No,15,Yes,Yes,No,No internet service,No internet service,No internet service,No internet service,No internet service,No internet service,Month-to-month,Yes,Electronic check,18.0,262.59,2,1,4.5,Yes
CUST-02928,Male,0,No,No,63,Yes,Yes,DSL,No,No,Yes,No,No,Yes,Month-to-month,Yes,Electronic check,47.81,3052.66,0,7,3.5,Yes
CUST-02929,Male,1,No,No,64,No,No phone service,DSL,Yes,No,Yes,No,No,No,Month-to-month,Yes,Electronic check,71.9,,1,1,4.0,No
CUST-02930,Female,0,No,No,11,No,No phone service,Fiber optic,No,Yes,Yes,Yes,No,Yes,Month-to-month,No,Bank transfer (automatic),113.35,1160.75,5,2,3.9,Yes
CUST-02931,Male,1,No,No,7,Yes,No,Fiber optic,Yes,No,No,No,Yes,No,Month-to-month,Yes,Mailed check,107.94,787.65,2,0,5.0,No
CUST-02932,Female,0,No,No,58,Yes,No,DSL,Yes,Yes,Yes,No,No,No,Two year,No,Mailed check,69.08,3842.56,4,1,3.8,No
CUST-02933,Male,0,Yes,Yes,4,Yes,Yes,Fiber optic,No,No,Yes,No,Yes,No,One year,Yes,Electronic check,116.85,472.36,2,1,4.8,No
CUST-02934,Male,0,No,No,59,Yes,No,DSL,No,Yes,Yes,No,Yes,No,Two year,Yes,Mailed check,41.91,2384.58,0,0,5.0,No
CUST-02935,Female,0,No,Yes,71,Yes,No,DSL,No,No,Yes,No,No,No,Month-to-month,No,Electronic check,61.73,4082.58,0,4,4.0,No
CUST-02936,Male,0,No,No,3,Yes,No,No,No internet service,No internet service,No internet service,No internet service,No internet service,No internet service,Two year,Yes,Bank transfer (automatic),35.07,97.37,2,0,4.3,No
CUST-02937,Female,0,No,Yes,58,Yes,Yes,Fiber optic,No,Yes,Yes,No,Yes,No,Month-to-month,No,Credit card (automatic),88.63,5155.02,2,2,4.2,Yes
CUST-02938,Female,0,No,No,10,Yes,No,DSL,No,No,No,No,Yes,Yes,Month-to-month,Yes,Credit card (automatic),54.27,571.65,4,0,4.5,Yes
CUST-02939,Female,0,Yes,No,21,Yes,No,DSL,Yes,No,No,No,No,Yes,Month-to-month,Yes,Electronic check,69.94,1515.57,1,4,4.0,No
CUST-02940,Male,0,No,No,40,Yes,No,No,No internet service,No internet service,No internet service,No internet service,No internet service,No internet service,Two year,No,Bank transfer (automatic),48.78,,1,0,4.9,No
CUST-02941,Female,0,No,No,49,Yes,No,No,No internet service,No internet service,No internet service,No internet service,No internet service,No internet service,Two year,Yes,Electronic check,41.51,2040.18,4,0,4.0,No
CUST-02942,Female,0,Yes,Yes,7,Yes,No,DSL,No,No,Yes,Yes,No,Yes,Month-to-month,No,Mailed check,50.0,349.47,0,1,4.1,No
CUST-02943,Female,0,Yes,Yes,8,Yes,Yes,Fiber optic,No,Yes,No,No,No,No,Two year,Yes,Mailed check,80.65,602.32,4,2,4.1,No
CUST-02944,Male,0,Yes,Yes,21,Yes,No,Fiber optic,No,No,No,No,No,No,Month-to-month,No,Electronic check,108.41,2337.0,2,3,4.3,Yes
CUST-02945,Female,0,Yes,No,50,Yes,No,DSL,No,No,No,No,No,Yes,Month-to-month,Yes,Mailed check,56.34,2905.02,0,2,5.0,No
CUST-02946,Male,0,No,No,30,Yes,Yes,Fiber optic,No,No,No,No,No,No,Month-to-month,Yes,Bank transfer (automatic),111.97,3272.97,0,2,5.0,No
CUST-02947,Female,0,Yes,No,20,Yes,No,DSL,No,No,Yes,Yes,Yes,Yes,One year,Yes,Bank transfer (automatic),54.21,1015.29,1,0,5.0,No
CUST-02948,Male,0,Yes,No,12,Yes,No,DSL,No,No,No,No,No,Yes,One year,No,Electronic check,56.35,672.99,0,0,4.6,No
CUST-02949,Female,0,No,Yes,70,Yes,No,Fiber optic,No,Yes,Yes,Yes,Yes,No,Two year,No,Electronic check,112.35,7292.04,2,0,5.0,No
CUST-02950,Female,0,Yes,No,51,Yes,No,DSL,No,Yes,No,No,Yes,No,Two year,Yes,Credit card (automatic),43.07,2366.54,2,0,4.5,No
CUST-02951,Male,0,No,No,71,No,No phone service,Fiber optic,No,No,No,No,No,Yes,One year,Yes,Bank transfer (automatic),88.17,6600.1,3,1,4.5,No
CUST-02952,Female,0,Yes,No,36,Yes,No,DSL,Yes,No,No,No,No,No,Month-to-month,Yes,Mailed check,50.05,1883.0,0,1,5.0,No
CUST-02953,Female,0,Yes,Yes,59,Yes,No,Fiber optic,No,No,Yes,No,Yes,Yes,Month-to-month,No,Bank transfer (automatic),80.74,4807.36,2,2,4.3,No
CUST-02954,Male,0,No,No,47,Yes,No,No,No internet service,No internet service,No internet service,No internet service,No internet service,No internet service,Month-to-month,Yes,Credit card (automatic),21.85,957.09,2,3,4.5,No
CUST-02955,Male,0,No,No,38,Yes,No,Fiber optic,No,No,No,No,Yes,Yes,Month-to-month,No,Mailed check,120.0,4758.1,3,2,4.5,No
CUST-02956,Female,0,No,Yes,35,Yes,Yes,Fiber optic,Yes,No,No,No,Yes,No,One year,No,Mailed check,105.88,3462.71,5,0,5.0,No
CUST-02957,Male,0,No,No,37,Yes,No,Fiber optic,No,No,No,Yes,Yes,No,Month-to-month,Yes,Mailed check,73.02,2757.84,3,2,3.6,No
CUST-02958,Male,0,Yes,No,30,Yes,Yes,No,No internet service,No internet service,No internet service,No internet service,No internet service,No internet service,Month-to-month,No,Bank transfer (automatic),47.86,1470.95,1,2,4.1,No
CUST-02959,Female,0,No,No,47,Yes,Yes,Fiber optic,No,No,No,No,Yes,No,Month-to-month,No,Mailed check,65.39,3014.26,2,3,4.6,No
CUST-02960,Male,0,Yes,No,36,Yes,No,DSL,No,No,No,No,No,Yes,Two year,Yes,Bank transfer (automatic),80.16,2757.61,2,1,3.9,No
CUST-02961,Female,0,No,No,70,Yes,Yes,DSL,No,Yes,Yes,No,No,Yes,One year,Yes,Electronic check,33.66,2343.76,3,1,4.5,No
CUST-02962,Male,0,Yes,No,65,Yes,Yes,Fiber optic,No,Yes,No,Yes,Yes,No,Month-to-month,No,Electronic check,96.53,6644.17,5,1,4.0,Yes
CUST-02963,Female,0,No,No,34,Yes,Yes,Fiber optic,No,Yes,Yes,No,Yes,No,Month-to-month,Yes,Electronic check,77.22,2507.02,2,5,4.2,Yes
CUST-02964,Male,0,Yes,No,29,Yes,No,DSL,No,Yes,No,Yes,No,No,Month-to-month,Yes,Electronic check,84.86,2311.77,1,1,4.6,Yes
CUST-02965,Female,0,Yes,No,55,Yes,Yes,Fiber optic,Yes,No,Yes,Yes,No,Yes,Two year,Yes,Electronic check,68.85,4071.28,3,1,4.1,No
CUST-02966,Female,0,Yes,No,47,Yes,Yes,Fiber optic,Yes,No,No,No,No,No,Month-to-month,No,Credit card (automatic),83.65,3726.41,4,1,4.7,No
CUST-02967,Male,0,No,No,17,Yes,Yes,Fiber optic,Yes,No,Yes,No,No,No,Month-to-month,No,Bank transfer (automatic),84.31,1377.15,3,2,4.2,Yes
CUST-02968,Male,0,Yes,No,61,Yes,No,Fiber optic,No,No,Yes,No,No,Yes,Month-to-month,No,Mailed check,80.72,5208.24,3,0,4.5,No
CUST-02969,Female,0,No,No,50,Yes,Yes,Fiber optic,No,Yes,No,Yes,Yes,Yes,Month-to-month,Yes,Electronic check,78.34,3927.85,2,1,4.1,No
CUST-02970,Female,0,Yes,Yes,45,Yes,No,Fiber optic,Yes,Yes,No,No,No,Yes,Month-to-month,Yes,Bank transfer (automatic),77.82,3556.63,3,1,4.8,Yes
CUST-02971,Female,0,No,No,57,Yes,No,Fiber optic,No,Yes,No,No,No,No,Two year,No,Credit card (automatic),78.6,4598.0,4,1,3.7,No
CUST-02972,Male,0,Yes,No,17,Yes,No,No,No internet service,No internet service,No internet service,No internet service,No internet service,No internet service,One year,No,Mailed check,18.0,296.16,2,0,5.0,No
CUST-02973,Female,0,No,Yes,58,No,No phone service,Fiber optic,Yes,No,No,No,No,Yes,Month-to-month,Yes,Mailed check,120.0,6584.79,5,3,3.9,No
CUST-02974,Female,1,Yes,No,9,Yes,No,Fiber optic,Yes,No,Yes,Yes,No,No,Month-to-month,No,Credit card (automatic),98.83,879.04,0,0,5.0,No
CUST-02975,Male,1,Yes,No,58,Yes,Yes,Fiber optic,No,Yes,Yes,No,No,Yes,Month-to-month,No,Mailed check,91.53,5720.1,3,3,2.9,Yes
CUST-02976,Male,0,Yes,No,43,Yes,No,No,No internet service,No internet service,No internet service,No internet service,No internet service,No internet service,Month-to-month,No,Credit card (automatic),28.49,1167.13,1,0,5.0,No
CUST-02977,Male,0,Yes,No,42,Yes,No,Fiber optic,No,Yes,No,No,Yes,No,Month-to-month,Yes,Electronic check,80.62,3647.86,3,3,4.2,No
CUST-02978,Female,0,Yes,No,53,Yes,Yes,Fiber optic,Yes,No,Yes,No,No,Yes,Month-to-month,No,Credit card (automatic),89.59,4674.43,2,1,5.0,No
CUST-02979,Male,0,Yes,No,23,Yes,Yes,DSL,No,Yes,No,Yes,No,No,Month-to-month,Yes,Electronic check,68.34,1534.3,1,1,5.0,No
CUST-02980,Male,0,No,Yes,56,Yes,Yes,Fiber optic,No,Yes,Yes,No,Yes,No,Month-to-month,No,Bank transfer (automatic),79.7,4183.22,2,1,4.1,Yes
CUST-02981,Female,0,No,No,2,Yes,Yes,Fiber optic,No,No,No,No,No,No,Month-to-month,No,Electronic check,105.07,195.39,1,3,3.7,Yes
CUST-02982,Male,0,Yes,No,50,Yes,Yes,DSL,No,No,Yes,Yes,No,Yes,Two year,No,Credit card (automatic),67.83,3155.71,3,0,4.0,No
CUST-02983,Female,0,Yes,No,58,Yes,Yes,Fiber optic,No,No,No,No,No,No,One year,Yes,Electronic check,109.16,6624.9,4,1,4.5,No
CUST-02984,Female,0,Yes,No,1,Yes,No,No,No internet service,No internet service,No internet service,No internet service,No internet service,No internet service,Month-to-month,Yes,Bank transfer (automatic),23.42,24.93,0,1,5.0,No
CUST-02985,Female,0,Yes,No,51,Yes,Yes,DSL,No,No,No,No,No,No,Month-to-month,Yes,Mailed check,52.8,2792.61,4,1,4.0,No
CUST-02986,Female,0,Yes,No,56,Yes,Yes,Fiber optic,No,No,No,No,No,No,Month-to-month,Yes,Electronic check,107.44,6234.45,4,2,3.7,No
CUST-02987,Female,0,Yes,Yes,38,Yes,No,No,No internet service,No internet service,No internet service,No internet service,No internet service,No internet service,Month-to-month,Yes,Mailed check,26.68,995.67,1,0,4.6,No
CUST-02988,Female,0,Yes,Yes,44,Yes,No,No,No internet service,No internet service,No internet service,No internet service,No internet service,No internet service,One year,No,Credit card (automatic),38.74,1639.14,2,0,4.2,No
CUST-02989,Female,1,No,No,5,Yes,No,Fiber optic,Yes,No,No,Yes,No,No,Month-to-month,Yes,Bank transfer (automatic),91.13,449.91,1,0,4.6,No
CUST-02990,Male,0,No,No,72,Yes,No,DSL,No,No,No,No,No,Yes,One year,Yes,Electronic check,73.0,5151.16,1,1,4.7,No
CUST-02991,Male,0,No,Yes,70,Yes,Yes,Fiber optic,No,No,No,No,Yes,Yes,Month-to-month,No,Credit card (automatic),104.57,6800.52,2,1,3.9,No
CUST-02992,Female,0,Yes,Yes,56,Yes,Yes,DSL,No,No,Yes,No,No,No,Month-to-month,Yes,Bank transfer (automatic),66.08,3534.92,0,3,4.4,No
CUST-02993,Male,1,No,No,2,Yes,No,Fiber optic,No,No,Yes,No,No,No,One year,No,Electronic check,93.36,173.97,5,1,4.3,No
CUST-02994,Female,1,Yes,Yes,31,Yes,No,Fiber optic,No,No,No,No,Yes,No,One year,Yes,Credit card (automatic),114.57,3573.94,2,0,4.4,Yes
CUST-02995,Female,0,Yes,Yes,59,Yes,No,Fiber optic,No,Yes,No,No,No,Yes,Two year,No,Mailed check,83.66,5142.85,1,0,4.9,No
CUST-02996,Female,0,No,Yes,49,No,No phone service,Fiber optic,No,No,No,No,Yes,Yes,Month-to-month,Yes,Mailed check,103.73,5088.29,2,5,3.7,No
CUST-02997,Male,0,Yes,No,66,Yes,No,No,No internet service,No internet service,No internet service,No internet service,No internet service,No internet service,Two year,Yes,Electronic check,38.83,2593.54,1,1,4.8,No
CUST-02998,Male,0,Yes,No,45,Yes,Yes,Fiber optic,No,No,No,Yes,No,No,Month-to-month,No,Credit card (automatic),116.84,5559.38,3,2,3.9,Yes
CUST-02999,Male,1,No,No,52,Yes,Yes,Fiber optic,No,No,No,No,No,No,Two year,No,Electronic check,120.0,6486.84,1,0,5.0,No
CUST-03000,Female,0,No,No,25,No,No phone service,DSL,No,Yes,No,Yes,Yes,No,Month-to-month,Yes,Bank transfer (automatic),66.73,1733.2,2,1,3.9,No
CUST-03001,Female,0,No,Yes,59,Yes,Yes,No,No internet service,No internet service,No internet service,No internet service,No internet service,No internet service,Two year,Yes,Bank transfer (automatic),42.11,2529.08,1,0,5.0,No
CUST-03002,Female,0,Yes,No,39,Yes,Yes,Fiber optic,No,No,No,No,Yes,Yes,Two year,Yes,Bank transfer (automatic),107.95,4156.71,2,1,5.0,No
CUST-03003,Female,0,Yes,No,58,Yes,No,DSL,Yes,No,No,No,Yes,No,Month-to-month,No,Electronic check,44.63,2402.92,2,4,4.1,No
CUST-03004,Female,0,No,No,15,Yes,No,DSL,No,No,No,No,No,No,Month-to-month,Yes,Mailed check,78.22,1257.9,1,1,5.0,No
CUST-03005,Female,0,Yes,No,20,Yes,No,Fiber optic,No,No,Yes,Yes,Yes,No,One year,Yes,Electronic check,120.0,2418.85,2,0,4.3,No
CUST-03006,Male,0,Yes,No,7,Yes,Yes,DSL,Yes,No,No,Yes,No,Yes,Month-to-month,No,Electronic check,57.9,379.76,2,4,4.6,Yes
CUST-03007,Female,0,Yes,No,49,Yes,No,No,No internet service,No internet service,No internet service,No internet service,No internet service,No internet service,Month-to-month,Yes,Mailed check,18.81,864.24,1,1,4.2,No
CUST-03008,Male,1,No,No,53,Yes,Yes,DSL,No,No,Yes,Yes,No,Yes,Two year,Yes,Mailed check,81.71,4473.41,2,1,4.4,No
CUST-03009,Female,0,No,Yes,21,Yes,Yes,Fiber optic,Yes,Yes,Yes,No,No,Yes,One year,Yes,Mailed check,72.51,1418.47,2,2,5.0,No
CUST-03010,Female,1,Yes,Yes,28,Yes,No,DSL,No,Yes,No,Yes,No,No,Two year,No,Mailed check,47.43,1232.97,1,0,5.0,No
CUST-03011,Male,0,No,No,42,Yes,No,Fiber optic,Yes,No,Yes,Yes,No,Yes,Two year,Yes,Electronic check,83.53,3582.62,2,0,5.0,No
CUST-03012,Female,0,Yes,No,55,Yes,Yes,No,No internet service,No internet service,No internet service,No internet service,No internet service,No internet service,One year,No,Electronic check,26.83,1511.08,0,1,4.7,No
CUST-03013,Male,0,No,No,22,Yes,Yes,DSL,No,No,No,No,Yes,Yes,One year,Yes,Bank transfer (automatic),36.51,807.0,2,1,4.6,No
CUST-03014,Female,0,Yes,Yes,36,Yes,Yes,DSL,No,No,No,No,No,No,One year,Yes,Credit card (automatic),78.78,2875.42,7,1,4.2,No
CUST-03015,Male,0,Yes,Yes,14,Yes,Yes,DSL,No,No,Yes,No,No,No,Month-to-month,Yes,Mailed check,70.87,1048.44,0,0,5.0,No
CUST-03016,Male,0,Yes,No,59,Yes,No,DSL,Yes,Yes,Yes,No,No,No,Month-to-month,No,Electronic check,58.06,3311.67,2,3,4.0,Yes
CUST-03017,Female,0,No,No,63,No,No phone service,Fiber optic,No,No,No,No,No,No,One year,Yes,Electronic check,81.06,4821.27,3,1,4.0,No
CUST-03018,Male,0,No,No,54,Yes,No,DSL,No,Yes,No,No,Yes,Yes,Two year,Yes,Electronic check,68.6,3883.48,2,0,4.3,No
CUST-03019,Female,0,No,No,59,Yes,No,Fiber optic,No,Yes,Yes,No,Yes,Yes,Month-to-month,Yes,Mailed check,120.0,6895.29,4,4,3.6,Yes
CUST-03020,Female,1,Yes,No,56,Yes,No,Fiber optic,Yes,No,Yes,Yes,No,No,Month-to-month,Yes,Electronic check,88.1,4651.47,3,1,4.6,Yes
CUST-03021,Male,1,Yes,No,61,Yes,No,No,No internet service,No internet service,No internet service,No internet service,No internet service,No internet service,Two year,Yes,Electronic check,38.18,2432.17,3,1,5.0,No
CUST-03022,Male,1,Yes,No,31,No,No phone service,DSL,No,No,No,No,Yes,Yes,Month-to-month,Yes,Credit card (automatic),66.43,2102.22,0,3,4.9,No
CUST-03023,Male,0,Yes,Yes,15,No,No phone service,No,No internet service,No internet service,No internet service,No internet service,No internet service,No internet service,Month-to-month,Yes,Mailed check,23.23,366.96,3,1,4.7,No
CUST-03024,Male,1,Yes,No,70,Yes,No,No,No internet service,No internet service,No internet service,No internet service,No internet service,No internet service,One year,No,Electronic check,24.77,1728.81,3,1,4.1,No
CUST-03025,Male,0,No,No,1,Yes,No,Fiber optic,Yes,Yes,No,No,No,No,Month-to-month,Yes,Electronic check,105.91,106.6,4,2,4.4,Yes
CUST-03026,Female,1,No,No,30,No,No phone service,Fiber optic,Yes,No,No,Yes,No,No,One year,No,Credit card (automatic),85.22,2571.5,4,0,4.1,No
CUST-03027,Male,0,No,No,53,Yes,No,Fiber optic,No,No,Yes,Yes,No,No,One year,Yes,Credit card (automatic),112.27,6400.09,2,1,4.8,No
CUST-03028,Female,0,Yes,Yes,58,Yes,No,DSL,No,No,No,No,Yes,Yes,Month-to-month,Yes,Electronic check,76.51,4328.93,1,3,4.2,No
CUST-03029,Male,1,Yes,No,50,Yes,No,No,No internet service,No internet service,No internet service,No internet service,No internet service,No internet service,Month-to-month,No,Electronic check,45.75,2130.49,0,2,4.3,No
CUST-03030,Female,0,No,No,36,Yes,No,No,No internet service,No internet service,No internet service,No internet service,No internet service,No internet service,Month-to-month,Yes,Bank transfer (automatic),37.67,1276.85,1,2,4.9,No
CUST-03031,Female,0,Yes,Yes,67,Yes,Yes,DSL,No,Yes,No,Yes,Yes,No,One year,No,Bank transfer (automatic),78.18,4964.55,2,0,4.6,No
CUST-03032,Male,0,No,No,17,Yes,No,DSL,Yes,No,Yes,No,No,No,Month-to-month,No,Bank transfer (automatic),62.4,979.89,0,2,5.0,Yes
CUST-03033,Female,0,No,Yes,11,Yes,No,DSL,Yes,Yes,No,Yes,No,No,Two year,Yes,Mailed check,53.91,549.32,0,0,4.9,No
CUST-03034,Male,0,Yes,No,46,No,No phone service,Fiber optic,No,Yes,Yes,Yes,No,No,Two year,Yes,Credit card (automatic),92.23,3975.33,3,0,5.0,No
CUST-03035,Male,1,Yes,No,24,Yes,Yes,No,No internet service,No internet service,No internet service,No internet service,No internet service,No internet service,Two year,Yes,Bank transfer (automatic),39.87,1009.98,2,0,4.5,No
CUST-03036,Female,1,No,Yes,34,Yes,No,DSL,No,Yes,No,No,Yes,Yes,Month-to-month,No,Bank transfer (automatic),55.16,1796.6,2,1,3.8,No
CUST-03037,Female,1,No,No,33,Yes,No,Fiber optic,Yes,Yes,No,No,Yes,Yes,One year,Yes,Electronic check,96.7,3374.86,1,1,4.4,Yes
CUST-03038,Male,0,No,No,20,Yes,Yes,No,No internet service,No internet service,No internet service,No internet service,No internet service,No internet service,Two year,No,Electronic check,39.06,,1,0,4.7,No
CUST-03039,Male,0,No,No,72,Yes,Yes,Fiber optic,No,Yes,Yes,No,No,Yes,Two year,No,Mailed check,106.01,8160.05,2,2,4.3,No
CUST-03040,Male,0,No,No,28,Yes,Yes,Fiber optic,No,Yes,No,No,No,Yes,Two year,Yes,Electronic check,63.92,1905.79,3,0,5.0,Yes
CUST-03041,Male,0,Yes,Yes,49,No,No phone service,Fiber optic,No,No,No,Yes,Yes,No,Month-to-month,Yes,Electronic check,106.02,5527.99,2,3,3.7,Yes
CUST-03042,Male,0,No,No,12,Yes,No,DSL,No,Yes,No,Yes,Yes,No,Month-to-month,No,Bank transfer (automatic),72.51,883.26,2,1,5.0,No
CUST-03043,Male,0,No,No,72,Yes,Yes,Fiber optic,Yes,Yes,Yes,No,No,Yes,Month-to-month,Yes,Bank transfer (automatic),101.58,7120.7,4,1,3.9,No
CUST-03044,Female,1,Yes,Yes,72,Yes,No,DSL,No,No,No,Yes,Yes,No,One year,Yes,Mailed check,50.82,3745.87,1,1,4.2,No
CUST-03045,Male,0,Yes,No,5,Yes,Yes,Fiber optic,No,No,No,No,No,Yes,Two year,No,Bank transfer (automatic),80.88,386.89,0,2,4.6,No
CUST-03046,Female,0,No,Yes,47,Yes,No,DSL,Yes,No,Yes,No,Yes,No,Month-to-month,No,Credit card (automatic),65.06,2867.89,0,0,5.0,Yes
CUST-03047,Female,0,No,Yes,43,Yes,Yes,No,No internet service,No internet service,No internet service,No internet service,No internet service,No internet service,Month-to-month,Yes,Electronic check,35.66,1621.39,2,4,3.3,No
CUST-03048,Female,0,Yes,No,13,Yes,No,Fiber optic,Yes,Yes,No,Yes,No,No,Month-to-month,Yes,Bank transfer (automatic),76.61,939.25,3,2,4.3,Yes
CUST-03049,Male,0,No,No,56,No,No phone service,No,No internet service,No internet service,No internet service,No internet service,No internet service,No internet service,One year,No,Credit card (automatic),24.79,1338.24,2,2,4.6,No
CUST-03050,Female,0,No,No,56,Yes,No,Fiber optic,Yes,No,Yes,No,Yes,Yes,One year,Yes,Mailed check,74.57,4421.05,4,0,4.5,No
CUST-03051,Female,0,No,No,61,Yes,Yes,Fiber optic,No,No,No,No,Yes,Yes,Two year,Yes,Electronic check,99.22,6357.1,2,1,4.5,No
CUST-03052,Male,0,Yes,Yes,44,Yes,No,DSL,No,Yes,No,Yes,Yes,No,One year,Yes,Mailed check,42.12,1889.38,3,0,3.4,No
CUST-03053,Female,1,Yes,No,51,Yes,Yes,Fiber optic,No,No,No,No,Yes,No,Month-to-month,Yes,Bank transfer (automatic),71.9,3580.47,2,4,4.0,No
CUST-03054,Male,0,Yes,Yes,53,Yes,Yes,Fiber optic,No,No,No,No,No,Yes,Month-to-month,Yes,Credit card (automatic),87.68,4314.06,2,1,4.8,No
CUST-03055,Female,0,No,Yes,56,Yes,No,Fiber optic,No,No,No,No,Yes,Yes,One year,Yes,Bank transfer (automatic),77.15,4529.09,6,2,4.3,No
CUST-03056,Male,0,No,Yes,43,Yes,Yes,Fiber optic,No,Yes,Yes,No,Yes,Yes,Month-to-month,No,Bank transfer (automatic),115.47,4648.33,3,1,3.6,Yes
CUST-03057,Female,0,Yes,Yes,54,Yes,No,DSL,Yes,Yes,No,No,No,No,One year,Yes,Credit card (automatic),50.18,2686.67,5,2,4.8,No
CUST-03058,Male,0,No,No,5,Yes,No,DSL,No,No,No,No,No,Yes,Month-to-month,Yes,Mailed check,60.38,325.25,3,0,5.0,Yes
CUST-03059,Male,0,Yes,No,45,Yes,Yes,DSL,No,No,No,No,No,No,Month-to-month,No,Mailed check,68.87,3156.4,3,1,4.1,Yes
CUST-03060,Male,1,No,No,15,Yes,No,DSL,No,No,No,Yes,Yes,Yes,Month-to-month,Yes,Electronic check,79.27,1100.18,1,1,5.0,No
CUST-03061,Male,0,Yes,No,30,Yes,Yes,Fiber optic,No,Yes,No,No,No,No,Month-to-month,No,Electronic check,100.68,2782.29,3,4,4.1,No
CUST-03062,Male,0,No,Yes,56,Yes,No,Fiber optic,Yes,Yes,No,Yes,No,No,Two year,No,Mailed check,116.71,6819.98,2,0,4.5,No
CUST-03063,Male,0,No,No,9,Yes,Yes,Fiber optic,No,No,No,No,Yes,No,One year,Yes,Electronic check,98.94,877.51,5,0,4.7,No
CUST-03064,Male,0,No,No,55,No,No phone service,DSL,No,No,Yes,No,No,No,Month-to-month,No,Bank transfer (automatic),59.68,3180.69,2,2,4.0,No
CUST-03065,Female,0,Yes,No,19,Yes,No,Fiber optic,Yes,No,No,Yes,No,No,Two year,Yes,Credit card (automatic),106.86,2035.0,5,0,4.3,No
CUST-03066,Female,1,Yes,No,55,Yes,Yes,DSL,Yes,Yes,No,No,No,No,Month-to-month,Yes,Bank transfer (automatic),48.24,2584.48,2,2,2.8,No
CUST-03067,Female,0,Yes,Yes,56,Yes,No,DSL,Yes,No,No,Yes,No,No,Month-to-month,No,Credit card (automatic),69.21,4032.8,3,1,4.9,No
CUST-03068,Female,0,No,No,2,Yes,Yes,No,No internet service,No internet service,No internet service,No internet service,No internet service,No internet service,Month-to-month,No,Credit card (automatic),24.02,49.44,3,4,3.5,Yes
CUST-03069,Male,0,Yes,No,17,Yes,No,Fiber optic,No,No,No,Yes,No,No,Month-to-month,Yes,Bank transfer (automatic),119.6,1966.13,4,0,4.0,Yes
CUST-03070,Male,0,No,Yes,58,Yes,Yes,DSL,No,No,No,No,Yes,Yes,One year,No,Electronic check,54.88,3407.2,3,1,4.5,No
CUST-03071,Male,1,No,No,25,Yes,Yes,DSL,Yes,No,Yes,No,No,No,Two year,Yes,Electronic check,61.34,1650.28,0,0,4.9,Yes
CUST-03072,Male,0,Yes,No,32,No,No phone service,Fiber optic,No,No,No,No,No,No,One year,No,Mailed check,86.47,2798.35,2,0,4.4,No
CUST-03073,Male,0,Yes,No,2,Yes,No,Fiber optic,Yes,No,No,No,No,Yes,Month-to-month,Yes,Electronic check,92.33,177.89,5,3,3.2,Yes
CUST-03074,Female,0,Yes,No,50,Yes,No,DSL,No,No,No,No,Yes,Yes,Two year,Yes,Mailed check,80.02,4026.51,4,0,4.3,No
CUST-03075,Female,0,No,No,7,No,No phone service,Fiber optic,No,Yes,Yes,No,Yes,No,Month-to-month,Yes,Credit card (automatic),84.55,614.14,3,1,4.3,Yes
CUST-03076,Female,0,No,No,20,Yes,No,Fiber optic,No,No,No,No,Yes,Yes,One year,No,Credit card (automatic),88.8,1860.69,0,0,5.0,No
CUST-03077,Male,0,Yes,No,35,No,No phone service,Fiber optic,No,Yes,No,No,Yes,No,Month-to-month,Yes,Bank transfer (automatic),116.54,4305.65,4,1,3.9,No
CUST-03078,Female,0,No,No,56,Yes,No,Fiber optic,Yes,Yes,No,No,Yes,No,Month-to-month,Yes,Bank transfer (automatic),112.43,6564.5,4,0,4.3,No
CUST-03079,Male,0,Yes,Yes,36,Yes,No,No,No internet service,No internet service,No internet service,No internet service,No internet service,No internet service,One year,Yes,Credit card (automatic),38.29,1442.2,1,0,4.9,No
CUST-03080,Male,1,Yes,No,71,Yes,Yes,DSL,Yes,Yes,No,No,No,Yes,Month-to-month,Yes,Credit card (automatic),55.2,3835.77,4,1,5.0,No
CUST-03081,Male,0,No,No,38,Yes,No,DSL,No,No,No,No,No,No,Month-to-month,Yes,Credit card (automatic),35.36,1313.18,1,3,3.4,No
CUST-03082,Female,0,No,No,19,Yes,Yes,DSL,No,No,Yes,No,No,No,Two year,Yes,Bank transfer (automatic),57.15,1088.32,0,0,4.1,No
CUST-03083,Male,0,Yes,No,14,Yes,No,DSL,No,No,No,No,No,No,Month-to-month,Yes,Mailed check,62.66,925.98,0,2,5.0,No
CUST-03084,Male,0,No,No,57,Yes,Yes,DSL,No,Yes,No,No,Yes,Yes,Two year,No,Mailed check,50.3,,2,1,5.0,No
CUST-03085,Male,0,No,No,34,Yes,Yes,DSL,No,Yes,Yes,No,No,No,One year,Yes,Mailed check,54.58,1876.37,4,0,5.0,Yes
CUST-03086,Male,0,No,Yes,44,Yes,No,No,No internet service,No internet service,No internet service,No internet service,No internet service,No internet service,Two year,No,Electronic check,18.0,770.04,1,1,4.9,No
CUST-03087,Male,0,No,Yes,27,No,No phone service,No,No internet service,No internet service,No internet service,No internet service,No internet service,No internet service,Month-to-month,No,Electronic check,35.07,897.18,1,2,4.8,No
CUST-03088,Male,0,Yes,No,20,Yes,No,Fiber optic,Yes,Yes,Yes,No,Yes,Yes,Two year,Yes,Bank transfer (automatic),100.73,2142.08,1,0,4.9,No
CUST-03089,Male,0,Yes,No,44,Yes,No,Fiber optic,Yes,Yes,No,No,Yes,No,Month-to-month,Yes,Bank transfer (automatic),110.58,4674.11,1,2,4.5,No
CUST-03090,Male,0,No,No,22,Yes,No,Fiber optic,No,Yes,No,Yes,No,No,Month-to-month,No,Electronic check,90.78,2006.21,3,2,4.1,Yes
CUST-03091,Male,0,No,No,72,Yes,No,Fiber optic,No,Yes,No,No,No,No,Month-to-month,No,Mailed check,89.78,6958.34,3,1,4.2,No
CUST-03092,Male,0,Yes,No,53,Yes,Yes,Fiber optic,Yes,No,No,No,Yes,No,Two year,Yes,Mailed check,93.46,4961.84,4,0,4.6,No
CUST-03093,Female,0,Yes,No,60,No,No phone service,DSL,No,No,No,No,Yes,Yes,Month-to-month,Yes,Electronic check,74.3,4398.89,0,1,5.0,Yes
CUST-03094,Male,0,Yes,No,21,Yes,No,No,No internet service,No internet service,No internet service,No internet service,No internet service,No internet service,Month-to-month,No,Electronic check,23.65,479.86,2,5,2.8,No
CUST-03095,Female,1,No,No,3,Yes,Yes,Fiber optic,Yes,No,No,No,Yes,Yes,Month-to-month,No,Mailed check,107.12,310.62,2,2,4.3,No
CUST-03096,Female,0,Yes,Yes,4,No,No phone service,DSL,No,No,No,No,No,Yes,Month-to-month,No,Bank transfer (automatic),55.21,232.53,2,0,4.9,Yes
CUST-03097,Male,0,Yes,Yes,62,Yes,Yes,Fiber optic,Yes,No,No,No,Yes,No,Month-to-month,Yes,Electronic check,120.0,7399.54,2,4,4.0,Yes
CUST-03098,Male,0,Yes,No,63,Yes,No,DSL,No,No,No,Yes,Yes,No,Month-to-month,Yes,Electronic check,53.11,3222.24,0,3,4.2,No
CUST-03099,Male,0,No,No,49,No,No phone service,No,No internet service,No internet service,No internet service,No internet service,No internet service,No internet service,Month-to-month,Yes,Electronic check,24.17,1237.95,2,3,3.9,Yes
CUST-03100,Male,0,No,No,43,Yes,Yes,Fiber optic,Yes,No,No,Yes,No,No,Two year,Yes,Bank transfer (automatic),69.19,3039.19,5,3,3.9,No
CUST-03101,Male,0,Yes,No,16,Yes,Yes,No,No internet service,No internet service,No internet service,No internet service,No internet service,No internet service,One year,Yes,Bank transfer (automatic),31.66,511.12,4,0,4.3,Yes
CUST-03102,Male,0,Yes,No,55,Yes,No,No,No internet service,No internet service,No internet service,No internet service,No internet service,No internet service,Month-to-month,Yes,Mailed check,40.81,2173.16,3,2,4.8,No
CUST-03103,Male,1,Yes,Yes,38,Yes,Yes,Fiber optic,No,No,Yes,No,No,No,Month-to-month,No,Credit card (automatic),106.66,3749.71,4,2,4.4,Yes
CUST-03104,Male,0,No,No,44,Yes,Yes,No,No internet service,No internet service,No internet service,No internet service,No internet service,No internet service,Month-to-month,Yes,Mailed check,45.24,1988.27,1,0,4.3,No
CUST-03105,Female,0,No,Yes,2,Yes,Yes,No,No internet service,No internet service,No internet service,No internet service,No internet service,No internet service,One year,Yes,Bank transfer (automatic),23.02,47.13,2,0,4.3,No
CUST-03106,Male,1,No,No,38,Yes,No,DSL,No,Yes,Yes,Yes,No,Yes,Month-to-month,Yes,Mailed check,60.6,2233.65,0,1,4.4,No
CUST-03107,Female,1,No,Yes,50,Yes,Yes,DSL,No,Yes,Yes,No,No,No,Two year,Yes,Credit card (automatic),50.59,2540.98,3,0,4.7,No
CUST-03108,Male,0,Yes,No,56,Yes,Yes,Fiber optic,Yes,Yes,Yes,No,No,No,One year,Yes,Electronic check,109.15,6332.97,5,0,4.6,No
CUST-03109,Female,0,Yes,No,11,Yes,No,Fiber optic,Yes,No,No,No,Yes,No,Two year,Yes,Electronic check,79.79,838.41,6,1,4.1,Yes
CUST-03110,Male,0,Yes,No,3,Yes,Yes,Fiber optic,Yes,No,Yes,No,Yes,No,One year,Yes,Mailed check,82.71,240.74,3,1,4.8,No
CUST-03111,Female,0,Yes,No,62,Yes,No,Fiber optic,No,Yes,Yes,No,No,No,Month-to-month,Yes,Bank transfer (automatic),79.75,5200.86,4,0,5.0,No
CUST-03112,Female,0,Yes,No,23,Yes,No,No,No internet service,No internet service,No internet service,No internet service,No internet service,No internet service,Month-to-month,Yes,Credit card (automatic),27.79,629.52,2,0,4.4,No
CUST-03113,Male,0,No,No,35,Yes,No,Fiber optic,No,No,Yes,Yes,No,No,Month-to-month,Yes,Mailed check,120.0,4371.28,2,1,4.6,Yes
CUST-03114,Female,1,Yes,No,46,Yes,No,Fiber optic,Yes,No,No,Yes,No,No,Month-to-month,Yes,Electronic check,82.37,3977.16,6,0,3.9,No
CUST-03115,Male,0,No,Yes,36,Yes,Yes,Fiber optic,No,No,No,No,No,No,Month-to-month,No,Mailed check,71.23,2393.41,5,2,3.7,No
CUST-03116,Male,0,Yes,Yes,68,Yes,No,No,No internet service,No internet service,No internet service,No internet service,No internet service,No internet service,Month-to-month,No,Credit card (automatic),25.5,1782.29,1,0,4.2,No
CUST-03117,Female,0,Yes,Yes,61,Yes,Yes,DSL,No,No,No,No,No,Yes,Month-to-month,Yes,Electronic check,64.37,3823.5,5,2,3.9,No
CUST-03118,Female,0,No,Yes,29,Yes,No,Fiber optic,Yes,No,No,Yes,No,No,Month-to-month,No,Credit card (automatic),74.85,2287.89,0,4,4.6,No
CUST-03119,Male,1,Yes,No,14,Yes,Yes,Fiber optic,No,No,No,Yes,Yes,No,Month-to-month,Yes,Electronic check,100.59,1336.1,3,6,3.7,Yes
CUST-03120,Female,0,Yes,No,71,Yes,No,Fiber optic,No,No,No,No,Yes,Yes,Month-to-month,Yes,Mailed check,92.68,6984.78,4,0,4.3,No
CUST-03121,Female,0,Yes,No,51,Yes,Yes,DSL,No,No,No,No,No,Yes,Month-to-month,No,Bank transfer (automatic),57.79,2766.58,1,3,5.0,No
CUST-03122,Female,0,No,No,55,Yes,No,No,No internet service,No internet service,No internet service,No internet service,No internet service,No internet service,Two year,Yes,Mailed check,32.13,1862.0,2,0,4.4,No
CUST-03123,Male,0,Yes,No,34,Yes,Yes,DSL,No,Yes,No,No,Yes,No,Month-to-month,Yes,Bank transfer (automatic),70.25,2301.74,2,2,4.1,No
CUST-03124,Female,0,No,Yes,35,Yes,Yes,DSL,No,No,No,No,No,No,Two year,Yes,Credit card (automatic),63.29,2059.12,2,1,3.8,No
CUST-03125,Male,0,No,No,14,Yes,No,No,No internet service,No internet service,No internet service,No internet service,No internet service,No internet service,One year,Yes,Electronic check,20.93,280.11,0,1,5.0,No
CUST-03126,Female,0,No,No,31,Yes,No,Fiber optic,No,No,No,No,Yes,No,Month-to-month,No,Electronic check,111.21,3306.55,3,2,3.7,Yes
CUST-03127,Female,0,Yes,No,40,Yes,No,Fiber optic,Yes,No,No,No,No,No,Month-to-month,No,Bank transfer (automatic),90.34,3551.45,3,0,4.9,No
CUST-03128,Female,0,No,Yes,10,Yes,Yes,Fiber optic,Yes,Yes,No,No,No,No,Month-to-month,No,Credit card (automatic),113.78,1114.58,2,1,3.2,No
CUST-03129,Female,0,Yes,No,46,Yes,Yes,DSL,No,Yes,No,No,No,No,Month-to-month,Yes,Mailed check,56.28,2505.88,1,2,4.4,No
CUST-03130,Female,0,No,No,45,Yes,No,DSL,Yes,No,Yes,No,No,Yes,Month-to-month,Yes,Mailed check,48.68,2335.29,3,3,3.1,Yes
CUST-03131,Male,0,No,No,61,Yes,Yes,No,No internet service,No internet service,No internet service,No internet service,No internet service,No internet service,Two year,Yes,Electronic check,28.12,1778.46,1,0,5.0,No
CUST-03132,Male,0,Yes,Yes,4,Yes,No,DSL,No,No,No,Yes,No,Yes,Month-to-month,No,Mailed check,81.24,313.01,3,1,5.0,Yes
CUST-03133,Female,0,Yes,Yes,17,Yes,Yes,DSL,No,No,No,No,No,Yes,Two year,Yes,Electronic check,68.24,1123.91,2,0,4.4,No
CUST-03134,Male,0,No,No,31,Yes,No,Fiber optic,Yes,Yes,No,Yes,No,No,Month-to-month,Yes,Mailed check,92.7,3012.48,3,1,4.0,No
CUST-03135,Female,0,No,No,64,Yes,No,No,No internet service,No internet service,No internet service,No internet service,No internet service,No internet service,One year,Yes,Credit card (automatic),38.23,2252.73,2,0,4.3,No
CUST-03136,Male,0,No,Yes,18,No,No phone service,Fiber optic,No,No,Yes,No,Yes,Yes,Month-to-month,No,Credit card (automatic),98.04,1833.42,4,1,4.7,No
CUST-03137,Female,1,No,No,70,Yes,Yes,DSL,Yes,No,No,No,No,No,Two year,No,Mailed check,60.95,4272.09,3,0,4.1,No
CUST-03138,Male,0,No,No,69,Yes,No,DSL,Yes,No,No,Yes,No,Yes,Month-to-month,No,Mailed check,68.21,4983.84,1,4,4.2,No
CUST-03139,Male,0,No,No,7,Yes,No,No,No internet service,No internet service,No internet service,No internet service,No internet service,No internet service,Month-to-month,No,Bank transfer (automatic),50.23,378.01,4,1,3.7,No
CUST-03140,Male,0,No,No,27,Yes,Yes,Fiber optic,Yes,No,No,No,No,No,Month-to-month,No,Credit card (automatic),98.37,2474.05,1,0,5.0,No
CUST-03141,Male,0,Yes,No,19,Yes,No,No,No internet service,No internet service,No internet service,No internet service,No internet service,No internet service,Two year,Yes,Bank transfer (automatic),21.46,399.37,0,1,5.0,No
CUST-03142,Male,0,No,No,36,Yes,No,Fiber optic,Yes,No,No,No,No,Yes,One year,Yes,Mailed check,92.09,3233.82,2,0,4.7,No
CUST-03143,Male,0,No,No,67,Yes,No,Fiber optic,Yes,Yes,Yes,No,No,Yes,Month-to-month,Yes,Credit card (automatic),95.53,6753.23,7,0,4.2,No
CUST-03144,Female,0,Yes,Yes,28,Yes,No,No,No internet service,No internet service,No internet service,No internet service,No internet service,No internet service,Month-to-month,Yes,Credit card (automatic),37.1,1067.54,2,0,4.4,No
CUST-03145,Female,0,Yes,No,48,No,No phone service,Fiber optic,No,Yes,No,No,No,Yes,Month-to-month,No,Bank transfer (automatic),98.69,5020.78,4,1,4.3,No
CUST-03146,Female,0,Yes,Yes,10,Yes,No,DSL,No,No,Yes,No,Yes,No,Month-to-month,Yes,Credit card (automatic),57.09,553.62,4,1,4.3,No
CUST-03147,Female,0,Yes,No,42,No,No phone service,DSL,Yes,Yes,No,Yes,No,Yes,Month-to-month,Yes,Credit card (automatic),48.53,1920.97,3,1,4.9,No
CUST-03148,Female,0,No,No,26,Yes,Yes,Fiber optic,Yes,Yes,No,No,Yes,Yes,Month-to-month,No,Bank transfer (automatic),114.46,3061.39,6,1,3.8,Yes
CUST-03149,Female,1,Yes,No,67,No,No phone service,DSL,No,No,No,No,No,Yes,Two year,Yes,Electronic check,54.79,3525.75,0,0,5.0,No
CUST-03150,Male,0,No,No,57,Yes,Yes,DSL,Yes,No,No,No,No,No,Month-to-month,Yes,Bank transfer (automatic),78.19,4698.34,0,0,4.3,No
CUST-03151,Female,0,Yes,No,16,Yes,Yes,Fiber optic,Yes,No,No,No,No,No,Month-to-month,No,Electronic check,66.15,1098.92,5,3,3.1,Yes
CUST-03152,Male,0,No,Yes,45,Yes,No,Fiber optic,No,No,No,No,No,No,Month-to-month,No,Electronic check,108.66,4822.83,2,3,4.3,Yes
CUST-03153,Male,0,No,Yes,25,Yes,Yes,Fiber optic,No,Yes,No,No,No,Yes,One year,No,Mailed check,106.06,2518.0,2,1,4.5,No
CUST-03154,Female,0,No,No,32,Yes,No,No,No internet service,No internet service,No internet service,No internet service,No internet service,No internet service,Month-to-month,Yes,Credit card (automatic),31.51,982.08,3,1,4.3,No
CUST-03155,Male,0,No,No,34,Yes,Yes,DSL,Yes,Yes,Yes,Yes,No,Yes,Two year,No,Mailed check,58.77,2016.93,1,2,4.3,No
CUST-03156,Female,0,Yes,No,60,Yes,Yes,Fiber optic,No,No,No,No,No,No,Month-to-month,Yes,Bank transfer (automatic),94.75,5655.78,2,0,4.7,No
CUST-03157,Female,0,No,No,21,Yes,Yes,Fiber optic,No,Yes,No,Yes,No,No,One year,Yes,Credit card (automatic),120.0,2556.25,4,1,4.1,No
CUST-03158,Female,0,No,No,1,Yes,No,Fiber optic,No,No,No,No,No,Yes,Two year,Yes,Electronic check,113.02,121.04,3,0,5.0,No
CUST-03159,Female,0,Yes,No,14,Yes,Yes,Fiber optic,Yes,Yes,Yes,Yes,Yes,Yes,One year,Yes,Bank transfer (automatic),77.81,1164.86,2,0,4.4,No
CUST-03160,Female,1,No,No,60,Yes,Yes,Fiber optic,No,No,Yes,No,Yes,Yes,Month-to-month,No,Bank transfer (automatic),113.31,6876.94,2,3,4.1,Yes
CUST-03161,Male,0,Yes,No,22,Yes,No,No,No internet service,No internet service,No internet service,No internet service,No internet service,No internet service,Two year,No,Mailed check,41.11,872.41,0,1,5.0,No
CUST-03162,Female,0,No,No,5,Yes,Yes,No,No internet service,No internet service,No internet service,No internet service,No internet service,No internet service,Month-to-month,Yes,Credit card (automatic),44.13,207.65,2,2,4.3,No
CUST-03163,Male,0,Yes,No,29,Yes,Yes,No,No internet service,No internet service,No internet service,No internet service,No internet service,No internet service,One year,No,Mailed check,37.31,1004.26,1,1,4.9,No
CUST-03164,Male,0,No,No,63,Yes,Yes,No,No internet service,No internet service,No internet service,No internet service,No internet service,No internet service,One year,Yes,Electronic check,49.52,2956.43,1,1,5.0,No
CUST-03165,Male,1,Yes,Yes,63,Yes,Yes,Fiber optic,No,No,Yes,No,No,No,Month-to-month,Yes,Bank transfer (automatic),83.18,5243.93,3,4,4.0,Yes
CUST-03166,Male,0,Yes,Yes,69,Yes,Yes,Fiber optic,Yes,No,No,No,No,No,Two year,Yes,Mailed check,112.0,7211.12,2,0,3.9,No
CUST-03167,Female,0,Yes,No,50,Yes,Yes,Fiber optic,No,No,No,No,Yes,No,Month-to-month,Yes,Credit card (automatic),110.17,5140.59,2,2,3.7,Yes
CUST-03168,Male,0,No,No,59,Yes,No,Fiber optic,No,Yes,No,Yes,No,Yes,Two year,Yes,Credit card (automatic),81.99,4934.41,1,0,5.0,No
CUST-03169,Female,0,Yes,No,56,Yes,No,DSL,No,Yes,No,No,No,No,Month-to-month,No,Electronic check,58.19,3095.23,1,4,4.2,No
CUST-03170,Female,0,No,No,2,Yes,No,Fiber optic,Yes,No,Yes,No,No,No,Two year,No,Mailed check,69.09,136.07,5,0,5.0,Yes
CUST-03171,Female,1,No,No,31,Yes,No,No,No internet service,No internet service,No internet service,No internet service,No internet service,No internet service,Month-to-month,No,Electronic check,30.24,902.96,0,1,4.9,No
CUST-03172,Female,0,No,No,38,Yes,Yes,Fiber optic,No,No,No,No,Yes,No,Month-to-month,Yes,Credit card (automatic),86.13,3248.46,3,2,4.5,No
CUST-03173,Male,0,Yes,No,34,Yes,Yes,DSL,No,No,Yes,Yes,No,Yes,Month-to-month,Yes,Electronic check,48.11,1718.58,1,1,4.9,Yes
CUST-03174,Male,0,No,No,60,Yes,No,Fiber optic,Yes,No,Yes,No,No,Yes,Month-to-month,No,Mailed check,80.46,5083.12,1,0,5.0,No
CUST-03175,Female,0,No,No,71,Yes,Yes,Fiber optic,No,No,Yes,No,Yes,Yes,Month-to-month,No,Electronic check,108.05,7068.11,2,3,4.7,No
CUST-03176,Female,1,Yes,Yes,40,Yes,No,No,No internet service,No internet service,No internet service,No internet service,No internet service,No internet service,Month-to-month,No,Mailed check,28.85,1110.5,1,2,4.5,No
CUST-03177,Female,0,Yes,Yes,7,Yes,No,DSL,No,No,No,No,Yes,No,One year,Yes,Credit card (automatic),50.32,359.19,0,0,4.7,No
CUST-03178,Male,0,No,No,26,Yes,No,Fiber optic,No,No,No,Yes,No,No,One year,Yes,Electronic check,104.79,2721.87,4,0,4.2,No
CUST-03179,Male,0,Yes,No,15,Yes,Yes,Fiber optic,No,Yes,Yes,No,Yes,Yes,Month-to-month,No,Electronic check,109.65,1766.84,3,5,3.6,Yes
CUST-03180,Male,0,Yes,No,34,Yes,Yes,Fiber optic,No,No,No,No,No,No,Two year,No,Credit card (automatic),117.74,3919.91,6,0,3.8,No
CUST-03181,Male,0,Yes,No,17,Yes,Yes,DSL,No,Yes,No,No,No,Yes,Month-to-month,No,Electronic check,70.35,1219.01,0,1,4.8,No
CUST-03182,Male,0,No,No,6,Yes,Yes,No,No internet service,No internet service,No internet service,No internet service,No internet service,No internet service,One year,No,Electronic check,25.25,149.74,2,1,4.1,No
CUST-03183,Female,0,No,No,13,Yes,Yes,No,No internet service,No internet service,No internet service,No internet service,No internet service,No internet service,Two year,Yes,Electronic check,18.0,235.84,2,0,4.3,No
CUST-03184,Male,0,No,No,36,No,No phone service,Fiber optic,No,Yes,No,Yes,No,Yes,Month-to-month,Yes,Bank transfer (automatic),108.05,3652.62,2,1,5.0,Yes
CUST-03185,Female,0,No,No,11,Yes,Yes,DSL,No,Yes,Yes,Yes,Yes,No,Month-to-month,No,Credit card (automatic),50.07,550.27,1,2,5.0,No
CUST-03186,Female,0,Yes,Yes,3,Yes,Yes,Fiber optic,No,Yes,Yes,No,Yes,Yes,Month-to-month,No,Mailed check,71.4,208.97,5,3,2.6,No
CUST-03187,Female,0,Yes,No,21,Yes,Yes,Fiber optic,No,No,No,No,No,No,Month-to-month,Yes,Credit card (automatic),114.54,2292.85,3,2,4.5,Yes
CUST-03188,Male,0,Yes,No,47,Yes,No,Fiber optic,No,Yes,No,No,No,Yes,Two year,Yes,Electronic check,95.9,4456.32,1,0,4.6,No
CUST-03189,Male,0,Yes,No,46,Yes,Yes,Fiber optic,No,No,No,No,Yes,Yes,Month-to-month,Yes,Credit card (automatic),89.49,4276.36,1,2,4.6,No
CUST-03190,Female,0,Yes,No,29,Yes,Yes,Fiber optic,No,No,No,Yes,No,No,Two year,Yes,Mailed check,78.25,2450.29,3,0,4.0,No
CUST-03191,Male,0,No,No,48,Yes,No,No,No internet service,No internet service,No internet service,No internet service,No internet service,No internet service,One year,Yes,Electronic check,41.92,2126.64,1,0,4.1,No
CUST-03192,Female,0,Yes,Yes,14,Yes,Yes,No,No internet service,No internet service,No internet service,No internet service,No internet service,No internet service,Two year,No,Bank transfer (automatic),43.48,654.81,2,0,4.9,No
CUST-03193,Female,0,Yes,Yes,53,Yes,Yes,Fiber optic,No,Yes,No,No,Yes,No,Month-to-month,Yes,Electronic check,117.05,5999.19,4,2,4.1,No
CUST-03194,Male,0,Yes,No,2,Yes,Yes,DSL,No,Yes,No,Yes,Yes,No,One year,Yes,Electronic check,36.44,75.16,3,1,4.7,No
CUST-03195,Female,0,Yes,Yes,10,Yes,No,DSL,Yes,Yes,No,No,No,No,Month-to-month,Yes,Mailed check,60.68,635.09,0,1,4.3,Yes
CUST-03196,Male,0,Yes,No,67,No,No phone service,DSL,No,No,No,Yes,Yes,Yes,Month-to-month,Yes,Electronic check,54.24,3484.46,1,1,4.7,No
CUST-03197,Male,0,Yes,Yes,34,Yes,No,Fiber optic,No,No,No,No,No,No,One year,Yes,Mailed check,69.71,2419.71,4,0,3.7,No
CUST-03198,Female,0,Yes,Yes,41,Yes,No,Fiber optic,No,Yes,Yes,No,Yes,No,Month-to-month,Yes,Credit card (automatic),87.35,3377.77,2,4,3.6,Yes
CUST-03199,Female,0,No,No,29,No,No phone service,No,No internet service,No internet service,No internet service,No internet service,No internet service,No internet service,Two year,No,Electronic check,36.75,1142.01,2,1,3.8,No
CUST-03200,Male,1,No,Yes,47,Yes,Yes,Fiber optic,Yes,Yes,No,No,No,Yes,Month-to-month,Yes,Mailed check,67.05,3377.15,2,2,3.9,No
CUST-03201,Female,0,No,No,54,Yes,No,DSL,No,Yes,Yes,Yes,No,No,Month-to-month,No,Bank transfer (automatic),63.58,3244.56,2,0,5.0,No
CUST-03202,Female,0,No,No,57,Yes,No,Fiber optic,Yes,No,No,No,No,No,Two year,Yes,Mailed check,89.44,5255.74,3,0,4.1,No
CUST-03203,Female,0,No,No,18,Yes,Yes,Fiber optic,No,No,No,Yes,No,No,Two year,No,Bank transfer (automatic),74.32,1439.65,3,0,4.6,Yes
CUST-03204,Male,0,No,Yes,46,Yes,No,DSL,No,No,No,No,No,No,Two year,No,Electronic check,45.13,1934.25,3,0,3.8,No
CUST-03205,Male,0,No,Yes,57,Yes,Yes,Fiber optic,No,No,No,No,Yes,No,One year,No,Mailed check,95.6,5701.07,4,0,3.8,No
CUST-03206,Female,0,No,No,30,Yes,Yes,DSL,No,Yes,No,Yes,No,No,One year,No,Bank transfer (automatic),47.55,1427.51,2,0,4.5,No
CUST-03207,Female,0,Yes,No,28,Yes,Yes,DSL,No,No,Yes,No,Yes,No,Month-to-month,Yes,Bank transfer (automatic),74.32,2026.81,3,3,3.5,Yes
CUST-03208,Female,0,Yes,No,46,Yes,Yes,Fiber optic,Yes,No,Yes,Yes,No,Yes,One year,Yes,Electronic check,89.38,4014.24,2,2,3.5,No
CUST-03209,Male,0,Yes,Yes,42,Yes,No,No,No internet service,No internet service,No internet service,No internet service,No internet service,No internet service,One year,Yes,Electronic check,18.0,739.3,1,0,5.0,No
CUST-03210,Male,1,Yes,Yes,19,Yes,No,No,No internet service,No internet service,No internet service,No internet service,No internet service,No internet service,Month-to-month,Yes,Bank transfer (automatic),21.31,384.73,3,1,4.1,No
CUST-03211,Female,0,No,Yes,69,Yes,Yes,DSL,No,No,Yes,No,Yes,No,Two year,Yes,Electronic check,78.23,4990.25,0,0,4.0,No
CUST-03212,Male,0,Yes,No,41,Yes,No,Fiber optic,No,No,Yes,No,Yes,Yes,Month-to-month,Yes,Electronic check,104.39,4313.89,2,1,3.9,No
CUST-03213,Male,0,No,Yes,41,Yes,No,No,No internet service,No internet service,No internet service,No internet service,No internet service,No internet service,One year,Yes,Mailed check,47.12,1931.28,0,0,5.0,No
CUST-03214,Female,0,No,Yes,15,Yes,Yes,No,No internet service,No internet service,No internet service,No internet service,No internet service,No internet service,One year,Yes,Mailed check,30.23,468.63,1,0,5.0,No
CUST-03215,Female,0,No,No,49,Yes,No,No,No internet service,No internet service,No internet service,No internet service,No internet service,No internet service,Month-to-month,No,Electronic check,33.74,1626.67,1,3,4.9,No
CUST-03216,Male,0,Yes,No,67,Yes,No,Fiber optic,No,No,No,No,Yes,Yes,Month-to-month,No,Mailed check,111.32,7916.12,5,4,3.3,Yes
CUST-03217,Male,0,Yes,No,53,Yes,Yes,No,No internet service,No internet service,No internet service,No internet service,No internet service,No internet service,One year,No,Mailed check,33.63,1848.8,0,0,5.0,No
CUST-03218,Male,0,Yes,Yes,37,Yes,No,Fiber optic,No,No,No,No,No,No,Two year,Yes,Electronic check,101.64,3847.05,2,0,4.9,No
CUST-03219,Female,0,No,No,46,Yes,No,DSL,Yes,Yes,Yes,No,No,Yes,Month-to-month,No,Mailed check,54.23,2486.54,1,2,4.2,No
CUST-03220,Male,0,No,Yes,17,Yes,No,DSL,No,Yes,No,Yes,No,No,One year,Yes,Bank transfer (automatic),61.69,990.59,1,0,4.9,No
CUST-03221,Female,0,No,No,5,Yes,No,No,No internet service,No internet service,No internet service,No internet service,No internet service,No internet service,Month-to-month,Yes,Credit card (automatic),45.32,210.34,4,3,2.9,No
CUST-03222,Male,0,No,No,47,Yes,No,No,No internet service,No internet service,No internet service,No internet service,No internet service,No internet service,Month-to-month,Yes,Credit card (automatic),31.98,1552.49,1,1,4.1,No
CUST-03223,Female,0,No,Yes,14,Yes,Yes,Fiber optic,No,No,Yes,No,Yes,Yes,Month-to-month,Yes,Bank transfer (automatic),111.37,1459.4,2,1,4.7,Yes
CUST-03224,Female,0,No,No,7,Yes,No,Fiber optic,No,Yes,No,No,No,No,Month-to-month,Yes,Electronic check,107.69,706.59,6,1,4.4,Yes
CUST-03225,Female,0,Yes,No,56,Yes,No,DSL,No,Yes,No,No,Yes,No,Month-to-month,No,Credit card (automatic),63.95,3466.41,1,3,4.5,No
CUST-03226,Female,0,Yes,No,32,Yes,Yes,Fiber optic,Yes,Yes,No,Yes,Yes,No,Month-to-month,No,Electronic check,97.52,3329.44,4,2,4.3,No
CUST-03227,Female,0,Yes,Yes,62,Yes,No,Fiber optic,No,No,Yes,Yes,No,Yes,Month-to-month,Yes,Electronic check,83.53,5334.15,6,1,3.6,Yes
CUST-03228,Male,0,No,No,63,Yes,No,Fiber optic,No,No,Yes,No,No,No,Month-to-month,Yes,Electronic check,79.91,5197.37,3,1,4.6,No
CUST-03229,Female,0,No,Yes,9,Yes,No,Fiber optic,No,No,Yes,No,Yes,No,Two year,No,Electronic check,104.15,976.52,2,0,4.3,Yes
CUST-03230,Female,0,No,No,56,Yes,Yes,Fiber optic,No,No,No,No,Yes,Yes,One year,Yes,Mailed check,106.68,6251.25,2,0,5.0,No
CUST-03231,Female,1,No,Yes,25,Yes,Yes,No,No internet service,No internet service,No internet service,No internet service,No internet service,No internet service,Two year,No,Credit card (automatic),42.18,1138.05,0,0,4.9,No
CUST-03232,Male,0,No,No,51,Yes,No,No,No internet service,No internet service,No internet service,No internet service,No internet service,No internet service,One year,Yes,Electronic check,45.62,2171.97,3,0,4.0,No
CUST-03233,Female,0,Yes,No,4,No,No phone service,DSL,No,Yes,No,No,No,Yes,Month-to-month,Yes,Electronic check,50.58,189.6,1,1,5.0,No
CUST-03234,Male,0,Yes,No,34,Yes,Yes,DSL,Yes,No,No,No,No,Yes,One year,Yes,Electronic check,72.16,2638.22,0,0,5.0,No
CUST-03235,Female,0,No,No,46,Yes,Yes,DSL,No,Yes,Yes,No,No,Yes,Month-to-month,No,Electronic check,70.18,3212.74,3,1,3.7,No
CUST-03236,Female,0,No,No,33,Yes,No,DSL,No,Yes,No,No,Yes,Yes,Month-to-month,Yes,Bank transfer (automatic),50.43,1770.64,0,1,5.0,No
CUST-03237,Male,0,No,No,40,Yes,Yes,Fiber optic,Yes,No,No,Yes,Yes,No,Month-to-month,No,Electronic check,83.06,3344.24,2,6,3.9,No
CUST-03238,Female,0,Yes,No,1,Yes,No,Fiber optic,No,Yes,Yes,No,No,Yes,Month-to-month,Yes,Mailed check,74.76,77.08,5,2,4.2,No
CUST-03239,Female,0,No,No,1,Yes,No,DSL,Yes,Yes,No,No,No,No,One year,Yes,Bank transfer (automatic),63.32,63.66,3,0,4.4,No
CUST-03240,Male,0,No,Yes,44,Yes,Yes,No,No internet service,No internet service,No internet service,No internet service,No internet service,No internet service,Month-to-month,Yes,Electronic check,35.86,1688.38,3,2,3.8,No
CUST-03241,Male,0,No,No,30,Yes,No,Fiber optic,No,No,Yes,No,No,No,Month-to-month,No,Electronic check,89.32,2513.7,5,1,3.9,Yes
CUST-03242,Male,0,Yes,Yes,42,Yes,No,DSL,No,No,Yes,No,Yes,No,One year,Yes,Credit card (automatic),58.77,2304.79,1,0,5.0,No
CUST-03243,Female,0,No,No,26,Yes,Yes,Fiber optic,Yes,No,No,No,Yes,No,One year,Yes,Electronic check,68.77,1897.73,1,1,4.5,No
CUST-03244,Female,0,No,No,1,Yes,Yes,Fiber optic,Yes,No,No,No,Yes,No,Month-to-month,Yes,Credit card (automatic),118.81,112.67,4,3,3.4,Yes
CUST-03245,Female,0,No,Yes,51,Yes,No,Fiber optic,No,Yes,Yes,No,No,Yes,Month-to-month,Yes,Credit card (automatic),79.23,4301.99,2,1,4.6,Yes
CUST-03246,Female,0,No,No,10,Yes,No,Fiber optic,No,No,Yes,Yes,No,Yes,One year,Yes,Credit card (automatic),88.3,812.69,3,0,4.3,No
CUST-03247,Female,1,No,No,57,Yes,No,DSL,Yes,No,Yes,No,Yes,No,One year,Yes,Mailed check,56.34,3449.83,3,0,4.0,No
CUST-03248,Male,1,No,No,1,Yes,No,Fiber optic,Yes,No,No,No,No,No,Month-to-month,Yes,Bank transfer (automatic),68.53,64.59,2,2,3.9,Yes
CUST-03249,Male,0,No,No,67,Yes,Yes,No,No internet service,No internet service,No internet service,No internet service,No internet service,No internet service,One year,Yes,Electronic check,29.82,1891.21,1,2,4.2,No
CUST-03250,Male,0,Yes,Yes,19,Yes,No,Fiber optic,No,No,Yes,No,Yes,No,One year,Yes,Electronic check,101.75,1843.42,3,0,3.4,No
CUST-03251,Male,0,Yes,Yes,65,Yes,No,Fiber optic,Yes,Yes,No,No,Yes,No,One year,Yes,Mailed check,100.33,6836.83,2,0,5.0,No
CUST-03252,Female,0,Yes,Yes,1,Yes,Yes,No,No internet service,No internet service,No internet service,No internet service,No internet service,No internet service,Month-to-month,Yes,Electronic check,23.04,22.55,2,4,4.8,No
CUST-03253,Male,0,No,No,33,Yes,Yes,No,No internet service,No internet service,No internet service,No internet service,No internet service,No internet service,Two year,No,Bank transfer (automatic),44.68,1462.02,1,0,5.0,No
CUST-03254,Male,0,Yes,Yes,31,No,No phone service,No,No internet service,No internet service,No internet service,No internet service,No internet service,No internet service,One year,Yes,Mailed check,28.45,860.31,2,0,4.3,No
CUST-03255,Male,1,Yes,No,12,Yes,No,DSL,No,No,Yes,No,No,No,Month-to-month,Yes,Electronic check,52.32,615.91,3,5,3.7,No
CUST-03256,Male,1,No,No,35,Yes,No,DSL,Yes,Yes,Yes,No,No,No,Two year,Yes,Bank transfer (automatic),51.41,1771.97,2,0,5.0,No
CUST-03257,Male,0,No,No,16,Yes,No,No,No internet service,No internet service,No internet service,No internet service,No internet service,No internet service,One year,Yes,Mailed check,41.09,685.44,3,0,4.3,No
CUST-03258,Male,0,Yes,No,32,Yes,Yes,No,No internet service,No internet service,No internet service,No internet service,No internet service,No internet service,Month-to-month,Yes,Mailed check,37.08,1199.28,2,3,5.0,No
CUST-03259,Female,0,Yes,No,27,Yes,Yes,Fiber optic,Yes,Yes,No,Yes,No,Yes,Two year,Yes,Bank transfer (automatic),99.3,2804.7,6,0,5.0,No
CUST-03260,Male,0,No,No,15,No,No phone service,No,No internet service,No internet service,No internet service,No internet service,No internet service,No internet service,One year,Yes,Credit card (automatic),32.99,500.52,2,0,4.3,No
CUST-03261,Male,1,Yes,No,57,Yes,No,Fiber optic,No,Yes,No,No,No,No,Month-to-month,No,Electronic check,90.33,4781.67,1,3,4.1,No
CUST-03262,Male,0,Yes,No,38,Yes,No,DSL,Yes,Yes,No,No,No,No,Month-to-month,Yes,Electronic check,67.17,2701.74,2,2,4.8,No
CUST-03263,Female,0,Yes,No,61,Yes,Yes,No,No internet service,No internet service,No internet service,No internet service,No internet service,No internet service,Month-to-month,Yes,Electronic check,36.41,2118.51,3,1,4.5,No
CUST-03264,Female,0,Yes,No,59,Yes,Yes,No,No internet service,No internet service,No internet service,No internet service,No internet service,No internet service,Month-to-month,No,Electronic check,52.43,2976.54,1,2,4.5,No
CUST-03265,Female,0,No,No,19,Yes,Yes,Fiber optic,No,No,No,No,No,Yes,Month-to-month,No,Bank transfer (automatic),113.19,2120.82,1,1,5.0,Yes
CUST-03266,Female,0,Yes,No,21,Yes,No,Fiber optic,No,No,No,No,No,No,Month-to-month,Yes,Bank transfer (automatic),115.07,2538.55,2,1,4.6,No
CUST-03267,Female,0,No,No,69,Yes,Yes,Fiber optic,No,No,No,No,Yes,Yes,Month-to-month,Yes,Electronic check,80.46,5365.09,5,4,3.2,No
CUST-03268,Female,0,Yes,No,23,Yes,Yes,Fiber optic,No,No,No,Yes,Yes,Yes,Month-to-month,No,Credit card (automatic),72.08,1533.73,2,2,4.3,No
CUST-03269,Male,0,Yes,Yes,7,No,No phone service,Fiber optic,No,No,No,No,No,Yes,Month-to-month,Yes,Electronic check,111.1,817.98,1,5,4.2,No
CUST-03270,Female,0,Yes,No,40,Yes,Yes,Fiber optic,Yes,Yes,No,No,No,Yes,One year,No,Electronic check,84.11,3385.23,2,1,4.2,No
CUST-03271,Male,0,No,Yes,70,Yes,No,Fiber optic,Yes,No,No,No,Yes,Yes,Month-to-month,Yes,Credit card (automatic),99.71,6609.8,4,1,3.8,No
CUST-03272,Male,0,Yes,No,17,Yes,No,DSL,No,No,No,Yes,No,No,Month-to-month,Yes,Mailed check,70.28,1260.73,3,2,4.7,Yes
CUST-03273,Female,0,Yes,Yes,46,Yes,Yes,DSL,No,Yes,No,No,No,Yes,Month-to-month,Yes,Mailed check,68.07,3323.06,1,2,3.4,No
CUST-03274,Male,0,Yes,No,25,Yes,Yes,DSL,No,No,No,Yes,No,No,One year,Yes,Electronic check,65.6,1634.26,1,1,4.7,No
CUST-03275,Male,0,No,Yes,28,Yes,No,Fiber optic,No,No,No,Yes,Yes,No,Month-to-month,Yes,Electronic check,114.36,3380.67,3,2,4.0,Yes
CUST-03276,Female,0,Yes,Yes,33,Yes,No,Fiber optic,Yes,No,No,No,No,No,One year,Yes,Electronic check,97.61,3157.67,2,0,5.0,No
CUST-03277,Male,0,No,No,11,Yes,No,Fiber optic,No,No,Yes,No,No,No,Month-to-month,No,Credit card (automatic),91.61,1070.3,3,2,4.3,Yes
CUST-03278,Male,0,No,No,28,Yes,No,Fiber optic,No,No,No,Yes,Yes,Yes,One year,Yes,Bank transfer (automatic),120.0,3261.52,6,0,4.6,No
CUST-03279,Female,0,No,Yes,20,Yes,No,DSL,No,No,Yes,Yes,Yes,Yes,Two year,No,Mailed check,50.39,1081.17,2,1,3.9,No
CUST-03280,Female,0,No,Yes,59,Yes,No,No,No internet service,No internet service,No internet service,No internet service,No internet service,No internet service,One year,No,Bank transfer (automatic),41.81,2563.46,1,0,4.8,No
CUST-03281,Male,0,Yes,Yes,17,Yes,Yes,Fiber optic,No,No,Yes,Yes,No,No,One year,No,Electronic check,72.67,1292.94,0,0,4.7,No
CUST-03282,Female,0,No,No,62,Yes,Yes,Fiber optic,Yes,No,Yes,No,Yes,Yes,Month-to-month,No,Mailed check,120.0,7995.8,4,0,5.0,Yes
CUST-03283,Female,0,No,No,2,Yes,No,DSL,No,Yes,No,Yes,No,Yes,Month-to-month,Yes,Credit card (automatic),56.02,115.98,2,3,3.1,No
CUST-03284,Male,0,Yes,No,30,Yes,Yes,Fiber optic,No,No,Yes,No,No,No,Month-to-month,Yes,Electronic check,89.77,2556.83,6,3,3.4,Yes
CUST-03285,Male,0,No,No,20,Yes,No,Fiber optic,No,No,No,Yes,Yes,Yes,One year,Yes,Credit card (automatic),80.14,1701.13,3,0,4.3,Yes
CUST-03286,Male,0,Yes,No,33,Yes,No,Fiber optic,No,No,No,No,Yes,No,One year,No,Electronic check,71.07,2373.4,0,0,5.0,No
CUST-03287,Male,0,No,No,56,Yes,Yes,DSL,No,No,No,Yes,Yes,Yes,Month-to-month,Yes,Credit card (automatic),40.22,2390.34,1,2,5.0,No
CUST-03288,Male,1,No,No,69,Yes,No,Fiber optic,No,No,Yes,No,No,Yes,One year,Yes,Electronic check,83.4,5534.21,1,0,5.0,No
CUST-03289,Male,0,No,Yes,53,Yes,No,No,No internet service,No internet service,No internet service,No internet service,No internet service,No internet service,One year,Yes,Electronic check,34.31,1724.71,0,0,5.0,No
CUST-03290,Male,1,Yes,No,37,Yes,Yes,No,No internet service,No internet service,No internet service,No internet service,No internet service,No internet service,Two year,Yes,Mailed check,19.57,668.11,1,0,4.0,No
CUST-03291,Male,0,No,No,37,Yes,No,No,No internet service,No internet service,No internet service,No internet service,No internet service,No internet service,Two year,Yes,Electronic check,28.45,1062.63,2,0,5.0,No
CUST-03292,Male,1,No,No,72,Yes,No,DSL,Yes,No,No,No,No,No,Month-to-month,Yes,Electronic check,61.81,4152.78,0,3,4.4,No
CUST-03293,Male,1,Yes,No,72,Yes,No,Fiber optic,Yes,No,No,No,Yes,Yes,Two year,Yes,Electronic check,82.06,6016.07,4,0,4.2,No
CUST-03294,Male,1,No,No,55,Yes,Yes,DSL,No,No,Yes,Yes,Yes,No,Month-to-month,Yes,Mailed check,65.37,3554.7,1,0,4.3,No
CUST-03295,Male,0,No,No,12,Yes,No,Fiber optic,No,Yes,No,Yes,No,Yes,Month-to-month,Yes,Electronic check,82.61,1064.03,6,3,4.0,Yes
CUST-03296,Female,0,No,No,20,Yes,No,Fiber optic,No,No,No,No,Yes,No,Month-to-month,Yes,Credit card (automatic),86.98,1649.72,4,2,4.4,No
CUST-03297,Male,0,No,Yes,20,Yes,Yes,Fiber optic,No,No,No,No,Yes,No,Month-to-month,No,Electronic check,97.06,1925.6,2,2,4.5,No
CUST-03298,Female,0,Yes,No,17,Yes,Yes,No,No internet service,No internet service,No internet service,No internet service,No internet service,No internet service,One year,No,Electronic check,26.66,487.02,0,1,4.7,No
CUST-03299,Female,0,Yes,No,70,Yes,No,No,No internet service,No internet service,No internet service,No internet service,No internet service,No internet service,Month-to-month,Yes,Bank transfer (automatic),31.09,2293.76,5,2,4.1,No
CUST-03300,Female,1,Yes,Yes,12,Yes,Yes,DSL,No,No,No,No,No,Yes,One year,No,Credit card (automatic),61.98,716.99,3,3,4.0,Yes
CUST-03301,Female,0,Yes,No,62,Yes,No,No,No internet service,No internet service,No internet service,No internet service,No internet service,No internet service,One year,Yes,Mailed check,32.33,2146.44,3,0,4.9,Yes
CUST-03302,Male,0,Yes,Yes,59,Yes,Yes,No,No internet service,No internet service,No internet service,No internet service,No internet service,No internet service,Month-to-month,Yes,Mailed check,38.93,2414.0,3,0,4.0,No
CUST-03303,Female,0,No,Yes,39,Yes,No,Fiber optic,No,Yes,No,No,No,No,Month-to-month,No,Mailed check,118.97,4305.92,3,1,4.8,No
CUST-03304,Male,0,Yes,No,23,Yes,No,DSL,Yes,No,Yes,No,No,No,Month-to-month,Yes,Electronic check,49.16,1060.44,0,1,5.0,No
CUST-03305,Male,0,No,No,20,Yes,Yes,DSL,No,Yes,No,No,Yes,Yes,Month-to-month,Yes,Electronic check,57.67,1207.12,0,1,5.0,No
CUST-03306,Male,0,Yes,No,49,Yes,No,Fiber optic,No,No,No,No,No,No,One year,No,Mailed check,120.0,6233.44,1,2,4.3,No
CUST-03307,Male,0,Yes,No,49,Yes,Yes,DSL,Yes,No,No,No,No,Yes,Month-to-month,No,Credit card (automatic),62.97,3283.17,1,1,4.7,No
CUST-03308,Male,1,No,Yes,39,Yes,No,DSL,Yes,No,Yes,Yes,Yes,No,Month-to-month,Yes,Mailed check,45.3,1818.5,1,0,5.0,No
CUST-03309,Male,0,No,No,41,Yes,No,DSL,No,No,Yes,Yes,No,Yes,Month-to-month,Yes,Electronic check,67.6,2812.0,2,5,4.8,Yes
CUST-03310,Female,0,Yes,Yes,60,Yes,No,Fiber optic,Yes,Yes,No,No,Yes,Yes,Two year,No,Electronic check,112.75,6887.34,8,0,3.2,No
CUST-03311,Female,0,No,Yes,55,Yes,Yes,Fiber optic,No,No,Yes,No,Yes,No,Two year,No,Credit card (automatic),88.08,4743.79,4,0,4.3,No
CUST-03312,Male,1,No,No,55,Yes,No,DSL,No,Yes,Yes,Yes,No,No,Month-to-month,No,Credit card (automatic),45.55,2697.26,2,1,4.8,Yes
CUST-03313,Female,1,Yes,No,21,Yes,No,No,No internet service,No internet service,No internet service,No internet service,No internet service,No internet service,Month-to-month,No,Bank transfer (automatic),21.03,457.55,3,2,4.0,No
CUST-03314,Male,0,No,Yes,5,No,No phone service,DSL,Yes,Yes,No,No,Yes,Yes,Month-to-month,No,Mailed check,74.81,359.09,0,3,4.3,No
CUST-03315,Male,0,No,Yes,34,No,No phone service,Fiber optic,No,Yes,No,No,No,Yes,Two year,Yes,Bank transfer (automatic),113.89,4079.04,3,1,4.7,No
CUST-03316,Female,0,Yes,No,25,Yes,Yes,Fiber optic,Yes,No,No,No,No,Yes,Month-to-month,Yes,Credit card (automatic),116.54,2809.03,2,3,4.4,Yes
CUST-03317,Female,0,No,Yes,25,Yes,No,Fiber optic,No,No,No,Yes,No,No,Month-to-month,No,Mailed check,76.43,2045.59,6,1,4.3,Yes
CUST-03318,Male,0,No,No,38,Yes,No,DSL,Yes,No,No,No,Yes,Yes,Month-to-month,Yes,Credit card (automatic),69.5,2706.26,2,1,4.9,No
CUST-03319,Male,0,Yes,No,67,Yes,No,Fiber optic,No,No,No,No,Yes,No,Two year,Yes,Credit card (automatic),85.31,5561.02,3,0,4.4,No
CUST-03320,Male,0,No,Yes,58,Yes,Yes,Fiber optic,No,No,Yes,Yes,No,Yes,Month-to-month,Yes,Electronic check,103.42,5980.18,1,3,3.8,No
CUST-03321,Male,0,Yes,No,49,Yes,No,DSL,No,No,Yes,No,No,No,Two year,No,Mailed check,78.14,3785.08,0,0,5.0,No
CUST-03322,Male,0,Yes,No,52,Yes,Yes,Fiber optic,No,No,Yes,Yes,No,Yes,One year,Yes,Bank transfer (automatic),120.0,6527.24,3,1,4.1,Yes
CUST-03323,Female,1,Yes,No,30,Yes,No,DSL,No,No,Yes,No,No,Yes,Month-to-month,Yes,Electronic check,66.19,1955.63,2,3,4.5,No
CUST-03324,Female,0,Yes,No,40,No,No phone service,No,No internet service,No internet service,No internet service,No internet service,No internet service,No internet service,Two year,Yes,Electronic check,37.61,1571.9,1,0,5.0,No
CUST-03325,Male,0,Yes,No,32,No,No phone service,Fiber optic,No,No,Yes,No,No,Yes,One year,Yes,Mailed check,115.22,3700.22,4,1,4.7,No
CUST-03326,Female,0,Yes,No,59,Yes,Yes,DSL,No,No,No,No,No,No,One year,Yes,Credit card (automatic),43.89,2768.76,2,0,4.5,Yes
CUST-03327,Male,1,No,No,72,Yes,Yes,No,No internet service,No internet service,No internet service,No internet service,No internet service,No internet service,Month-to-month,No,Bank transfer (automatic),35.2,2598.3,0,4,4.0,No
CUST-03328,Male,0,Yes,No,32,Yes,No,Fiber optic,No,No,Yes,No,No,No,Two year,No,Mailed check,110.48,3478.9,2,0,5.0,No
CUST-03329,Male,0,Yes,Yes,52,Yes,No,Fiber optic,No,No,No,No,No,Yes,Two year,Yes,Mailed check,90.33,4669.35,3,1,4.6,No
CUST-03330,Female,0,No,No,5,Yes,No,No,No internet service,No internet service,No internet service,No internet service,No internet service,No internet service,Two year,Yes,Bank transfer (automatic),30.92,159.14,0,0,5.0,No
CUST-03331,Female,0,Yes,Yes,29,Yes,No,Fiber optic,No,No,Yes,Yes,No,Yes,Month-to-month,Yes,Credit card (automatic),116.97,3560.67,2,0,5.0,No
CUST-03332,Female,1,No,No,63,Yes,No,DSL,No,No,No,Yes,Yes,No,Two year,No,Electronic check,89.69,5470.05,1,0,4.8,No
CUST-03333,Male,0,No,No,50,Yes,No,No,No internet service,No internet service,No internet service,No internet service,No internet service,No internet service,Month-to-month,Yes,Bank transfer (automatic),40.18,1908.71,1,3,4.1,No
CUST-03334,Female,0,Yes,No,38,No,No phone service,No,No internet service,No internet service,No internet service,No internet service,No internet service,No internet service,Month-to-month,Yes,Electronic check,40.45,1479.35,3,3,3.7,No
CUST-03335,Male,0,Yes,Yes,16,Yes,No,DSL,Yes,Yes,Yes,Yes,No,Yes,One year,Yes,Bank transfer (automatic),70.19,1107.05,2,2,4.1,No
CUST-03336,Male,0,No,No,59,Yes,Yes,DSL,Yes,No,Yes,No,No,No,One year,Yes,Bank transfer (automatic),44.29,2446.72,4,0,5.0,No
CUST-03337,Female,0,Yes,No,70,Yes,No,Fiber optic,No,No,No,Yes,No,Yes,Month-to-month,No,Bank transfer (automatic),90.36,6821.43,0,3,4.1,No
CUST-03338,Male,0,No,No,29,Yes,No,Fiber optic,Yes,No,No,No,No,Yes,Month-to-month,Yes,Electronic check,84.04,2374.65,6,0,4.4,No
CUST-03339,Female,0,No,No,59,Yes,Yes,DSL,No,No,Yes,No,No,No,Month-to-month,Yes,Credit card (automatic),59.69,3796.46,1,1,5.0,Yes
CUST-03340,Female,0,No,No,43,Yes,No,No,No internet service,No internet service,No internet service,No internet service,No internet service,No internet service,Two year,Yes,Electronic check,30.86,1381.03,3,1,3.9,No
CUST-03341,Female,1,Yes,No,29,Yes,No,DSL,No,Yes,No,No,Yes,Yes,Month-to-month,No,Credit card (automatic),31.28,854.22,0,2,5.0,Yes
CUST-03342,Male,1,No,No,24,Yes,Yes,No,No internet service,No internet service,No internet service,No internet service,No internet service,No internet service,One year,Yes,Electronic check,36.38,832.82,5,0,3.6,Yes
CUST-03343,Male,1,Yes,Yes,37,Yes,Yes,No,No internet service,No internet service,No internet service,No internet service,No internet service,No internet service,Two year,Yes,Mailed check,18.35,675.49,1,1,4.9,No
CUST-03344,Female,0,No,No,30,No,No phone service,DSL,No,Yes,No,No,No,Yes,Two year,Yes,Electronic check,69.61,2157.49,1,0,4.3,No
CUST-03345,Female,0,No,No,45,No,No phone service,Fiber optic,No,Yes,No,No,No,No,Month-to-month,No,Electronic check,99.14,4541.52,2,1,4.5,No
CUST-03346,Female,0,Yes,Yes,11,Yes,Yes,DSL,No,No,No,No,Yes,No,One year,No,Mailed check,50.03,559.49,1,1,5.0,No
CUST-03347,Female,1,Yes,No,35,No,No phone service,Fiber optic,Yes,No,No,No,Yes,No,Month-to-month,No,Credit card (automatic),73.41,2654.7,4,2,3.6,Yes
CUST-03348,Male,0,Yes,No,54,Yes,No,Fiber optic,Yes,No,Yes,Yes,No,Yes,One year,Yes,Bank transfer (automatic),80.67,4264.07,3,1,4.8,No
CUST-03349,Male,0,No,Yes,61,No,No phone service,Fiber optic,No,No,Yes,Yes,Yes,No,Month-to-month,No,Bank transfer (automatic),113.64,7066.07,2,0,5.0,No
CUST-03350,Female,0,Yes,No,21,No,No phone service,Fiber optic,No,Yes,Yes,Yes,No,No,Two year,Yes,Electronic check,86.19,1935.84,2,0,4.1,No
CUST-03351,Male,0,No,No,44,Yes,Yes,Fiber optic,No,No,No,No,No,Yes,One year,Yes,Credit card (automatic),77.62,3146.63,0,0,4.3,No
CUST-03352,Female,1,No,No,22,Yes,No,DSL,No,No,Yes,Yes,No,No,Month-to-month,No,Electronic check,73.0,1659.03,2,0,4.0,No
CUST-03353,Male,0,Yes,No,57,Yes,Yes,DSL,Yes,No,Yes,No,Yes,Yes,Two year,No,Mailed check,55.64,3074.27,1,0,4.8,No
CUST-03354,Female,0,No,No,26,Yes,No,Fiber optic,No,Yes,Yes,Yes,No,No,Two year,Yes,Credit card (automatic),120.0,3315.69,4,0,4.8,No
CUST-03355,Female,0,Yes,No,49,Yes,No,No,No internet service,No internet service,No internet service,No internet service,No internet service,No internet service,Month-to-month,Yes,Electronic check,27.78,1448.22,2,1,4.7,No
CUST-03356,Male,0,Yes,Yes,32,Yes,No,Fiber optic,No,Yes,No,No,No,No,One year,Yes,Electronic check,76.28,2250.46,4,0,3.4,Yes
CUST-03357,Male,0,No,Yes,20,Yes,No,Fiber optic,No,No,No,No,No,No,Two year,No,Credit card (automatic),80.7,1736.24,4,0,4.3,Yes
CUST-03358,Female,1,Yes,Yes,42,Yes,No,No,No internet service,No internet service,No internet service,No internet service,No internet service,No internet service,Two year,No,Electronic check,49.43,1912.84,1,0,4.5,No
CUST-03359,Male,0,No,Yes,45,Yes,No,DSL,No,No,No,Yes,Yes,No,Two year,No,Mailed check,70.7,3164.52,4,0,3.7,No
CUST-03360,Female,0,No,Yes,50,Yes,Yes,No,No internet service,No internet service,No internet service,No internet service,No internet service,No internet service,One year,Yes,Credit card (automatic),33.68,1592.64,2,2,3.9,No
CUST-03361,Female,0,Yes,No,57,Yes,Yes,DSL,No,No,No,Yes,Yes,Yes,Month-to-month,Yes,Electronic check,49.78,2870.79,3,1,4.3,No
CUST-03362,Female,0,No,No,49,Yes,No,DSL,No,No,No,No,No,Yes,Month-to-month,Yes,Bank transfer (automatic),69.94,3408.95,0,0,4.7,No
CUST-03363,Male,0,Yes,Yes,62,No,No phone service,No,No internet service,No internet service,No internet service,No internet service,No internet service,No internet service,Month-to-month,No,Bank transfer (automatic),48.45,2947.02,4,0,4.1,No
CUST-03364,Female,0,No,No,31,Yes,Yes,Fiber optic,Yes,No,Yes,No,Yes,No,One year,No,Electronic check,83.15,2743.62,1,0,4.4,Yes
CUST-03365,Male,1,No,Yes,37,Yes,Yes,No,No internet service,No internet service,No internet service,No internet service,No internet service,No internet service,Two year,Yes,Electronic check,29.08,1072.69,0,0,5.0,No
CUST-03366,Female,0,No,No,35,Yes,Yes,Fiber optic,Yes,No,No,No,Yes,No,Month-to-month,Yes,Bank transfer (automatic),108.57,3600.73,4,0,4.1,Yes
CUST-03367,Female,0,No,No,42,Yes,No,DSL,Yes,Yes,No,Yes,No,No,One year,Yes,Electronic check,42.99,1852.04,1,0,4.6,No
CUST-03368,Male,0,Yes,No,11,Yes,No,DSL,No,No,Yes,No,No,Yes,Month-to-month,Yes,Bank transfer (automatic),77.99,855.55,0,0,5.0,Yes
CUST-03369,Male,0,No,Yes,62,Yes,Yes,Fiber optic,No,Yes,Yes,Yes,Yes,No,Month-to-month,Yes,Credit card (automatic),100.42,5940.89,3,3,4.2,No
CUST-03370,Male,0,Yes,No,38,No,No phone service,Fiber optic,No,Yes,No,No,No,No,Month-to-month,No,Electronic check,90.56,3287.67,1,3,3.3,Yes
CUST-03371,Female,1,No,No,40,Yes,No,Fiber optic,No,Yes,No,No,No,No,Month-to-month,Yes,Electronic check,83.82,3507.36,2,5,3.6,No
CUST-03372,Male,0,Yes,Yes,64,Yes,Yes,DSL,No,Yes,No,Yes,No,No,One year,Yes,Bank transfer (automatic),65.03,4449.45,1,1,5.0,No
CUST-03373,Male,1,Yes,No,34,Yes,No,DSL,No,Yes,No,No,No,No,One year,No,Bank transfer (automatic),42.31,1443.47,1,0,5.0,No
CUST-03374,Female,0,Yes,No,34,Yes,No,Fiber optic,No,No,No,Yes,Yes,No,Month-to-month,Yes,Mailed check,94.72,3314.06,1,3,3.9,Yes
CUST-03375,Female,0,Yes,Yes,41,No,No phone service,DSL,No,No,No,Yes,Yes,Yes,Two year,No,Mailed check,73.11,2817.88,1,2,4.3,No
CUST-03376,Female,0,Yes,No,68,Yes,No,Fiber optic,Yes,No,No,No,No,No,Month-to-month,No,Credit card (automatic),97.71,6592.29,3,2,4.4,No
CUST-03377,Female,0,Yes,No,19,Yes,No,DSL,No,Yes,Yes,Yes,No,Yes,One year,Yes,Bank transfer (automatic),68.37,1290.28,3,0,4.3,No
CUST-03378,Female,1,No,No,12,Yes,No,No,No internet service,No internet service,No internet service,No internet service,No internet service,No internet service,Month-to-month,Yes,Mailed check,32.76,371.32,2,0,4.5,Yes
CUST-03379,Female,0,No,No,8,Yes,Yes,Fiber optic,No,No,No,No,No,No,Month-to-month,Yes,Electronic check,73.39,,5,2,4.0,Yes
CUST-03380,Male,0,Yes,No,54,Yes,Yes,DSL,No,No,Yes,No,Yes,No,One year,No,Electronic check,62.68,3478.4,2,1,5.0,No
CUST-03381,Female,0,No,Yes,1,Yes,Yes,Fiber optic,Yes,Yes,No,No,Yes,No,Month-to-month,No,Bank transfer (automatic),113.43,111.06,1,1,4.9,Yes
CUST-03382,Female,1,Yes,Yes,51,Yes,No,Fiber optic,Yes,No,Yes,Yes,No,No,One year,No,Electronic check,117.16,5861.27,1,0,5.0,No
CUST-03383,Female,0,No,No,64,Yes,Yes,Fiber optic,No,No,No,Yes,No,Yes,Month-to-month,No,Electronic check,115.54,7930.62,3,1,4.4,No
CUST-03384,Female,0,Yes,No,50,Yes,Yes,DSL,No,No,No,No,No,No,Month-to-month,Yes,Electronic check,75.0,3552.78,2,2,3.4,Yes
CUST-03385,Female,0,No,No,13,Yes,No,Fiber optic,No,No,No,No,No,No,Two year,Yes,Credit card (automatic),78.31,1066.92,2,1,4.2,No
CUST-03386,Male,1,Yes,Yes,48,Yes,No,No,No internet service,No internet service,No internet service,No internet service,No internet service,No internet service,One year,Yes,Bank transfer (automatic),36.49,1863.23,1,1,4.5,No
CUST-03387,Female,0,Yes,No,32,No,No phone service,DSL,No,Yes,Yes,No,Yes,Yes,One year,No,Credit card (automatic),56.46,1876.01,0,0,4.3,No
CUST-03388,Female,0,No,No,2,Yes,No,Fiber optic,No,Yes,Yes,No,Yes,No,Two year,Yes,Electronic check,89.34,174.15,4,0,4.5,Yes
CUST-03389,Male,1,No,No,15,No,No phone service,DSL,No,No,No,No,No,Yes,One year,Yes,Mailed check,83.2,1221.52,1,1,4.4,No
CUST-03390,Female,0,No,No,54,Yes,No,Fiber optic,No,No,No,No,Yes,Yes,Month-to-month,No,Bank transfer (automatic),93.62,4762.24,5,1,2.7,Yes
CUST-03391,Male,0,Yes,Yes,41,Yes,Yes,Fiber optic,Yes,No,No,No,Yes,Yes,One year,No,Credit card (automatic),87.3,3319.18,4,0,4.4,No
CUST-03392,Female,0,No,Yes,36,Yes,No,DSL,No,Yes,Yes,No,Yes,No,Month-to-month,Yes,Bank transfer (automatic),50.33,1748.28,2,2,4.6,No
CUST-03393,Female,0,No,Yes,56,Yes,Yes,DSL,No,Yes,No,No,No,Yes,Month-to-month,Yes,Electronic check,80.45,4381.05,1,2,4.8,No
CUST-03394,Male,0,Yes,No,38,No,No phone service,Fiber optic,No,No,No,Yes,Yes,No,One year,No,Bank transfer (automatic),109.64,3953.29,5,1,3.8,No
CUST-03395,Male,0,Yes,No,70,Yes,Yes,Fiber optic,No,No,No,No,Yes,No,One year,Yes,Mailed check,76.66,5614.31,1,1,4.6,No
CUST-03396,Female,0,Yes,No,4,Yes,Yes,No,No internet service,No internet service,No internet service,No internet service,No internet service,No internet service,One year,No,Electronic check,30.49,123.01,0,1,4.2,Yes
CUST-03397,Male,0,Yes,No,21,Yes,No,Fiber optic,Yes,Yes,No,No,Yes,No,Month-to-month,No,Credit card (automatic),78.16,1551.54,2,1,3.8,No
CUST-03398,Female,0,Yes,No,14,Yes,No,No,No internet service,No internet service,No internet service,No internet service,No internet service,No internet service,One year,Yes,Mailed check,23.29,302.87,0,2,4.9,No
CUST-03399,Male,0,Yes,No,30,Yes,Yes,No,No internet service,No internet service,No internet service,No internet service,No internet service,No internet service,Month-to-month,No,Mailed check,22.13,714.58,1,1,4.5,No
CUST-03400,Female,0,No,No,66,No,No phone service,DSL,No,Yes,No,No,No,No,Month-to-month,No,Credit card (automatic),63.48,4272.07,2,0,5.0,No
CUST-03401,Female,0,No,No,30,Yes,Yes,No,No internet service,No internet service,No internet service,No internet service,No internet service,No internet service,Two year,Yes,Credit card (automatic),22.22,614.05,2,0,4.3,No
CUST-03402,Female,0,No,No,23,Yes,No,No,No internet service,No internet service,No internet service,No internet service,No internet service,No internet service,Month-to-month,Yes,Bank transfer (automatic),22.07,488.81,2,1,5.0,Yes
CUST-03403,Male,0,No,Yes,7,Yes,Yes,Fiber optic,No,No,Yes,Yes,No,No,One year,Yes,Credit card (automatic),104.88,752.95,2,0,4.0,No
CUST-03404,Female,0,Yes,Yes,29,Yes,No,Fiber optic,Yes,Yes,No,Yes,No,Yes,Month-to-month,No,Mailed check,87.3,2679.98,3,1,4.3,No
CUST-03405,Male,0,No,Yes,17,Yes,Yes,Fiber optic,No,Yes,No,No,No,No,One year,No,Credit card (automatic),107.91,1954.13,2,1,4.5,No
CUST-03406,Male,0,No,No,14,Yes,No,DSL,No,Yes,No,No,Yes,No,Month-to-month,Yes,Bank transfer (automatic),46.2,660.98,1,1,4.8,No
CUST-03407,Male,1,No,No,10,Yes,No,DSL,No,No,No,No,No,No,Month-to-month,Yes,Credit card (automatic),54.53,505.4,0,1,5.0,No
CUST-03408,Female,0,Yes,No,46,Yes,Yes,DSL,No,Yes,No,No,Yes,Yes,Two year,No,Credit card (automatic),81.0,3482.18,0,0,5.0,No
CUST-03409,Female,0,No,Yes,52,Yes,No,Fiber optic,No,Yes,No,Yes,No,No,Month-to-month,Yes,Mailed check,77.25,3803.73,4,1,3.4,No
CUST-03410,Male,0,No,No,54,No,No phone service,Fiber optic,No,No,No,Yes,No,Yes,Two year,Yes,Credit card (automatic),73.49,3858.3,5,1,4.6,No
CUST-03411,Male,0,No,No,4,Yes,No,DSL,Yes,No,No,No,Yes,No,Month-to-month,Yes,Mailed check,67.08,283.8,3,0,4.8,No
CUST-03412,Female,0,No,No,67,Yes,Yes,DSL,No,No,Yes,No,No,Yes,Month-to-month,Yes,Credit card (automatic),75.2,5351.46,1,1,4.4,No
CUST-03413,Male,0,No,No,37,No,No phone service,DSL,No,No,Yes,No,No,No,Month-to-month,No,Bank transfer (automatic),73.58,2660.74,0,1,4.5,No
CUST-03414,Male,1,No,Yes,41,Yes,Yes,No,No internet service,No internet service,No internet service,No internet service,No internet service,No internet service,Month-to-month,No,Credit card (automatic),37.31,1482.92,3,2,4.2,No
CUST-03415,Female,0,No,Yes,64,No,No phone service,No,No internet service,No internet service,No internet service,No internet service,No internet service,No internet service,Month-to-month,No,Bank transfer (automatic),33.21,2117.87,2,1,5.0,No
CUST-03416,Male,0,No,No,20,Yes,No,DSL,No,No,No,Yes,Yes,No,Month-to-month,Yes,Bank transfer (automatic),74.26,1434.33,5,1,3.2,No
CUST-03417,Female,0,No,Yes,37,Yes,No,No,No internet service,No internet service,No internet service,No internet service,No internet service,No internet service,Two year,Yes,Credit card (automatic),18.0,712.44,1,1,4.5,No
CUST-03418,Female,0,Yes,No,6,Yes,No,No,No internet service,No internet service,No internet service,No internet service,No internet service,No internet service,Month-to-month,Yes,Credit card (automatic),23.97,141.86,1,0,4.9,No
CUST-03419,Male,1,No,No,36,Yes,Yes,No,No internet service,No internet service,No internet service,No internet service,No internet service,No internet service,Month-to-month,Yes,Bank transfer (automatic),39.65,1514.44,0,0,3.7,No
CUST-03420,Male,0,Yes,Yes,20,Yes,No,No,No internet service,No internet service,No internet service,No internet service,No internet service,No internet service,Month-to-month,Yes,Bank transfer (automatic),28.11,519.18,0,2,4.2,No
CUST-03421,Female,0,Yes,No,14,Yes,No,Fiber optic,No,No,No,No,No,Yes,One year,No,Electronic check,74.23,998.38,4,0,4.7,No
CUST-03422,Female,0,Yes,Yes,45,Yes,Yes,DSL,No,Yes,Yes,No,No,Yes,Month-to-month,Yes,Mailed check,37.95,1740.6,0,1,5.0,No
CUST-03423,Female,0,No,No,10,Yes,Yes,No,No internet service,No internet service,No internet service,No internet service,No internet service,No internet service,One year,Yes,Credit card (automatic),40.97,429.47,0,1,4.9,No
CUST-03424,Male,0,Yes,No,71,Yes,No,No,No internet service,No internet service,No internet service,No internet service,No internet service,No internet service,One year,Yes,Electronic check,54.48,3778.53,0,0,5.0,No
CUST-03425,Female,0,Yes,No,17,Yes,Yes,DSL,No,Yes,No,No,No,No,Two year,Yes,Credit card (automatic),58.53,976.09,1,1,5.0,No
CUST-03426,Female,0,Yes,Yes,6,Yes,No,Fiber optic,No,No,Yes,No,Yes,Yes,Month-to-month,Yes,Bank transfer (automatic),116.63,725.56,3,0,5.0,No
CUST-03427,Male,0,No,No,33,Yes,Yes,Fiber optic,No,Yes,No,No,Yes,No,One year,Yes,Electronic check,81.31,2551.28,2,0,3.8,Yes
CUST-03428,Female,0,No,No,28,Yes,No,Fiber optic,Yes,Yes,No,No,No,Yes,Month-to-month,No,Credit card (automatic),115.02,2984.69,3,1,3.9,Yes
CUST-03429,Female,0,No,No,48,Yes,No,Fiber optic,No,Yes,Yes,Yes,No,Yes,Month-to-month,Yes,Mailed check,113.91,5153.98,2,3,4.5,No
CUST-03430,Male,0,Yes,No,49,Yes,Yes,DSL,No,No,Yes,Yes,Yes,No,Two year,No,Mailed check,71.65,3640.16,0,1,5.0,No
CUST-03431,Male,0,Yes,No,43,Yes,Yes,Fiber optic,No,No,No,No,Yes,No,Two year,No,Mailed check,90.25,4015.58,3,0,5.0,No
CUST-03432,Female,0,No,No,42,Yes,Yes,DSL,No,Yes,No,No,No,Yes,Month-to-month,No,Electronic check,52.67,2083.56,2,5,3.7,No
CUST-03433,Male,0,Yes,No,56,Yes,No,DSL,No,Yes,No,No,Yes,Yes,One year,No,Bank transfer (automatic),68.04,3607.28,3,1,3.8,No
CUST-03434,Male,1,No,No,47,Yes,Yes,Fiber optic,No,Yes,No,No,No,Yes,One year,No,Mailed check,74.9,3739.46,6,0,4.8,No
CUST-03435,Male,0,No,No,11,Yes,Yes,Fiber optic,No,Yes,No,Yes,No,Yes,Month-to-month,Yes,Credit card (automatic),83.68,959.36,3,1,4.0,No
CUST-03436,Female,0,No,No,34,Yes,No,Fiber optic,No,Yes,Yes,No,Yes,No,Month-to-month,No,Bank transfer (automatic),87.17,2934.11,0,2,4.8,No
CUST-03437,Male,0,Yes,Yes,50,Yes,No,DSL,Yes,Yes,No,Yes,No,No,Two year,Yes,Mailed check,63.64,3204.47,3,1,4.1,No
CUST-03438,Female,0,Yes,No,20,Yes,Yes,Fiber optic,No,No,No,No,No,No,Month-to-month,Yes,Credit card (automatic),80.09,1707.23,2,2,4.4,No
CUST-03439,Female,1,No,Yes,63,Yes,No,DSL,Yes,No,Yes,No,No,No,Month-to-month,Yes,Credit card (automatic),58.81,3552.14,4,1,4.5,No
CUST-03440,Female,0,Yes,Yes,35,Yes,No,DSL,No,Yes,No,No,No,Yes,Month-to-month,No,Bank transfer (automatic),49.37,1662.46,1,1,4.5,No
CUST-03441,Female,0,No,No,24,Yes,No,No,No internet service,No internet service,No internet service,No internet service,No internet service,No internet service,Two year,Yes,Credit card (automatic),32.26,792.01,4,1,4.0,No
CUST-03442,Male,1,No,Yes,28,Yes,No,Fiber optic,Yes,Yes,No,No,No,No,Month-to-month,Yes,Mailed check,106.72,2938.53,2,0,4.8,No
CUST-03443,Male,0,Yes,Yes,45,Yes,No,Fiber optic,No,No,Yes,No,Yes,Yes,One year,Yes,Electronic check,97.16,4248.96,4,0,4.4,No
CUST-03444,Male,0,Yes,No,52,No,No phone service,Fiber optic,No,Yes,No,No,Yes,No,Month-to-month,Yes,Mailed check,101.17,5481.22,5,7,2.9,Yes
CUST-03445,Female,0,No,No,19,Yes,No,DSL,No,Yes,Yes,No,Yes,Yes,Month-to-month,No,Mailed check,76.37,1336.21,1,1,4.1,Yes
CUST-03446,Female,0,Yes,Yes,13,Yes,Yes,DSL,No,Yes,Yes,Yes,Yes,No,Month-to-month,No,Mailed check,38.45,494.73,1,1,4.2,No
CUST-03447,Male,0,No,No,7,Yes,No,Fiber optic,Yes,No,Yes,No,No,No,Month-to-month,Yes,Electronic check,102.66,694.44,0,3,4.9,Yes
CUST-03448,Female,0,No,Yes,36,Yes,No,No,No internet service,No internet service,No internet service,No internet service,No internet service,No internet service,Month-to-month,Yes,Electronic check,24.17,932.23,1,3,4.0,No
CUST-03449,Female,0,No,No,67,Yes,Yes,Fiber optic,Yes,Yes,No,No,Yes,No,Month-to-month,No,Mailed check,80.68,5408.5,3,0,4.7,No
CUST-03450,Male,0,Yes,No,70,Yes,No,No,No internet service,No internet service,No internet service,No internet service,No internet service,No internet service,One year,Yes,Bank transfer (automatic),46.47,3405.1,1,1,4.9,No
CUST-03451,Male,0,Yes,Yes,41,Yes,No,No,No internet service,No internet service,No internet service,No internet service,No internet service,No internet service,Month-to-month,Yes,Electronic check,41.32,1764.71,1,3,3.8,No
CUST-03452,Male,0,No,No,39,Yes,Yes,DSL,No,Yes,No,No,Yes,Yes,Two year,Yes,Electronic check,45.1,1855.96,1,0,4.7,No
CUST-03453,Male,0,No,No,37,Yes,Yes,No,No internet service,No internet service,No internet service,No internet service,No internet service,No internet service,Two year,Yes,Electronic check,18.26,634.24,2,2,4.5,No
CUST-03454,Male,0,No,No,18,Yes,Yes,Fiber optic,No,No,No,No,Yes,No,Month-to-month,No,Mailed check,75.62,1454.86,3,3,3.1,No
CUST-03455,Female,0,No,No,30,Yes,Yes,Fiber optic,No,Yes,No,No,No,Yes,Two year,No,Electronic check,97.29,2886.74,1,0,4.7,No
CUST-03456,Female,0,No,No,68,Yes,No,Fiber optic,No,No,No,No,Yes,Yes,Month-to-month,Yes,Mailed check,79.05,5108.37,6,1,3.7,No
CUST-03457,Female,0,Yes,No,45,Yes,Yes,Fiber optic,Yes,No,No,No,No,No,Month-to-month,No,Bank transfer (automatic),87.43,3907.11,6,1,3.9,No
CUST-03458,Male,0,Yes,No,18,Yes,No,DSL,No,Yes,Yes,No,No,No,Month-to-month,No,Credit card (automatic),82.69,1559.15,2,2,3.7,Yes
CUST-03459,Female,0,No,No,7,Yes,Yes,DSL,Yes,Yes,No,Yes,No,No,Two year,Yes,Mailed check,59.42,420.65,0,0,5.0,No
CUST-03460,Male,0,Yes,No,55,Yes,No,DSL,No,No,No,No,Yes,Yes,Month-to-month,Yes,Bank transfer (automatic),82.55,4628.35,0,1,5.0,No
CUST-03461,Male,0,No,Yes,66,Yes,No,DSL,Yes,Yes,No,No,No,No,Month-to-month,Yes,Bank transfer (automatic),72.87,4650.13,1,2,5.0,No
CUST-03462,Female,0,Yes,No,8,Yes,Yes,DSL,No,Yes,No,Yes,Yes,No,One year,No,Mailed check,44.76,378.66,0,0,5.0,No
CUST-03463,Female,0,Yes,No,28,Yes,Yes,DSL,No,Yes,No,No,No,Yes,One year,No,Mailed check,69.08,1959.25,1,1,4.6,No
CUST-03464,Male,0,Yes,No,62,Yes,Yes,No,No internet service,No internet service,No internet service,No internet service,No internet service,No internet service,Month-to-month,No,Electronic check,27.09,1682.6,3,3,3.6,No
CUST-03465,Male,0,No,No,19,No,No phone service,DSL,No,No,No,Yes,No,Yes,One year,No,Electronic check,44.47,886.6,2,0,4.5,No
CUST-03466,Female,1,No,No,14,Yes,No,No,No internet service,No internet service,No internet service,No internet service,No internet service,No internet service,One year,Yes,Mailed check,31.01,434.84,2,0,4.2,No
CUST-03467,Female,0,Yes,Yes,29,Yes,No,Fiber optic,No,No,No,No,No,Yes,Month-to-month,Yes,Electronic check,82.3,2329.43,0,3,4.5,No
CUST-03468,Male,0,Yes,Yes,29,Yes,No,DSL,No,No,No,Yes,No,No,Month-to-month,No,Mailed check,54.58,1700.67,0,1,4.2,No
CUST-03469,Female,1,Yes,No,35,Yes,No,DSL,Yes,Yes,No,No,No,Yes,One year,No,Bank transfer (automatic),62.69,2109.12,3,0,4.4,No
CUST-03470,Female,1,Yes,No,70,Yes,No,DSL,No,Yes,No,No,No,Yes,One year,No,Bank transfer (automatic),65.99,4416.17,1,2,3.2,No
CUST-03471,Male,0,No,No,71,Yes,Yes,Fiber optic,No,Yes,Yes,No,No,No,Month-to-month,Yes,Electronic check,88.88,6497.55,3,2,2.7,No
CUST-03472,Female,0,Yes,No,42,Yes,No,DSL,Yes,Yes,No,Yes,No,No,Month-to-month,Yes,Electronic check,51.01,2108.38,2,2,4.6,No
CUST-03473,Female,1,Yes,No,6,Yes,No,No,No internet service,No internet service,No internet service,No internet service,No internet service,No internet service,Month-to-month,No,Credit card (automatic),18.0,101.8,6,2,2.9,No
CUST-03474,Female,0,Yes,No,20,Yes,No,Fiber optic,Yes,No,No,No,No,No,Two year,Yes,Mailed check,90.3,1711.93,2,2,4.0,No
CUST-03475,Male,0,No,No,14,Yes,Yes,Fiber optic,Yes,No,Yes,No,Yes,No,Month-to-month,Yes,Electronic check,92.29,1301.44,2,1,4.5,No
CUST-03476,Male,0,No,Yes,1,Yes,Yes,Fiber optic,No,Yes,No,Yes,No,No,Month-to-month,Yes,Bank transfer (automatic),73.46,77.65,1,2,4.8,No
CUST-03477,Female,0,No,No,28,Yes,Yes,Fiber optic,Yes,No,Yes,Yes,No,Yes,Month-to-month,Yes,Credit card (automatic),91.11,2753.98,4,2,4.2,No
CUST-03478,Female,0,No,No,1,Yes,Yes,No,No internet service,No internet service,No internet service,No internet service,No internet service,No internet service,Month-to-month,No,Bank transfer (automatic),36.21,37.88,4,2,4.2,No
CUST-03479,Male,0,No,No,42,Yes,Yes,Fiber optic,Yes,Yes,No,No,No,No,Two year,No,Bank transfer (automatic),100.9,4033.79,2,1,4.3,No
CUST-03480,Female,0,Yes,Yes,20,Yes,No,DSL,Yes,No,No,No,No,No,Two year,No,Credit card (automatic),63.23,1300.65,3,0,4.2,No
CUST-03481,Female,0,No,No,53,No,No phone service,No,No internet service,No internet service,No internet service,No internet service,No internet service,No internet service,Month-to-month,Yes,Electronic check,20.35,1026.58,1,0,4.8,No
CUST-03482,Male,0,No,No,38,Yes,No,No,No internet service,No internet service,No internet service,No internet service,No internet service,No internet service,Two year,Yes,Bank transfer (automatic),52.07,1870.72,1,1,5.0,No
CUST-03483,Female,1,Yes,No,69,Yes,Yes,No,No internet service,No internet service,No internet service,No internet service,No internet service,No internet service,Month-to-month,Yes,Electronic check,21.96,1434.98,0,2,4.3,No
CUST-03484,Male,0,No,No,35,Yes,No,No,No internet service,No internet service,No internet service,No internet service,No internet service,No internet service,One year,Yes,Bank transfer (automatic),37.44,1239.09,0,0,3.9,No
CUST-03485,Male,1,No,No,12,Yes,Yes,Fiber optic,No,Yes,Yes,Yes,Yes,Yes,Month-to-month,No,Bank transfer (automatic),103.13,1151.17,2,2,4.1,No
CUST-03486,Male,1,No,No,67,Yes,Yes,Fiber optic,No,No,No,Yes,No,Yes,One year,Yes,Credit card (automatic),120.0,7897.3,3,2,5.0,No
CUST-03487,Male,0,Yes,No,23,Yes,Yes,Fiber optic,No,Yes,Yes,No,No,No,One year,Yes,Bank transfer (automatic),97.4,2168.9,9,0,2.9,No
CUST-03488,Female,0,Yes,Yes,56,Yes,Yes,Fiber optic,Yes,Yes,No,No,No,Yes,Month-to-month,Yes,Bank transfer (automatic),104.91,6267.36,4,2,4.6,No
CUST-03489,Male,0,No,No,57,Yes,Yes,No,No internet service,No internet service,No internet service,No internet service,No internet service,No internet service,Two year,No,Mailed check,42.24,2546.16,1,0,3.5,No
CUST-03490,Female,1,Yes,Yes,67,No,No phone service,Fiber optic,No,No,No,Yes,Yes,No,Month-to-month,No,Electronic check,93.56,5999.35,1,3,3.7,No
CUST-03491,Male,0,Yes,Yes,47,Yes,Yes,Fiber optic,No,No,No,Yes,No,Yes,One year,No,Mailed check,73.59,3466.05,3,0,4.9,No
CUST-03492,Female,0,Yes,No,37,Yes,Yes,Fiber optic,No,No,No,Yes,No,Yes,Two year,No,Electronic check,102.71,3815.07,2,1,4.1,No
CUST-03493,Male,1,No,Yes,28,Yes,Yes,DSL,No,No,Yes,No,No,No,Month-to-month,No,Bank transfer (automatic),76.14,2097.93,1,3,4.3,Yes
CUST-03494,Female,0,No,No,33,Yes,No,Fiber optic,No,Yes,No,No,Yes,No,Two year,Yes,Electronic check,120.0,3916.68,3,0,4.5,No
CUST-03495,Female,1,No,No,57,Yes,No,Fiber optic,No,No,No,No,No,No,One year,Yes,Electronic check,106.98,5689.65,1,3,5.0,No
CUST-03496,Female,0,No,No,41,Yes,Yes,DSL,No,Yes,Yes,No,Yes,Yes,One year,Yes,Bank transfer (automatic),55.29,2306.27,1,0,4.5,No
CUST-03497,Male,0,Yes,Yes,4,Yes,Yes,DSL,No,Yes,Yes,No,Yes,Yes,Month-to-month,No,Electronic check,65.3,261.55,3,2,4.9,No
CUST-03498,Male,0,Yes,No,27,Yes,No,DSL,Yes,No,No,No,No,No,Month-to-month,Yes,Bank transfer (automatic),74.32,2002.26,3,2,3.9,Yes
CUST-03499,Male,0,Yes,No,66,Yes,No,DSL,Yes,No,Yes,No,No,Yes,Month-to-month,Yes,Bank transfer (automatic),44.66,3149.11,3,2,4.2,No
CUST-03500,Male,0,Yes,No,16,Yes,No,Fiber optic,No,No,No,No,No,Yes,Two year,No,Mailed check,79.29,1340.23,3,0,4.4,No
CUST-03501,Male,1,No,No,34,Yes,No,Fiber optic,No,No,No,No,No,Yes,Month-to-month,No,Electronic check,78.35,2614.25,6,2,3.9,No
CUST-03502,Female,0,Yes,No,61,Yes,Yes,Fiber optic,No,No,No,No,Yes,No,Month-to-month,No,Credit card (automatic),107.51,6576.02,4,3,3.3,Yes
CUST-03503,Male,0,Yes,No,21,Yes,No,Fiber optic,No,No,Yes,No,No,No,Month-to-month,No,Mailed check,110.11,2269.1,2,4,3.7,No
CUST-03504,Male,1,No,Yes,49,Yes,No,DSL,No,No,Yes,Yes,Yes,Yes,Two year,Yes,Electronic check,40.92,2023.97,1,0,4.7,No
CUST-03505,Male,0,No,No,57,Yes,No,No,No internet service,No internet service,No internet service,No internet service,No internet service,No internet service,One year,No,Bank transfer (automatic),26.68,1616.62,1,1,5.0,No
CUST-03506,Female,0,Yes,No,24,No,No phone service,Fiber optic,No,Yes,Yes,No,No,No,Month-to-month,Yes,Credit card (automatic),118.77,2876.77,1,2,3.7,Yes
CUST-03507,Female,1,No,No,65,Yes,No,Fiber optic,No,No,No,Yes,No,No,One year,Yes,Credit card (automatic),119.71,8334.4,3,0,3.8,No
CUST-03508,Female,0,No,No,33,Yes,No,DSL,No,No,Yes,Yes,No,No,Month-to-month,Yes,Bank transfer (automatic),64.36,2239.28,3,1,3.9,No
CUST-03509,Male,0,No,No,22,Yes,No,No,No internet service,No internet service,No internet service,No internet service,No internet service,No internet service,Two year,No,Electronic check,25.34,539.59,5,0,4.2,No
CUST-03510,Male,0,No,No,17,Yes,No,Fiber optic,No,No,No,No,No,No,One year,Yes,Bank transfer (automatic),81.6,1385.76,1,0,4.8,No
CUST-03511,Female,0,Yes,No,20,No,No phone service,No,No internet service,No internet service,No internet service,No internet service,No internet service,No internet service,Month-to-month,Yes,Electronic check,28.86,571.09,3,2,3.7,No
CUST-03512,Female,0,Yes,No,41,Yes,Yes,Fiber optic,No,No,Yes,No,No,No,Month-to-month,No,Electronic check,116.79,4482.58,2,2,3.9,Yes
CUST-03513,Male,0,Yes,No,17,No,No phone service,No,No internet service,No internet service,No internet service,No internet service,No internet service,No internet service,Month-to-month,Yes,Electronic check,39.19,643.57,0,3,4.4,No
CUST-03514,Male,0,No,Yes,26,Yes,Yes,Fiber optic,No,No,Yes,Yes,No,No,One year,Yes,Electronic check,111.12,2866.44,2,1,4.3,Yes
CUST-03515,Male,0,No,No,52,Yes,No,DSL,No,No,No,No,Yes,No,Month-to-month,Yes,Bank transfer (automatic),62.33,3414.9,1,3,4.5,No
CUST-03516,Female,0,No,No,64,Yes,No,Fiber optic,No,No,Yes,No,Yes,Yes,Two year,Yes,Bank transfer (automatic),77.88,5320.49,5,0,4.2,Yes
CUST-03517,Male,0,No,No,49,Yes,No,DSL,No,No,No,Yes,No,No,Month-to-month,Yes,Bank transfer (automatic),76.58,3692.72,3,1,3.9,No
CUST-03518,Female,0,Yes,No,39,Yes,No,No,No internet service,No internet service,No internet service,No internet service,No internet service,No internet service,Two year,Yes,Electronic check,18.0,653.35,0,0,3.8,No
CUST-03519,Female,0,Yes,No,51,No,No phone service,DSL,Yes,Yes,Yes,No,No,Yes,Month-to-month,No,Mailed check,54.78,2966.6,1,4,4.4,No
CUST-03520,Female,0,Yes,No,30,Yes,No,Fiber optic,No,No,No,Yes,No,No,Month-to-month,No,Bank transfer (automatic),116.45,3551.35,3,3,3.8,Yes
CUST-03521,Female,1,Yes,No,20,Yes,Yes,Fiber optic,Yes,Yes,Yes,No,No,Yes,Two year,Yes,Mailed check,77.98,1651.22,4,1,4.8,No
CUST-03522,Male,0,No,Yes,54,Yes,Yes,Fiber optic,Yes,Yes,Yes,Yes,Yes,Yes,Month-to-month,No,Electronic check,95.03,4798.79,4,2,3.5,Yes
CUST-03523,Female,0,No,No,10,Yes,Yes,Fiber optic,No,No,No,No,No,Yes,One year,No,Electronic check,81.97,861.39,1,1,4.1,No
CUST-03524,Male,0,Yes,Yes,66,Yes,No,Fiber optic,No,No,No,No,No,Yes,One year,Yes,Electronic check,115.04,7010.56,4,0,4.6,No
CUST-03525,Male,0,No,No,31,No,No phone service,Fiber optic,Yes,No,No,No,Yes,No,Month-to-month,No,Mailed check,120.0,3946.88,2,2,4.3,Yes
CUST-03526,Male,1,Yes,No,59,Yes,Yes,Fiber optic,Yes,Yes,No,No,Yes,Yes,Two year,Yes,Electronic check,77.74,4926.99,4,0,4.1,No
CUST-03527,Male,0,No,Yes,8,Yes,Yes,Fiber optic,No,Yes,No,Yes,Yes,No,Month-to-month,Yes,Credit card (automatic),111.58,913.37,2,0,4.7,Yes
CUST-03528,Male,0,Yes,Yes,36,Yes,No,No,No internet service,No internet service,No internet service,No internet service,No internet service,No internet service,Month-to-month,No,Bank transfer (automatic),38.1,1378.05,4,0,4.3,No
CUST-03529,Male,0,No,No,31,Yes,No,DSL,No,No,Yes,No,Yes,No,One year,Yes,Electronic check,54.46,1717.03,2,0,4.8,No
CUST-03530,Male,0,Yes,Yes,26,No,No phone service,DSL,No,No,No,No,No,No,Month-to-month,Yes,Electronic check,64.31,1742.26,1,1,5.0,No
CUST-03531,Male,0,Yes,No,37,Yes,Yes,Fiber optic,No,Yes,Yes,No,Yes,No,Two year,Yes,Electronic check,101.61,3941.22,4,0,4.1,No
CUST-03532,Male,1,No,No,48,Yes,No,Fiber optic,No,Yes,Yes,No,No,No,Month-to-month,Yes,Credit card (automatic),68.76,3179.23,1,2,4.4,No
CUST-03533,Male,0,Yes,Yes,68,Yes,Yes,No,No internet service,No internet service,No internet service,No internet service,No internet service,No internet service,Two year,Yes,Electronic check,25.94,1693.19,2,0,5.0,No
CUST-03534,Female,0,Yes,No,59,Yes,No,No,No internet service,No internet service,No internet service,No internet service,No internet service,No internet service,Month-to-month,No,Credit card (automatic),29.51,1713.15,2,3,4.5,No
CUST-03535,Male,0,Yes,No,17,Yes,Yes,No,No internet service,No internet service,No internet service,No internet service,No internet service,No internet service,One year,Yes,Credit card (automatic),20.57,347.45,0,0,5.0,No
CUST-03536,Male,0,No,Yes,71,Yes,Yes,Fiber optic,No,Yes,Yes,No,Yes,No,Two year,No,Electronic check,86.58,5945.54,5,1,4.1,No
CUST-03537,Male,0,Yes,No,36,Yes,No,Fiber optic,Yes,No,No,No,No,Yes,Two year,No,Credit card (automatic),93.91,3310.49,2,0,5.0,No
CUST-03538,Male,0,No,No,33,Yes,No,DSL,No,Yes,No,No,No,No,Two year,No,Mailed check,62.3,2218.45,4,3,3.5,No
CUST-03539,Female,0,No,No,1,Yes,No,DSL,No,No,No,Yes,No,Yes,One year,Yes,Electronic check,77.37,78.59,3,2,4.2,No
CUST-03540,Female,0,No,Yes,49,Yes,Yes,No,No internet service,No internet service,No internet service,No internet service,No internet service,No internet service,One year,No,Credit card (automatic),39.58,1939.06,1,0,5.0,No
CUST-03541,Female,1,Yes,No,64,Yes,No,No,No internet service,No internet service,No internet service,No internet service,No internet service,No internet service,Month-to-month,No,Bank transfer (automatic),18.0,1149.17,0,2,3.9,No
CUST-03542,Female,0,No,No,22,Yes,Yes,DSL,No,No,No,No,No,Yes,Month-to-month,Yes,Bank transfer (automatic),62.05,1353.59,0,0,4.7,No
CUST-03543,Male,1,Yes,No,63,Yes,Yes,No,No internet service,No internet service,No internet service,No internet service,No internet service,No internet service,One year,No,Mailed check,30.12,1747.6,5,1,5.0,No
CUST-03544,Female,0,No,No,7,Yes,No,No,No internet service,No internet service,No internet service,No internet service,No internet service,No internet service,Month-to-month,Yes,Mailed check,38.05,250.75,3,4,3.8,No
CUST-03545,Male,0,Yes,No,70,Yes,No,DSL,No,Yes,Yes,No,Yes,Yes,One year,No,Bank transfer (automatic),82.67,5980.03,2,0,4.8,No
CUST-03546,Female,1,No,No,19,No,No phone service,DSL,Yes,No,Yes,No,No,No,One year,Yes,Electronic check,80.0,1605.22,2,0,4.7,No
CUST-03547,Male,0,No,Yes,35,Yes,No,No,No internet service,No internet service,No internet service,No internet service,No internet service,No internet service,One year,Yes,Credit card (automatic),46.82,1635.55,0,1,3.9,No
CUST-03548,Female,0,Yes,No,2,Yes,No,DSL,No,No,No,No,Yes,Yes,One year,No,Credit card (automatic),64.3,137.55,0,0,4.8,No
CUST-03549,Male,0,Yes,No,65,Yes,Yes,DSL,No,No,No,Yes,No,No,Two year,Yes,Electronic check,60.29,3694.21,1,1,4.8,No
CUST-03550,Female,0,Yes,No,37,Yes,No,Fiber optic,No,No,Yes,No,Yes,No,Month-to-month,No,Bank transfer (automatic),70.35,2396.56,2,1,4.2,No
CUST-03551,Male,1,No,No,70,Yes,No,No,No internet service,No internet service,No internet service,No internet service,No internet service,No internet service,One year,No,Electronic check,30.15,2128.13,1,2,4.6,No
CUST-03552,Female,0,Yes,No,27,Yes,No,No,No internet service,No internet service,No internet service,No internet service,No internet service,No internet service,One year,Yes,Bank transfer (automatic),22.85,585.88,1,2,3.8,Yes
CUST-03553,Female,0,No,Yes,5,Yes,No,Fiber optic,No,Yes,No,No,No,No,Month-to-month,No,Credit card (automatic),112.5,541.56,2,0,4.9,No
CUST-03554,Female,0,No,No,49,Yes,Yes,No,No internet service,No internet service,No internet service,No internet service,No internet service,No internet service,One year,No,Electronic check,31.57,1539.27,0,2,5.0,No
CUST-03555,Male,0,No,No,12,Yes,No,Fiber optic,No,No,No,No,No,No,Month-to-month,Yes,Electronic check,105.7,1206.57,1,2,4.4,Yes
CUST-03556,Male,0,Yes,No,45,Yes,No,Fiber optic,No,Yes,Yes,Yes,Yes,No,One year,No,Bank transfer (automatic),67.78,2860.33,3,0,4.1,No
CUST-03557,Female,1,Yes,No,3,Yes,No,DSL,Yes,No,No,Yes,No,No,Two year,No,Bank transfer (automatic),41.14,114.37,1,0,4.7,Yes
CUST-03558,Male,0,Yes,Yes,13,Yes,No,Fiber optic,No,Yes,No,No,No,No,Month-to-month,Yes,Electronic check,113.93,1475.51,4,4,3.2,Yes
CUST-03559,Male,1,No,No,46,Yes,No,Fiber optic,No,No,No,No,Yes,Yes,One year,No,Mailed check,113.8,5582.06,2,1,3.7,No
CUST-03560,Male,0,Yes,No,49,Yes,No,DSL,Yes,Yes,Yes,No,Yes,No,Two year,Yes,Mailed check,57.72,2927.07,1,1,5.0,No
CUST-03561,Male,0,Yes,No,11,Yes,No,Fiber optic,No,Yes,Yes,No,Yes,No,One year,No,Bank transfer (automatic),76.84,858.18,0,3,3.8,No
CUST-03562,Male,0,Yes,No,14,Yes,Yes,DSL,Yes,Yes,No,No,Yes,Yes,Month-to-month,Yes,Mailed check,51.33,671.96,2,2,5.0,No
CUST-03563,Male,0,No,No,62,Yes,No,DSL,No,Yes,No,No,No,No,One year,Yes,Mailed check,64.96,4100.33,0,2,5.0,No
CUST-03564,Female,1,No,Yes,1,Yes,No,Fiber optic,No,Yes,Yes,No,No,Yes,Month-to-month,Yes,Electronic check,89.73,91.54,1,3,5.0,Yes
CUST-03565,Female,0,Yes,No,17,Yes,No,DSL,No,No,No,No,Yes,No,Month-to-month,No,Credit card (automatic),73.59,1165.87,2,1,4.3,No
CUST-03566,Male,0,Yes,No,70,Yes,No,DSL,Yes,No,No,Yes,No,No,Two year,No,Electronic check,57.83,4181.84,0,1,4.4,No
CUST-03567,Male,0,Yes,No,40,Yes,Yes,No,No internet service,No internet service,No internet service,No internet service,No internet service,No internet service,Month-to-month,No,Mailed check,32.32,1296.16,1,2,4.1,No
CUST-03568,Male,0,Yes,Yes,2,Yes,Yes,No,No internet service,No internet service,No internet service,No internet service,No internet service,No internet service,Two year,No,Electronic check,38.46,82.98,2,1,4.6,No
CUST-03569,Female,0,No,No,65,Yes,Yes,Fiber optic,Yes,No,Yes,No,No,No,One year,No,Electronic check,102.81,6300.26,2,1,4.3,No
CUST-03570,Male,1,Yes,No,25,Yes,No,DSL,Yes,No,Yes,No,No,Yes,Month-to-month,Yes,Bank transfer (automatic),71.06,1667.05,2,2,4.0,No
CUST-03571,Female,0,No,No,52,Yes,No,Fiber optic,No,Yes,No,Yes,Yes,Yes,Two year,No,Electronic check,100.45,5365.81,3,2,4.7,No
CUST-03572,Female,0,No,No,46,Yes,No,Fiber optic,No,Yes,No,No,No,No,Month-to-month,Yes,Bank transfer (automatic),98.5,4611.13,0,2,4.7,Yes
CUST-03573,Female,0,No,No,27,Yes,No,DSL,Yes,No,Yes,No,No,Yes,Two year,No,Bank transfer (automatic),70.32,1829.07,3,2,5.0,No
CUST-03574,Male,0,Yes,No,27,Yes,No,DSL,Yes,No,No,No,Yes,Yes,One year,No,Credit card (automatic),49.44,1349.32,1,0,4.5,No
CUST-03575,Female,0,No,No,40,Yes,No,Fiber optic,Yes,No,No,No,Yes,Yes,Month-to-month,No,Mailed check,87.9,3788.06,2,2,3.9,No
CUST-03576,Female,0,Yes,No,28,Yes,No,Fiber optic,No,Yes,No,No,No,Yes,Month-to-month,No,Electronic check,94.37,2503.52,3,2,3.5,Yes
CUST-03577,Female,0,Yes,No,13,Yes,Yes,DSL,No,No,Yes,No,Yes,Yes,Two year,Yes,Mailed check,61.67,816.2,2,1,4.5,No
CUST-03578,Female,0,No,Yes,53,Yes,No,DSL,No,No,No,Yes,No,Yes,Two year,Yes,Electronic check,54.11,2689.09,0,0,5.0,No
CUST-03579,Female,1,Yes,No,49,Yes,Yes,Fiber optic,Yes,No,No,No,No,No,Month-to-month,Yes,Mailed check,80.99,4153.83,5,1,4.5,Yes
CUST-03580,Male,1,Yes,No,44,Yes,Yes,Fiber optic,No,No,No,Yes,No,Yes,Two year,No,Mailed check,88.36,3897.84,1,0,5.0,No
CUST-03581,Female,0,Yes,Yes,54,No,No phone service,Fiber optic,No,No,Yes,No,No,No,One year,Yes,Mailed check,116.1,5920.99,2,0,5.0,No
CUST-03582,Female,0,Yes,No,38,Yes,Yes,No,No internet service,No internet service,No internet service,No internet service,No internet service,No internet service,One year,No,Credit card (automatic),18.0,662.38,2,2,4.2,No
CUST-03583,Male,0,No,Yes,67,Yes,No,DSL,Yes,No,No,No,No,No,One year,No,Mailed check,78.48,5514.41,1,0,5.0,No
CUST-03584,Male,0,No,No,64,Yes,Yes,No,No internet service,No internet service,No internet service,No internet service,No internet service,No internet service,Month-to-month,No,Bank transfer (automatic),35.95,2273.74,0,0,5.0,No
CUST-03585,Female,0,No,No,71,No,No phone service,Fiber optic,Yes,No,Yes,No,No,Yes,Month-to-month,Yes,Credit card (automatic),109.88,8366.4,1,1,4.3,No
CUST-03586,Male,0,Yes,Yes,8,Yes,Yes,Fiber optic,Yes,No,No,No,No,Yes,One year,Yes,Mailed check,86.92,695.78,5,0,3.8,No
CUST-03587,Male,0,Yes,Yes,8,Yes,No,Fiber optic,No,No,Yes,No,Yes,No,Month-to-month,No,Electronic check,105.57,848.69,7,3,3.5,No
CUST-03588,Female,1,Yes,Yes,34,Yes,No,Fiber optic,No,Yes,No,Yes,No,Yes,Two year,Yes,Electronic check,120.0,3866.69,4,2,3.9,No
CUST-03589,Female,1,No,Yes,50,Yes,No,Fiber optic,No,Yes,No,No,No,No,Month-to-month,No,Bank transfer (automatic),96.61,5128.85,6,5,3.4,No
CUST-03590,Female,0,No,Yes,18,Yes,No,Fiber optic,No,No,No,Yes,Yes,Yes,Month-to-month,Yes,Bank transfer (automatic),90.17,1688.15,8,3,2.8,Yes
CUST-03591,Male,0,No,No,9,Yes,Yes,Fiber optic,Yes,No,No,No,Yes,Yes,One year,No,Electronic check,110.34,932.34,3,0,4.6,No
CUST-03592,Male,0,No,No,3,Yes,No,DSL,No,No,No,No,No,No,One year,No,Electronic check,54.73,155.41,0,0,4.8,No
CUST-03593,Female,0,No,No,40,Yes,Yes,Fiber optic,No,No,No,Yes,No,No,One year,No,Bank transfer (automatic),71.98,2889.72,5,0,4.1,No
CUST-03594,Female,0,Yes,Yes,71,No,No phone service,No,No internet service,No internet service,No internet service,No internet service,No internet service,No internet service,Two year,Yes,Electronic check,34.07,2526.81,0,0,5.0,No
CUST-03595,Male,1,No,Yes,34,No,No phone service,Fiber optic,Yes,Yes,No,No,No,No,One year,No,Credit card (automatic),95.04,3356.26,6,0,3.2,Yes
CUST-03596,Male,0,No,Yes,53,Yes,No,DSL,No,No,No,No,No,No,One year,Yes,Electronic check,47.82,2362.51,3,0,4.3,No
CUST-03597,Male,0,No,Yes,4,Yes,No,No,No internet service,No internet service,No internet service,No internet service,No internet service,No internet service,Month-to-month,Yes,Mailed check,43.37,178.76,2,1,4.3,No
CUST-03598,Female,0,Yes,No,16,Yes,Yes,No,No internet service,No internet service,No internet service,No internet service,No internet service,No internet service,One year,Yes,Electronic check,20.59,354.31,0,0,5.0,No
CUST-03599,Male,0,No,Yes,49,Yes,No,Fiber optic,No,No,No,No,Yes,No,Month-to-month,Yes,Electronic check,84.71,4219.9,3,3,3.5,No
CUST-03600,Female,0,Yes,No,29,No,No phone service,Fiber optic,No,No,No,No,Yes,Yes,Month-to-month,Yes,Bank transfer (automatic),69.61,2035.85,6,1,3.9,No
CUST-03601,Male,0,No,No,2,Yes,No,DSL,No,No,No,No,No,Yes,One year,Yes,Credit card (automatic),71.45,145.85,1,0,4.2,No
CUST-03602,Female,0,No,Yes,17,Yes,No,Fiber optic,No,Yes,Yes,No,Yes,Yes,One year,No,Bank transfer (automatic),74.17,1270.06,5,0,4.1,No
CUST-03603,Male,0,No,Yes,58,Yes,No,No,No internet service,No internet service,No internet service,No internet service,No internet service,No internet service,Month-to-month,No,Electronic check,29.41,1629.97,4,3,2.6,No
CUST-03604,Female,0,Yes,No,50,Yes,Yes,DSL,Yes,No,Yes,No,Yes,No,Month-to-month,Yes,Mailed check,53.38,2694.17,1,2,4.7,No
CUST-03605,Female,0,Yes,No,59,Yes,No,DSL,Yes,No,No,No,Yes,Yes,Month-to-month,No,Electronic check,54.56,3338.82,2,5,2.8,Yes
CUST-03606,Male,0,No,Yes,26,Yes,No,No,No internet service,No internet service,No internet service,No internet service,No internet service,No internet service,Month-to-month,Yes,Mailed check,20.16,531.58,3,1,4.0,No
CUST-03607,Male,1,No,No,67,Yes,No,Fiber optic,No,No,Yes,No,Yes,No,Month-to-month,No,Electronic check,98.34,6563.42,2,2,4.1,No
CUST-03608,Female,0,No,No,67,Yes,No,No,No internet service,No internet service,No internet service,No internet service,No internet service,No internet service,Month-to-month,No,Credit card (automatic),43.96,3033.7,3,1,4.6,No
CUST-03609,Female,0,Yes,No,27,Yes,No,Fiber optic,No,Yes,Yes,No,No,Yes,Month-to-month,No,Credit card (automatic),74.86,2137.48,4,0,4.4,No
CUST-03610,Female,0,No,No,15,Yes,Yes,DSL,No,No,No,No,Yes,Yes,Month-to-month,Yes,Bank transfer (automatic),45.38,626.72,2,2,4.3,No
CUST-03611,Female,0,No,No,70,Yes,No,No,No internet service,No internet service,No internet service,No internet service,No internet service,No internet service,Two year,No,Mailed check,44.68,3319.28,0,0,5.0,No
CUST-03612,Female,0,Yes,No,26,Yes,Yes,DSL,Yes,No,No,No,No,Yes,Month-to-month,No,Credit card (automatic),52.38,1366.83,4,2,3.5,No
CUST-03613,Female,0,Yes,No,36,Yes,No,Fiber optic,No,No,Yes,No,No,No,Month-to-month,Yes,Mailed check,113.88,4035.23,8,0,3.9,No
CUST-03614,Male,0,No,No,68,Yes,No,DSL,No,No,No,Yes,Yes,No,Month-to-month,No,Mailed check,54.68,3840.45,2,3,3.7,No
CUST-03615,Female,1,Yes,No,20,Yes,No,Fiber optic,Yes,No,Yes,No,Yes,Yes,One year,Yes,Electronic check,78.36,1690.8,3,2,2.6,No
CUST-03616,Male,0,No,No,64,Yes,No,DSL,Yes,Yes,Yes,No,Yes,No,Two year,Yes,Credit card (automatic),64.22,3974.32,2,0,5.0,No
CUST-03617,Male,0,No,Yes,12,Yes,Yes,No,No internet service,No internet service,No internet service,No internet service,No internet service,No internet service,Two year,Yes,Electronic check,18.0,226.25,2,0,4.2,No
CUST-03618,Male,1,Yes,No,22,Yes,Yes,No,No internet service,No internet service,No internet service,No internet service,No internet service,No internet service,Month-to-month,Yes,Credit card (automatic),26.47,619.87,3,1,3.9,No
CUST-03619,Male,0,Yes,No,28,Yes,No,DSL,No,No,Yes,Yes,No,No,One year,Yes,Bank transfer (automatic),53.76,1434.12,2,0,4.6,No
CUST-03620,Male,0,No,No,35,Yes,No,Fiber optic,Yes,No,No,No,Yes,No,Two year,Yes,Credit card (automatic),98.6,3656.68,3,0,3.8,No
CUST-03621,Female,0,No,Yes,18,Yes,Yes,Fiber optic,Yes,No,No,No,No,Yes,Month-to-month,No,Mailed check,112.2,2158.48,3,0,3.8,Yes
CUST-03622,Male,0,No,No,64,Yes,No,No,No internet service,No internet service,No internet service,No internet service,No internet service,No internet service,Two year,Yes,Electronic check,37.3,2425.84,4,2,3.3,No
CUST-03623,Male,0,No,Yes,48,Yes,No,Fiber optic,Yes,No,No,No,No,Yes,Two year,No,Mailed check,72.9,3329.35,1,0,4.6,No
CUST-03624,Male,0,No,No,49,Yes,Yes,No,No internet service,No internet service,No internet service,No internet service,No internet service,No internet service,Two year,No,Credit card (automatic),44.59,2041.99,1,0,4.1,No
CUST-03625,Female,0,No,No,53,Yes,Yes,No,No internet service,No internet service,No internet service,No internet service,No internet service,No internet service,Two year,No,Mailed check,37.99,2046.48,4,0,4.8,No
CUST-03626,Female,1,No,No,46,Yes,Yes,Fiber optic,No,No,No,Yes,No,Yes,Month-to-month,Yes,Electronic check,103.7,4540.13,4,3,3.3,Yes
CUST-03627,Female,0,No,No,47,Yes,No,Fiber optic,No,No,No,Yes,No,No,One year,No,Mailed check,111.81,4997.67,1,1,4.7,No
CUST-03628,Male,0,Yes,Yes,48,Yes,No,Fiber optic,Yes,No,Yes,No,Yes,No,Month-to-month,No,Electronic check,91.93,4412.18,3,0,4.7,No
CUST-03629,Female,0,Yes,Yes,52,Yes,No,Fiber optic,No,Yes,No,Yes,Yes,Yes,Month-to-month,No,Bank transfer (automatic),107.43,5484.7,2,1,4.8,No
CUST-03630,Female,0,No,No,67,Yes,Yes,Fiber optic,Yes,No,No,Yes,Yes,No,Two year,Yes,Bank transfer (automatic),116.49,7513.92,2,0,4.6,No
CUST-03631,Male,0,Yes,Yes,15,Yes,No,DSL,No,Yes,No,No,No,No,Two year,No,Electronic check,71.28,1105.35,0,2,4.6,Yes
CUST-03632,Female,0,No,No,38,Yes,Yes,Fiber optic,Yes,No,No,No,No,Yes,Month-to-month,No,Electronic check,99.76,3754.68,3,3,3.3,Yes
CUST-03633,Male,1,No,No,14,Yes,No,No,No internet service,No internet service,No internet service,No internet service,No internet service,No internet service,One year,No,Bank transfer (automatic),36.49,513.01,1,0,5.0,No
CUST-03634,Female,0,Yes,Yes,14,No,No phone service,Fiber optic,No,Yes,No,No,No,Yes,Month-to-month,Yes,Electronic check,78.93,1041.28,1,4,4.0,Yes
CUST-03635,Female,0,Yes,No,69,Yes,No,Fiber optic,No,Yes,Yes,No,No,Yes,Month-to-month,No,Bank transfer (automatic),83.8,6139.56,2,0,4.3,No
CUST-03636,Male,0,No,No,35,No,No phone service,DSL,No,No,No,Yes,No,No,Month-to-month,Yes,Mailed check,86.23,2800.42,0,1,5.0,No
CUST-03637,Female,0,Yes,No,51,Yes,Yes,DSL,Yes,No,Yes,No,No,No,One year,No,Bank transfer (automatic),43.11,2306.74,0,0,5.0,No
CUST-03638,Male,0,No,No,53,Yes,Yes,DSL,No,No,Yes,No,Yes,Yes,Month-to-month,Yes,Electronic check,66.28,3310.9,0,2,5.0,No
CUST-03639,Male,0,No,No,3,Yes,Yes,Fiber optic,No,No,No,Yes,Yes,Yes,Month-to-month,Yes,Mailed check,76.05,234.31,3,1,3.9,Yes
CUST-03640,Female,0,No,No,36,No,No phone service,Fiber optic,No,No,Yes,Yes,Yes,No,Month-to-month,No,Bank transfer (automatic),116.53,3888.12,3,2,4.5,No
CUST-03641,Female,0,No,Yes,13,Yes,Yes,Fiber optic,No,Yes,No,No,No,No,Month-to-month,No,Bank transfer (automatic),119.55,1434.09,2,1,4.4,Yes
CUST-03642,Female,0,No,Yes,23,Yes,No,DSL,No,No,No,No,Yes,Yes,One year,No,Mailed check,65.42,1430.03,1,0,3.9,Yes
CUST-03643,Female,0,Yes,No,14,Yes,No,DSL,No,Yes,No,No,No,Yes,Month-to-month,No,Electronic check,36.66,521.06,1,3,4.0,No
CUST-03644,Male,0,Yes,Yes,48,Yes,Yes,No,No internet service,No internet service,No internet service,No internet service,No internet service,No internet service,Month-to-month,No,Mailed check,23.7,1052.14,2,2,4.0,No
CUST-03645,Female,0,Yes,No,10,Yes,No,DSL,Yes,No,No,Yes,No,Yes,Month-to-month,Yes,Bank transfer (automatic),67.32,650.63,0,0,4.9,No
CUST-03646,Female,0,No,No,33,Yes,No,No,No internet service,No internet service,No internet service,No internet service,No internet service,No internet service,One year,Yes,Credit card (automatic),38.01,1341.8,3,0,4.4,No
CUST-03647,Female,0,Yes,No,23,Yes,No,Fiber optic,Yes,Yes,No,No,Yes,Yes,Month-to-month,Yes,Bank transfer (automatic),85.48,1988.72,5,0,4.0,No
CUST-03648,Female,0,Yes,No,70,Yes,No,No,No internet service,No internet service,No internet service,No internet service,No internet service,No internet service,Month-to-month,No,Mailed check,26.32,1807.73,1,4,3.2,No
CUST-03649,Female,1,Yes,Yes,57,No,No phone service,Fiber optic,No,No,No,No,No,No,Month-to-month,Yes,Bank transfer (automatic),67.06,3549.65,3,1,4.6,No
CUST-03650,Female,0,Yes,Yes,26,Yes,No,No,No internet service,No internet service,No internet service,No internet service,No internet service,No internet service,Two year,Yes,Mailed check,27.04,652.02,2,0,4.7,No
CUST-03651,Male,0,Yes,No,22,Yes,No,Fiber optic,No,Yes,No,No,No,No,One year,No,Electronic check,74.43,1654.74,2,2,4.7,No
CUST-03652,Male,1,No,No,52,Yes,No,DSL,No,Yes,Yes,Yes,No,No,Month-to-month,Yes,Electronic check,54.3,3048.22,0,5,3.1,Yes
CUST-03653,Male,0,Yes,No,46,Yes,Yes,No,No internet service,No internet service,No internet service,No internet service,No internet service,No internet service,One year,Yes,Bank transfer (automatic),38.44,1665.28,1,0,5.0,No
CUST-03654,Female,0,No,Yes,40,Yes,Yes,DSL,No,No,No,No,No,No,Two year,No,Bank transfer (automatic),61.7,2362.18,2,0,5.0,No
CUST-03655,Female,0,Yes,No,6,Yes,No,Fiber optic,No,No,Yes,No,No,No,One year,Yes,Bank transfer (automatic),102.88,663.21,4,0,3.8,Yes
CUST-03656,Male,0,Yes,No,6,Yes,Yes,Fiber optic,No,Yes,No,Yes,No,No,Month-to-month,No,Electronic check,113.0,728.15,2,3,4.2,Yes
CUST-03657,Female,0,Yes,No,46,Yes,Yes,No,No internet service,No internet service,No internet service,No internet service,No internet service,No internet service,Month-to-month,Yes,Mailed check,41.07,1897.89,3,0,4.8,No
CUST-03658,Female,1,No,Yes,34,Yes,Yes,Fiber optic,No,No,No,No,Yes,Yes,One year,Yes,Electronic check,94.62,3250.25,1,0,4.8,No
CUST-03659,Male,0,No,No,60,Yes,No,No,No internet service,No internet service,No internet service,No internet service,No internet service,No internet service,Month-to-month,No,Bank transfer (automatic),50.42,3082.77,0,0,5.0,No
CUST-03660,Male,0,Yes,No,3,Yes,No,DSL,Yes,Yes,No,Yes,Yes,No,Month-to-month,Yes,Mailed check,41.36,116.52,3,0,5.0,No
CUST-03661,Female,0,No,No,14,Yes,No,No,No internet service,No internet service,No internet service,No internet service,No internet service,No internet service,Two year,No,Electronic check,39.43,537.65,1,0,5.0,No
CUST-03662,Male,1,Yes,Yes,57,Yes,Yes,No,No internet service,No internet service,No internet service,No internet service,No internet service,No internet service,One year,No,Mailed check,18.0,945.12,3,0,4.3,No
CUST-03663,Female,0,No,No,71,No,No phone service,Fiber optic,Yes,Yes,No,No,No,No,Month-to-month,Yes,Electronic check,87.12,5976.73,4,1,4.2,No
CUST-03664,Female,1,No,No,53,Yes,Yes,DSL,No,Yes,Yes,Yes,No,No,One year,Yes,Mailed check,65.16,3431.69,1,0,5.0,No
CUST-03665,Female,0,Yes,No,1,Yes,Yes,Fiber optic,No,Yes,No,No,No,No,Two year,No,Mailed check,96.92,89.8,3,0,4.5,Yes
CUST-03666,Male,0,Yes,No,4,No,No phone service,DSL,Yes,Yes,No,Yes,Yes,No,One year,No,Electronic check,35.16,136.67,0,1,4.8,No
CUST-03667,Female,0,Yes,Yes,64,Yes,Yes,Fiber optic,No,No,No,No,No,Yes,One year,Yes,Mailed check,78.75,4848.27,1,1,4.4,No
CUST-03668,Male,0,No,No,36,No,No phone service,DSL,No,No,No,No,No,Yes,Month-to-month,No,Credit card (automatic),56.33,2153.01,1,2,4.5,No
CUST-03669,Male,0,Yes,No,36,Yes,No,Fiber optic,No,No,No,No,No,Yes,One year,No,Mailed check,85.16,2862.69,8,1,4.5,No
CUST-03670,Male,1,No,No,70,Yes,No,Fiber optic,No,No,Yes,Yes,Yes,Yes,Two year,Yes,Mailed check,72.41,4909.38,2,0,4.8,No
CUST-03671,Male,0,Yes,No,18,Yes,No,Fiber optic,No,Yes,No,No,No,No,Month-to-month,Yes,Bank transfer (automatic),88.57,1688.45,0,0,5.0,No
CUST-03672,Male,0,No,No,21,Yes,No,No,No internet service,No internet service,No internet service,No internet service,No internet service,No internet service,One year,No,Mailed check,31.28,659.0,1,2,4.0,No
CUST-03673,Female,0,Yes,Yes,50,Yes,Yes,DSL,No,No,No,No,No,No,One year,Yes,Electronic check,50.77,2442.75,1,0,5.0,No
CUST-03674,Male,0,No,No,66,Yes,No,Fiber optic,No,Yes,No,No,No,No,Month-to-month,Yes,Credit card (automatic),86.2,5871.13,1,1,4.5,No
CUST-03675,Female,0,Yes,No,27,Yes,Yes,No,No internet service,No internet service,No internet service,No internet service,No internet service,No internet service,Month-to-month,Yes,Credit card (automatic),25.5,683.99,1,1,4.9,Yes
CUST-03676,Male,0,Yes,Yes,11,Yes,No,Fiber optic,No,Yes,No,No,No,No,Two year,Yes,Bank transfer (automatic),77.18,783.4,3,1,4.7,No
CUST-03677,Male,0,Yes,No,5,Yes,No,Fiber optic,No,No,No,No,Yes,No,Month-to-month,Yes,Electronic check,72.14,363.32,3,6,3.1,Yes
CUST-03678,Female,1,No,Yes,1,No,No phone service,No,No internet service,No internet service,No internet service,No internet service,No internet service,No internet service,Month-to-month,No,Bank transfer (automatic),18.0,16.75,1,1,5.0,Yes
CUST-03679,Female,0,Yes,No,27,Yes,No,Fiber optic,Yes,No,No,Yes,Yes,Yes,Month-to-month,No,Mailed check,107.35,2719.92,2,1,4.3,Yes
CUST-03680,Female,0,No,No,39,Yes,No,No,No internet service,No internet service,No internet service,No internet service,No internet service,No internet service,One year,No,Bank transfer (automatic),18.0,727.12,1,0,4.9,No
CUST-03681,Female,0,No,No,36,Yes,No,No,No internet service,No internet service,No internet service,No internet service,No internet service,No internet service,Month-to-month,Yes,Bank transfer (automatic),23.75,884.26,0,0,4.3,No
CUST-03682,Male,1,Yes,No,18,Yes,Yes,DSL,No,Yes,No,Yes,No,Yes,Month-to-month,No,Mailed check,67.97,1201.88,1,2,4.7,No
CUST-03683,Male,0,Yes,Yes,49,Yes,No,No,No internet service,No internet service,No internet service,No internet service,No internet service,No internet service,Month-to-month,No,Bank transfer (automatic),34.81,1631.4,3,1,4.3,No
CUST-03684,Female,0,Yes,No,64,Yes,Yes,Fiber optic,No,No,No,No,No,Yes,Two year,Yes,Bank transfer (automatic),80.47,4761.92,4,0,4.1,No
CUST-03685,Female,0,Yes,No,17,Yes,Yes,No,No internet service,No internet service,No internet service,No internet service,No internet service,No internet service,Month-to-month,Yes,Bank transfer (automatic),22.7,400.49,3,2,4.4,No
CUST-03686,Male,0,Yes,Yes,49,Yes,No,Fiber optic,Yes,Yes,No,No,No,Yes,Month-to-month,Yes,Bank transfer (automatic),98.45,4975.92,3,2,4.7,Yes
CUST-03687,Male,1,No,Yes,40,Yes,No,No,No internet service,No internet service,No internet service,No internet service,No internet service,No internet service,Month-to-month,Yes,Bank transfer (automatic),18.55,773.25,1,1,4.1,No
CUST-03688,Female,1,Yes,No,50,Yes,No,Fiber optic,Yes,Yes,No,No,Yes,No,Two year,No,Bank transfer (automatic),97.0,4545.84,1,0,4.6,No
CUST-03689,Female,0,Yes,No,2,No,No phone service,Fiber optic,No,No,Yes,Yes,Yes,No,One year,Yes,Bank transfer (automatic),76.55,142.1,4,0,3.9,Yes
CUST-03690,Male,0,No,Yes,49,Yes,No,Fiber optic,No,No,No,No,No,No,Month-to-month,No,Electronic check,94.86,4427.4,4,3,3.1,Yes
CUST-03691,Male,0,Yes,Yes,54,Yes,No,No,No internet service,No internet service,No internet service,No internet service,No internet service,No internet service,Month-to-month,Yes,Mailed check,27.13,1534.56,2,2,5.0,No
CUST-03692,Female,0,No,No,49,Yes,Yes,DSL,No,No,Yes,No,No,Yes,Month-to-month,Yes,Credit card (automatic),70.99,3287.71,0,1,5.0,No
CUST-03693,Male,1,No,No,61,Yes,No,DSL,No,No,No,No,Yes,No,Month-to-month,No,Electronic check,52.15,3233.52,1,2,3.5,No
CUST-03694,Male,0,Yes,No,54,No,No phone service,No,No internet service,No internet service,No internet service,No internet service,No internet service,No internet service,Month-to-month,No,Mailed check,18.0,994.06,2,0,4.9,No
CUST-03695,Male,0,No,No,71,Yes,Yes,Fiber optic,No,Yes,Yes,Yes,No,No,One year,Yes,Bank transfer (automatic),86.79,6438.37,6,0,3.2,No
CUST-03696,Female,0,No,No,49,No,No phone service,DSL,Yes,No,Yes,No,No,No,Two year,Yes,Electronic check,76.17,3436.29,1,0,4.3,No
CUST-03697,Male,0,No,Yes,33,Yes,Yes,Fiber optic,No,No,Yes,No,No,No,Two year,No,Electronic check,105.27,3546.79,4,0,4.5,Yes
CUST-03698,Male,0,No,No,61,Yes,No,No,No internet service,No internet service,No internet service,No internet service,No internet service,No internet service,Month-to-month,Yes,Credit card (automatic),44.08,2871.59,0,2,5.0,No
CUST-03699,Male,0,No,No,51,Yes,Yes,No,No internet service,No internet service,No internet service,No internet service,No internet service,No internet service,Month-to-month,No,Electronic check,22.48,1138.45,2,1,4.9,No
CUST-03700,Female,0,No,No,41,Yes,No,DSL,No,No,No,No,Yes,Yes,One year,No,Electronic check,70.2,2991.24,2,1,4.7,No
CUST-03701,Male,0,No,No,42,Yes,No,No,No internet service,No internet service,No internet service,No internet service,No internet service,No internet service,One year,No,Bank transfer (automatic),22.74,938.3,1,1,4.9,No
CUST-03702,Male,0,No,No,26,Yes,No,Fiber optic,Yes,Yes,Yes,Yes,No,No,One year,Yes,Credit card (automatic),108.81,2661.9,3,0,4.8,No
CUST-03703,Male,1,No,No,45,Yes,No,Fiber optic,No,No,Yes,Yes,No,No,Two year,Yes,Electronic check,99.19,4353.5,3,0,5.0,No
CUST-03704,Female,0,No,Yes,34,Yes,No,Fiber optic,No,No,No,Yes,No,Yes,Month-to-month,Yes,Electronic check,120.0,4207.35,3,3,3.8,Yes
CUST-03705,Female,0,Yes,Yes,10,Yes,No,DSL,No,Yes,No,Yes,No,No,Month-to-month,Yes,Credit card (automatic),60.83,568.61,0,2,4.2,Yes
CUST-03706,Female,0,No,No,32,Yes,Yes,Fiber optic,No,No,Yes,No,Yes,Yes,One year,No,Electronic check,104.74,3315.46,2,0,4.9,No
CUST-03707,Male,0,Yes,No,69,Yes,Yes,DSL,No,No,Yes,No,Yes,No,One year,Yes,Electronic check,46.47,2980.33,2,0,5.0,No
CUST-03708,Female,0,Yes,Yes,24,Yes,Yes,DSL,No,Yes,Yes,Yes,No,No,Month-to-month,Yes,Electronic check,72.91,1854.67,1,4,3.8,Yes
CUST-03709,Male,0,Yes,No,49,Yes,Yes,Fiber optic,Yes,No,No,No,No,Yes,Month-to-month,Yes,Credit card (automatic),75.17,3918.89,3,1,4.4,No
CUST-03710,Female,0,Yes,No,30,Yes,No,No,No internet service,No internet service,No internet service,No internet service,No internet service,No internet service,Two year,Yes,Credit card (automatic),36.54,1083.16,2,0,5.0,No
CUST-03711,Male,0,No,No,21,No,No phone service,Fiber optic,Yes,Yes,No,No,No,Yes,One year,No,Mailed check,87.19,1793.32,2,1,5.0,No
CUST-03712,Female,1,Yes,No,28,Yes,No,Fiber optic,Yes,No,No,No,No,Yes,One year,Yes,Credit card (automatic),110.45,3245.62,2,0,5.0,No
CUST-03713,Female,0,No,Yes,70,Yes,Yes,DSL,No,No,Yes,No,Yes,Yes,Month-to-month,No,Electronic check,43.25,3209.58,0,3,4.3,No
CUST-03714,Male,0,No,No,9,Yes,Yes,No,No internet service,No internet service,No internet service,No internet service,No internet service,No internet service,Two year,No,Electronic check,38.07,349.87,1,0,5.0,No
CUST-03715,Female,0,Yes,No,49,Yes,No,Fiber optic,No,No,Yes,No,Yes,Yes,Month-to-month,No,Mailed check,115.17,5993.54,4,2,4.6,No
CUST-03716,Male,0,Yes,No,60,Yes,No,No,No internet service,No internet service,No internet service,No internet service,No internet service,No internet service,Month-to-month,No,Bank transfer (automatic),28.99,1742.26,2,2,4.0,No
CUST-03717,Male,0,No,No,14,No,No phone service,DSL,No,Yes,No,No,No,Yes,Month-to-month,No,Electronic check,77.47,1023.22,3,1,4.0,No
CUST-03718,Male,1,No,Yes,55,Yes,No,Fiber optic,No,No,Yes,Yes,No,No,Month-to-month,Yes,Mailed check,117.93,7000.78,3,1,5.0,No
CUST-03719,Female,0,Yes,Yes,46,Yes,No,DSL,No,No,No,No,Yes,No,Month-to-month,No,Electronic check,65.29,3193.2,1,1,5.0,No
CUST-03720,Male,0,Yes,Yes,25,Yes,Yes,DSL,No,No,Yes,No,No,Yes,Month-to-month,Yes,Bank transfer (automatic),72.41,1901.26,2,2,4.0,No
CUST-03721,Female,0,Yes,No,13,Yes,No,Fiber optic,No,No,No,Yes,Yes,Yes,Month-to-month,No,Electronic check,71.58,989.89,1,4,3.9,No
CUST-03722,Female,0,Yes,No,69,Yes,Yes,No,No internet service,No internet service,No internet service,No internet service,No internet service,No internet service,Month-to-month,Yes,Mailed check,18.0,1143.12,0,4,3.7,No
CUST-03723,Female,0,Yes,No,15,Yes,No,DSL,No,No,No,No,Yes,Yes,One year,Yes,Electronic check,51.55,834.47,2,1,3.7,No
CUST-03724,Female,0,No,No,69,Yes,Yes,Fiber optic,Yes,No,Yes,Yes,No,Yes,Month-to-month,No,Mailed check,91.85,6272.46,2,1,4.1,No
CUST-03725,Male,0,Yes,Yes,47,Yes,No,Fiber optic,Yes,No,Yes,No,Yes,Yes,Month-to-month,No,Electronic check,82.29,3576.46,2,1,4.6,No
CUST-03726,Female,0,Yes,No,62,Yes,Yes,Fiber optic,No,No,No,No,Yes,Yes,Two year,No,Credit card (automatic),89.45,5676.18,3,4,4.4,Yes
CUST-03727,Male,0,No,No,22,No,No phone service,Fiber optic,No,No,No,Yes,No,Yes,Month-to-month,No,Bank transfer (automatic),103.4,2129.29,3,2,2.9,No
CUST-03728,Female,0,No,Yes,3,Yes,Yes,Fiber optic,No,Yes,No,No,Yes,No,Month-to-month,No,Mailed check,82.63,239.44,3,2,4.0,No
CUST-03729,Male,0,Yes,No,48,Yes,No,No,No internet service,No internet service,No internet service,No internet service,No internet service,No internet service,One year,No,Electronic check,18.0,839.83,0,0,5.0,No
CUST-03730,Female,0,No,No,27,Yes,No,Fiber optic,No,Yes,Yes,Yes,Yes,Yes,Two year,Yes,Electronic check,114.18,3274.71,3,1,4.5,Yes
CUST-03731,Female,0,No,No,40,Yes,Yes,No,No internet service,No internet service,No internet service,No internet service,No internet service,No internet service,One year,Yes,Mailed check,45.07,1854.84,0,0,5.0,No
CUST-03732,Female,0,Yes,Yes,33,Yes,No,Fiber optic,No,No,No,No,No,No,Month-to-month,No,Electronic check,94.01,3332.0,3,4,4.2,No
CUST-03733,Male,1,Yes,No,24,Yes,Yes,No,No internet service,No internet service,No internet service,No internet service,No internet service,No internet service,One year,Yes,Mailed check,26.83,594.83,2,0,4.1,No
CUST-03734,Female,0,No,No,52,Yes,Yes,No,No internet service,No internet service,No internet service,No internet service,No internet service,No internet service,Month-to-month,Yes,Electronic check,27.64,1515.81,0,2,5.0,No
CUST-03735,Male,0,No,No,37,No,No phone service,DSL,No,No,Yes,No,No,No,One year,No,Mailed check,44.67,1566.35,3,0,5.0,No
CUST-03736,Male,1,No,Yes,46,Yes,No,Fiber optic,No,No,No,No,No,Yes,Month-to-month,No,Credit card (automatic),88.79,3965.36,1,3,4.3,Yes
CUST-03737,Male,0,Yes,Yes,49,Yes,Yes,No,No internet service,No internet service,No internet service,No internet service,No internet service,No internet service,Month-to-month,Yes,Mailed check,40.37,2090.52,0,5,3.7,No
CUST-03738,Female,0,No,No,49,Yes,No,Fiber optic,Yes,Yes,No,Yes,No,Yes,Month-to-month,Yes,Electronic check,113.33,5156.89,1,0,3.8,No
CUST-03739,Female,0,Yes,No,24,No,No phone service,Fiber optic,Yes,No,Yes,No,Yes,No,Month-to-month,Yes,Bank transfer (automatic),76.71,1985.72,5,4,3.6,Yes
CUST-03740,Female,0,No,Yes,56,Yes,Yes,Fiber optic,Yes,No,No,No,No,Yes,One year,No,Credit card (automatic),105.36,6036.5,2,0,4.2,No
CUST-03741,Male,0,No,No,16,Yes,Yes,No,No internet service,No internet service,No internet service,No internet service,No internet service,No internet service,Month-to-month,Yes,Credit card (automatic),18.0,286.9,1,0,4.6,No
CUST-03742,Male,0,Yes,Yes,69,Yes,Yes,DSL,No,No,No,No,Yes,No,Two year,No,Mailed check,43.69,3244.28,1,0,4.7,No
CUST-03743,Female,0,Yes,No,59,Yes,Yes,Fiber optic,No,Yes,No,No,Yes,No,Month-to-month,Yes,Mailed check,101.36,6088.21,1,1,4.3,No
CUST-03744,Male,0,No,No,40,Yes,No,Fiber optic,No,Yes,Yes,No,Yes,No,Month-to-month,No,Electronic check,93.8,3594.55,4,3,3.4,Yes
CUST-03745,Male,0,No,No,13,Yes,Yes,DSL,No,Yes,No,No,Yes,No,One year,Yes,Credit card (automatic),76.76,1021.96,2,0,3.9,No
CUST-03746,Female,0,Yes,No,66,Yes,No,DSL,No,Yes,Yes,Yes,No,Yes,Two year,No,Electronic check,66.88,4118.31,3,0,4.9,No
CUST-03747,Male,0,No,No,40,Yes,No,Fiber optic,No,No,No,Yes,No,No,Month-to-month,No,Mailed check,88.11,3751.44,5,1,3.8,Yes
CUST-03748,Female,0,Yes,No,59,Yes,Yes,No,No internet service,No internet service,No internet service,No internet service,No internet service,No internet service,One year,Yes,Mailed check,30.5,1841.89,1,2,4.4,No
CUST-03749,Female,0,Yes,Yes,2,Yes,No,No,No internet service,No internet service,No internet service,No internet service,No internet service,No internet service,One year,Yes,Electronic check,27.58,56.45,0,1,5.0,No
CUST-03750,Female,0,Yes,No,25,No,No phone service,No,No internet service,No internet service,No internet service,No internet service,No internet service,No internet service,One year,Yes,Mailed check,21.4,530.96,3,0,3.9,Yes
CUST-03751,Female,0,No,No,22,Yes,No,No,No internet service,No internet service,No internet service,No internet service,No internet service,No internet service,Month-to-month,Yes,Bank transfer (automatic),18.0,415.8,2,1,4.3,No
CUST-03752,Female,0,Yes,No,59,Yes,Yes,DSL,No,No,No,Yes,No,Yes,One year,Yes,Electronic check,46.71,2873.7,0,0,5.0,No
CUST-03753,Female,0,No,No,34,Yes,No,Fiber optic,Yes,No,Yes,Yes,Yes,No,Month-to-month,Yes,Electronic check,100.55,3462.14,1,1,4.9,No
CUST-03754,Male,1,Yes,Yes,9,Yes,No,DSL,Yes,No,No,No,No,No,Month-to-month,Yes,Mailed check,76.01,683.24,1,2,4.2,No
CUST-03755,Male,0,No,Yes,45,Yes,No,Fiber optic,No,No,No,No,Yes,Yes,Month-to-month,No,Credit card (automatic),104.92,4665.58,7,0,4.0,Yes
CUST-03756,Male,0,No,No,12,Yes,No,No,No internet service,No internet service,No internet service,No internet service,No internet service,No internet service,Month-to-month,Yes,Credit card (automatic),35.9,455.54,0,2,3.4,No
CUST-03757,Female,0,Yes,No,33,Yes,No,DSL,Yes,No,Yes,Yes,No,Yes,One year,No,Mailed check,42.7,1506.24,4,0,3.8,No
CUST-03758,Female,1,Yes,Yes,72,No,No phone service,Fiber optic,No,No,No,Yes,No,No,Month-to-month,No,Credit card (automatic),92.29,6836.05,4,0,4.7,No
CUST-03759,Male,0,Yes,Yes,32,Yes,Yes,Fiber optic,No,No,No,Yes,No,Yes,Month-to-month,Yes,Bank transfer (automatic),89.31,3078.13,5,2,3.6,No
CUST-03760,Female,0,Yes,Yes,31,Yes,No,DSL,No,No,Yes,No,Yes,No,Month-to-month,Yes,Credit card (automatic),37.47,1247.23,5,1,4.0,No
CUST-03761,Male,0,No,No,3,Yes,Yes,No,No internet service,No internet service,No internet service,No internet service,No internet service,No internet service,Month-to-month,No,Bank transfer (automatic),46.9,142.87,0,3,4.6,No
CUST-03762,Female,0,No,Yes,34,Yes,No,Fiber optic,No,Yes,No,Yes,No,No,Month-to-month,Yes,Electronic check,87.11,2954.44,4,2,4.3,No
CUST-03763,Female,1,Yes,No,69,Yes,Yes,Fiber optic,Yes,Yes,No,No,Yes,Yes,Two year,Yes,Credit card (automatic),80.96,5604.99,3,2,3.8,No
CUST-03764,Female,0,No,No,69,Yes,No,No,No internet service,No internet service,No internet service,No internet service,No internet service,No internet service,Month-to-month,Yes,Mailed check,41.23,2809.06,3,1,4.2,No
CUST-03765,Male,0,Yes,No,70,Yes,No,DSL,No,Yes,Yes,Yes,No,Yes,One year,Yes,Electronic check,47.86,3529.09,2,0,4.2,Yes
CUST-03766,Male,0,Yes,No,27,Yes,No,Fiber optic,No,No,No,Yes,Yes,Yes,One year,Yes,Mailed check,98.81,2757.4,2,0,4.8,No
CUST-03767,Female,0,Yes,Yes,5,Yes,Yes,Fiber optic,No,Yes,Yes,No,No,Yes,Month-to-month,Yes,Credit card (automatic),83.16,422.22,5,2,3.1,Yes
CUST-03768,Female,0,Yes,No,18,Yes,No,Fiber optic,No,No,No,No,No,Yes,Month-to-month,Yes,Bank transfer (automatic),89.4,1689.06,0,2,4.9,Yes
CUST-03769,Female,0,No,No,16,Yes,Yes,Fiber optic,No,No,Yes,No,No,No,Month-to-month,No,Bank transfer (automatic),108.97,1771.85,0,1,4.5,Yes
CUST-03770,Male,0,Yes,No,6,Yes,Yes,Fiber optic,No,No,No,No,Yes,No,Month-to-month,No,Electronic check,82.61,528.15,4,2,4.0,No
CUST-03771,Male,0,No,No,52,Yes,No,DSL,No,Yes,No,Yes,No,No,Month-to-month,No,Bank transfer (automatic),59.57,2856.93,4,5,3.4,No
CUST-03772,Male,0,Yes,No,38,Yes,No,DSL,No,No,No,No,No,Yes,Month-to-month,Yes,Electronic check,72.36,2767.71,1,1,5.0,No
CUST-03773,Female,0,No,Yes,52,Yes,No,No,No internet service,No internet service,No internet service,No internet service,No internet service,No internet service,Month-to-month,Yes,Electronic check,52.67,2854.2,0,7,3.9,No
CUST-03774,Male,1,Yes,No,15,Yes,No,DSL,No,No,No,No,Yes,No,One year,No,Credit card (automatic),41.93,662.36,1,2,4.2,No
CUST-03775,Male,0,Yes,No,51,Yes,No,No,No internet service,No internet service,No internet service,No internet service,No internet service,No internet service,Two year,No,Mailed check,18.0,913.4,2,0,4.8,No
CUST-03776,Male,0,Yes,No,5,Yes,Yes,DSL,No,Yes,Yes,No,Yes,No,Month-to-month,Yes,Credit card (automatic),37.06,178.58,0,1,4.3,No
CUST-03777,Female,0,Yes,Yes,52,No,No phone service,No,No internet service,No internet service,No internet service,No internet service,No internet service,No internet service,Two year,Yes,Electronic check,20.11,999.38,1,0,4.2,No
CUST-03778,Female,0,Yes,Yes,59,Yes,No,No,No internet service,No internet service,No internet service,No internet service,No internet service,No internet service,Month-to-month,No,Bank transfer (automatic),50.1,2895.23,1,1,5.0,No
CUST-03779,Female,0,Yes,Yes,19,Yes,No,DSL,No,No,No,No,No,No,Month-to-month,No,Electronic check,55.14,1116.95,2,2,4.0,No
CUST-03780,Male,0,No,No,24,Yes,No,Fiber optic,No,Yes,No,No,No,No,One year,No,Electronic check,98.53,2383.24,2,0,4.7,No
CUST-03781,Male,0,Yes,No,32,Yes,Yes,No,No internet service,No internet service,No internet service,No internet service,No internet service,No internet service,One year,No,Electronic check,36.82,1221.25,2,3,4.1,Yes
CUST-03782,Male,0,No,No,42,Yes,Yes,Fiber optic,Yes,No,No,Yes,Yes,No,One year,Yes,Electronic check,72.04,2990.62,4,0,5.0,Yes
CUST-03783,Male,0,No,Yes,39,Yes,Yes,No,No internet service,No internet service,No internet service,No internet service,No internet service,No internet service,One year,No,Credit card (automatic),41.87,1685.26,1,2,5.0,No
CUST-03784,Female,0,No,Yes,8,Yes,No,DSL,No,No,No,Yes,No,No,Month-to-month,Yes,Bank transfer (automatic),69.04,593.92,2,0,4.6,No
CUST-03785,Female,0,No,Yes,28,Yes,Yes,No,No internet service,No internet service,No internet service,No internet service,No internet service,No internet service,Month-to-month,Yes,Credit card (automatic),28.28,801.65,1,0,4.6,Yes
CUST-03786,Female,0,Yes,Yes,37,Yes,No,Fiber optic,No,No,Yes,No,No,Yes,Month-to-month,Yes,Electronic check,109.69,4355.23,2,2,3.7,No
CUST-03787,Male,0,No,No,45,Yes,No,Fiber optic,Yes,No,Yes,No,Yes,Yes,Two year,No,Credit card (automatic),102.56,4851.68,2,1,4.1,No
CUST-03788,Male,0,No,Yes,46,Yes,Yes,Fiber optic,Yes,Yes,Yes,No,Yes,Yes,Two year,Yes,Electronic check,64.94,2862.11,3,1,4.4,Yes
CUST-03789,Female,0,No,No,48,Yes,Yes,DSL,No,No,Yes,Yes,Yes,No,Month-to-month,Yes,Electronic check,70.85,3253.44,2,4,3.3,No
CUST-03790,Male,1,Yes,No,33,Yes,No,Fiber optic,No,Yes,Yes,Yes,Yes,No,One year,No,Credit card (automatic),104.76,3668.39,4,1,4.6,No
CUST-03791,Male,0,No,No,37,No,No phone service,DSL,Yes,No,Yes,No,No,No,Month-to-month,Yes,Electronic check,57.25,2032.68,2,3,4.3,No
CUST-03792,Male,0,Yes,No,25,Yes,No,No,No internet service,No internet service,No internet service,No internet service,No internet service,No internet service,One year,Yes,Credit card (automatic),36.51,873.55,0,1,4.3,No
CUST-03793,Male,0,No,No,20,Yes,No,Fiber optic,Yes,Yes,No,No,Yes,Yes,Month-to-month,Yes,Credit card (automatic),98.73,1938.77,3,1,4.3,No
CUST-03794,Female,0,Yes,No,23,Yes,Yes,Fiber optic,No,No,No,No,Yes,No,One year,Yes,Electronic check,65.94,1559.02,0,0,4.9,No
CUST-03795,Female,0,Yes,Yes,32,Yes,Yes,No,No internet service,No internet service,No internet service,No internet service,No internet service,No internet service,Month-to-month,No,Credit card (automatic),38.79,1199.07,1,2,4.1,No
CUST-03796,Male,0,No,No,8,Yes,No,No,No internet service,No internet service,No internet service,No internet service,No internet service,No internet service,One year,Yes,Mailed check,18.45,152.89,1,0,5.0,No
CUST-03797,Female,0,No,Yes,16,Yes,No,No,No internet service,No internet service,No internet service,No internet service,No internet service,No internet service,Month-to-month,Yes,Bank transfer (automatic),32.71,496.15,0,3,5.0,No
CUST-03798,Male,0,Yes,No,9,Yes,No,DSL,Yes,No,No,Yes,No,Yes,One year,No,Credit card (automatic),63.82,612.33,2,1,4.5,No
CUST-03799,Male,0,No,No,30,Yes,Yes,No,No internet service,No internet service,No internet service,No internet service,No internet service,No internet service,Month-to-month,Yes,Bank transfer (automatic),32.36,931.85,1,4,4.3,No
CUST-03800,Male,0,No,No,36,Yes,No,DSL,Yes,No,No,No,No,Yes,Two year,No,Credit card (automatic),77.08,2661.86,2,0,4.4,No
CUST-03801,Female,0,No,Yes,12,Yes,No,Fiber optic,No,No,No,No,No,No,One year,Yes,Credit card (automatic),113.11,1311.21,3,0,5.0,Yes
CUST-03802,Female,0,No,Yes,10,Yes,Yes,No,No internet service,No internet service,No internet service,No internet service,No internet service,No internet service,Month-to-month,Yes,Electronic check,32.67,344.88,2,4,3.9,No
CUST-03803,Female,0,Yes,Yes,38,Yes,No,DSL,No,No,No,Yes,No,Yes,Month-to-month,No,Bank transfer (automatic),59.1,2102.0,1,1,5.0,No
CUST-03804,Male,0,Yes,No,17,Yes,Yes,DSL,No,No,Yes,No,No,No,Month-to-month,Yes,Mailed check,69.99,1175.84,3,1,4.1,No
CUST-03805,Male,1,No,No,63,Yes,Yes,Fiber optic,No,No,No,Yes,Yes,No,One year,No,Electronic check,119.9,7901.78,6,3,3.7,No
CUST-03806,Female,0,Yes,No,12,Yes,Yes,Fiber optic,No,Yes,No,No,No,Yes,Month-to-month,No,Electronic check,99.32,1103.37,3,3,3.8,Yes
CUST-03807,Male,0,No,No,35,Yes,Yes,Fiber optic,Yes,Yes,Yes,No,Yes,Yes,One year,Yes,Electronic check,78.4,2754.38,1,2,4.3,No
CUST-03808,Male,1,No,Yes,58,Yes,No,No,No internet service,No internet service,No internet service,No internet service,No internet service,No internet service,One year,Yes,Mailed check,21.48,1150.15,1,1,5.0,No
CUST-03809,Female,0,No,No,8,Yes,Yes,No,No internet service,No internet service,No internet service,No internet service,No internet service,No internet service,Month-to-month,No,Electronic check,36.8,295.42,4,1,4.1,No
CUST-03810,Female,0,Yes,No,33,Yes,Yes,No,No internet service,No internet service,No internet service,No internet service,No internet service,No internet service,Month-to-month,No,Electronic check,42.37,1459.75,1,2,5.0,No
CUST-03811,Male,0,No,No,34,Yes,Yes,DSL,No,Yes,Yes,No,No,Yes,Two year,No,Credit card (automatic),53.11,1858.78,2,2,4.5,No
CUST-03812,Male,0,No,No,40,Yes,No,Fiber optic,No,No,Yes,No,Yes,No,One year,Yes,Credit card (automatic),87.74,3254.46,2,0,4.6,No
CUST-03813,Female,0,Yes,No,64,Yes,No,No,No internet service,No internet service,No internet service,No internet service,No internet service,No internet service,One year,Yes,Bank transfer (automatic),34.45,2094.05,0,1,5.0,No
CUST-03814,Male,0,Yes,Yes,42,Yes,Yes,DSL,No,No,No,No,No,No,One year,Yes,Credit card (automatic),54.59,2150.25,3,0,4.4,No
CUST-03815,Male,0,Yes,No,28,Yes,No,Fiber optic,No,No,Yes,No,No,Yes,Month-to-month,Yes,Mailed check,86.61,2392.94,7,5,3.1,Yes
CUST-03816,Male,0,Yes,No,29,Yes,No,DSL,No,No,No,No,Yes,No,Two year,No,Mailed check,72.81,2123.44,0,0,4.6,No
CUST-03817,Male,0,No,No,45,Yes,No,DSL,Yes,Yes,Yes,No,Yes,Yes,Month-to-month,No,Mailed check,70.88,3090.32,0,5,4.6,No
CUST-03818,Female,0,No,Yes,22,Yes,No,DSL,No,No,No,No,No,Yes,Month-to-month,No,Electronic check,35.43,800.23,3,1,4.7,Yes
CUST-03819,Female,0,Yes,No,50,Yes,No,Fiber optic,No,No,Yes,No,No,Yes,One year,No,Mailed check,118.73,5491.75,7,1,3.8,Yes
CUST-03820,Female,1,No,No,28,Yes,No,Fiber optic,No,No,No,No,No,Yes,Two year,Yes,Mailed check,78.46,2060.54,4,0,4.2,No
CUST-03821,Male,0,Yes,Yes,5,Yes,No,DSL,No,No,No,No,No,No,One year,Yes,Mailed check,73.83,344.73,3,0,5.0,No
CUST-03822,Male,1,Yes,No,39,No,No phone service,Fiber optic,Yes,No,Yes,No,No,No,One year,No,Mailed check,81.44,3223.93,5,1,3.7,Yes
CUST-03823,Female,0,Yes,No,19,Yes,No,DSL,No,No,No,Yes,Yes,No,Month-to-month,Yes,Mailed check,51.47,905.57,2,2,4.2,No
CUST-03824,Male,0,No,No,26,No,No phone service,DSL,No,Yes,Yes,Yes,No,No,Month-to-month,Yes,Bank transfer (automatic),37.72,941.49,3,1,4.2,No
CUST-03825,Female,0,No,Yes,24,No,No phone service,No,No internet service,No internet service,No internet service,No internet service,No internet service,No internet service,Two year,Yes,Credit card (automatic),24.54,634.77,3,0,4.2,No
CUST-03826,Female,0,No,No,10,Yes,No,Fiber optic,No,No,No,No,Yes,Yes,Two year,Yes,Credit card (automatic),101.53,983.15,2,0,4.9,No
CUST-03827,Male,0,No,No,21,Yes,No,No,No internet service,No internet service,No internet service,No internet service,No internet service,No internet service,Two year,Yes,Electronic check,18.0,362.79,2,1,4.6,No
CUST-03828,Female,1,Yes,No,66,Yes,No,DSL,No,No,No,No,No,Yes,Two year,No,Electronic check,67.04,4462.35,0,1,5.0,No
CUST-03829,Female,0,No,No,24,Yes,No,DSL,No,Yes,Yes,No,Yes,No,Month-to-month,Yes,Credit card (automatic),71.46,1579.53,2,0,4.8,No
CUST-03830,Male,0,Yes,No,53,Yes,Yes,No,No internet service,No internet service,No internet service,No internet service,No internet service,No internet service,One year,Yes,Electronic check,28.35,1417.23,0,1,4.6,No
CUST-03831,Female,0,Yes,No,30,Yes,No,DSL,No,No,Yes,No,No,Yes,One year,No,Electronic check,79.46,2501.77,2,0,4.7,No
CUST-03832,Male,0,No,No,5,Yes,Yes,Fiber optic,No,Yes,Yes,Yes,No,No,Month-to-month,Yes,Electronic check,71.32,341.0,2,3,4.1,Yes
CUST-03833,Female,0,Yes,No,61,Yes,Yes,Fiber optic,Yes,No,Yes,No,Yes,No,Month-to-month,No,Mailed check,88.36,5087.79,1,1,4.6,No
CUST-03834,Female,1,Yes,No,66,Yes,Yes,Fiber optic,Yes,Yes,No,No,No,Yes,Two year,No,Electronic check,99.07,6103.96,3,0,5.0,No
CUST-03835,Male,0,Yes,Yes,17,Yes,Yes,No,No internet service,No internet service,No internet service,No internet service,No internet service,No internet service,Two year,No,Electronic check,23.06,388.71,2,1,4.0,No
CUST-03836,Female,0,Yes,No,13,Yes,No,No,No internet service,No internet service,No internet service,No internet service,No internet service,No internet service,Month-to-month,Yes,Electronic check,33.67,465.79,1,2,5.0,Yes
CUST-03837,Male,0,No,Yes,68,No,No phone service,DSL,Yes,Yes,No,No,Yes,No,Month-to-month,No,Mailed check,72.33,4735.04,3,1,3.7,No
CUST-03838,Female,0,Yes,No,8,Yes,Yes,DSL,No,No,Yes,No,Yes,No,Two year,No,Bank transfer (automatic),81.6,656.25,2,0,5.0,No
CUST-03839,Female,1,No,Yes,65,Yes,Yes,Fiber optic,No,No,No,No,No,Yes,Two year,No,Credit card (automatic),118.66,8038.31,2,0,4.1,No
CUST-03840,Female,1,No,No,13,Yes,Yes,DSL,No,Yes,No,No,No,No,One year,Yes,Electronic check,41.82,508.87,0,0,5.0,No
CUST-03841,Female,0,No,No,63,Yes,No,Fiber optic,No,No,No,Yes,Yes,Yes,Month-to-month,Yes,Bank transfer (automatic),94.79,6105.93,2,3,4.3,No
CUST-03842,Male,1,Yes,No,68,Yes,No,Fiber optic,Yes,No,No,No,Yes,Yes,Month-to-month,Yes,Electronic check,73.55,4659.35,4,1,4.0,No
CUST-03843,Female,0,No,No,18,Yes,Yes,No,No internet service,No internet service,No internet service,No internet service,No internet service,No internet service,Month-to-month,Yes,Bank transfer (automatic),18.8,324.93,1,1,5.0,No
CUST-03844,Male,0,Yes,Yes,16,No,No phone service,No,No internet service,No internet service,No internet service,No internet service,No internet service,No internet service,Month-to-month,Yes,Electronic check,21.93,365.9,2,3,3.9,No
CUST-03845,Female,0,Yes,No,8,Yes,No,DSL,No,Yes,No,Yes,No,Yes,Month-to-month,Yes,Mailed check,45.56,,1,1,5.0,No
CUST-03846,Male,0,No,No,57,No,No phone service,DSL,Yes,No,Yes,No,Yes,Yes,Month-to-month,Yes,Mailed check,43.91,2703.08,1,1,4.5,No
CUST-03847,Female,0,Yes,No,26,Yes,Yes,No,No internet service,No internet service,No internet service,No internet service,No internet service,No internet service,Month-to-month,Yes,Credit card (automatic),18.82,484.65,2,2,4.2,No
CUST-03848,Male,0,No,No,47,Yes,No,DSL,No,No,Yes,No,No,No,Month-to-month,No,Electronic check,57.84,2643.26,0,2,4.8,No
CUST-03849,Female,0,Yes,No,45,No,No phone service,DSL,No,Yes,No,Yes,No,No,Two year,No,Credit card (automatic),66.75,2965.4,2,1,4.4,No
CUST-03850,Male,1,No,Yes,38,Yes,Yes,DSL,Yes,No,Yes,No,Yes,Yes,Month-to-month,Yes,Bank transfer (automatic),74.31,2635.1,1,2,3.6,No
CUST-03851,Female,1,No,Yes,18,Yes,No,Fiber optic,No,No,Yes,Yes,Yes,Yes,Month-to-month,No,Mailed check,76.46,1293.16,1,3,3.2,No
CUST-03852,Male,0,No,No,27,Yes,Yes,DSL,No,No,No,No,No,No,Month-to-month,Yes,Bank transfer (automatic),66.46,1759.27,3,3,4.1,No
CUST-03853,Male,0,Yes,No,37,Yes,Yes,DSL,Yes,No,No,No,No,No,One year,Yes,Mailed check,41.03,1582.58,0,0,5.0,No
CUST-03854,Male,0,Yes,No,7,Yes,Yes,DSL,No,No,No,No,No,Yes,Month-to-month,Yes,Bank transfer (automatic),64.46,415.26,0,2,5.0,No
CUST-03855,Male,0,No,No,30,Yes,No,No,No internet service,No internet service,No internet service,No internet service,No internet service,No internet service,Month-to-month,Yes,Electronic check,33.31,943.87,2,1,4.1,No
CUST-03856,Female,0,No,No,52,Yes,Yes,DSL,Yes,No,No,No,No,No,One year,No,Credit card (automatic),46.53,2272.6,1,3,4.0,No
CUST-03857,Male,0,Yes,No,31,Yes,Yes,No,No internet service,No internet service,No internet service,No internet service,No internet service,No internet service,Month-to-month,Yes,Electronic check,37.03,1140.01,1,2,4.3,No
CUST-03858,Male,0,Yes,No,29,Yes,Yes,Fiber optic,No,Yes,Yes,No,No,No,Month-to-month,Yes,Credit card (automatic),71.82,2055.59,1,2,4.6,No
CUST-03859,Male,0,No,Yes,61,Yes,Yes,Fiber optic,Yes,No,Yes,No,Yes,Yes,Two year,No,Mailed check,95.12,5915.68,1,0,5.0,No
CUST-03860,Male,0,No,No,39,Yes,No,No,No internet service,No internet service,No internet service,No internet service,No internet service,No internet service,One year,Yes,Credit card (automatic),25.74,976.02,1,0,5.0,No
CUST-03861,Female,0,No,No,54,Yes,Yes,Fiber optic,No,Yes,No,Yes,No,No,One year,No,Electronic check,88.77,4545.38,2,0,4.2,No
CUST-03862,Female,1,No,Yes,4,Yes,No,DSL,Yes,No,Yes,Yes,No,Yes,Two year,No,Electronic check,48.54,198.66,0,0,5.0,No
CUST-03863,Male,0,Yes,No,67,Yes,Yes,Fiber optic,No,Yes,No,No,No,Yes,One year,No,Credit card (automatic),76.65,5283.45,5,0,5.0,No
CUST-03864,Female,0,Yes,No,56,Yes,No,DSL,Yes,No,Yes,No,No,Yes,Month-to-month,No,Credit card (automatic),78.03,4426.42,1,1,4.4,No
CUST-03865,Female,0,No,No,60,Yes,No,DSL,No,No,Yes,Yes,No,Yes,Two year,No,Mailed check,41.89,2565.34,2,0,5.0,No
CUST-03866,Female,0,No,Yes,50,Yes,Yes,No,No internet service,No internet service,No internet service,No internet service,No internet service,No internet service,One year,Yes,Electronic check,27.7,1361.02,1,0,3.8,No
CUST-03867,Female,0,Yes,Yes,39,Yes,Yes,No,No internet service,No internet service,No internet service,No internet service,No internet service,No internet service,Month-to-month,Yes,Mailed check,35.29,1297.94,1,1,5.0,Yes
CUST-03868,Female,0,No,No,39,Yes,No,Fiber optic,No,No,Yes,No,No,No,Month-to-month,Yes,Credit card (automatic),89.01,3714.51,3,3,3.1,No
CUST-03869,Male,0,Yes,Yes,45,No,No phone service,Fiber optic,Yes,No,Yes,No,Yes,No,Month-to-month,Yes,Mailed check,83.59,3518.31,4,0,4.2,No
CUST-03870,Female,0,Yes,Yes,36,Yes,Yes,Fiber optic,Yes,Yes,No,No,No,No,Month-to-month,Yes,Bank transfer (automatic),76.52,2885.58,2,1,4.6,No
CUST-03871,Male,0,No,No,53,Yes,Yes,DSL,Yes,Yes,Yes,Yes,No,No,Month-to-month,Yes,Mailed check,44.23,2332.21,4,2,4.7,No
CUST-03872,Male,0,Yes,Yes,25,Yes,No,DSL,No,No,No,No,No,No,One year,Yes,Electronic check,58.35,1464.41,4,0,4.2,No
CUST-03873,Female,0,Yes,No,56,Yes,Yes,Fiber optic,No,No,No,Yes,Yes,No,Month-to-month,Yes,Bank transfer (automatic),109.58,5894.69,1,0,4.7,No
CUST-03874,Male,0,No,No,25,Yes,Yes,DSL,No,No,No,No,Yes,Yes,Month-to-month,No,Electronic check,81.39,2142.11,3,2,4.2,No
CUST-03875,Female,0,Yes,Yes,35,Yes,Yes,DSL,No,No,Yes,Yes,Yes,Yes,Month-to-month,Yes,Mailed check,51.29,1888.27,1,4,3.1,No
CUST-03876,Female,0,Yes,No,5,Yes,No,Fiber optic,Yes,No,Yes,Yes,No,Yes,Month-to-month,Yes,Credit card (automatic),111.69,574.49,3,2,4.6,Yes
CUST-03877,Female,0,No,Yes,65,Yes,Yes,Fiber optic,No,No,Yes,No,No,No,Two year,Yes,Electronic check,120.0,7548.81,5,0,4.6,No
CUST-03878,Male,0,Yes,Yes,50,Yes,Yes,DSL,No,Yes,Yes,Yes,No,No,Month-to-month,Yes,Mailed check,57.46,2785.29,0,0,5.0,Yes
CUST-03879,Male,0,No,No,18,Yes,Yes,No,No internet service,No internet service,No internet service,No internet service,No internet service,No internet service,Two year,No,Electronic check,31.19,578.85,0,0,5.0,No
CUST-03880,Male,0,Yes,No,4,Yes,No,Fiber optic,Yes,Yes,No,No,Yes,Yes,Two year,Yes,Electronic check,97.22,359.11,2,1,4.6,No
CUST-03881,Female,0,Yes,No,62,No,No phone service,Fiber optic,No,No,No,Yes,No,Yes,Month-to-month,Yes,Mailed check,120.0,8031.53,2,1,4.9,No
CUST-03882,Male,0,No,No,1,Yes,No,DSL,Yes,No,Yes,No,No,No,Month-to-month,Yes,Electronic check,69.58,64.56,0,3,4.3,No
CUST-03883,Female,0,Yes,No,35,Yes,No,Fiber optic,No,Yes,Yes,Yes,No,Yes,Two year,Yes,Electronic check,76.18,2655.13,1,0,5.0,No
CUST-03884,Male,0,No,No,3,Yes,No,Fiber optic,No,No,No,No,No,Yes,Month-to-month,Yes,Credit card (automatic),94.96,300.24,3,3,4.1,Yes
CUST-03885,Male,1,No,No,50,Yes,No,Fiber optic,No,No,Yes,Yes,No,Yes,Month-to-month,No,Electronic check,96.65,4901.83,2,2,4.6,No
CUST-03886,Male,1,No,No,15,Yes,No,Fiber optic,No,No,No,Yes,No,Yes,Two year,Yes,Bank transfer (automatic),109.96,1634.74,2,1,3.6,No
CUST-03887,Male,0,Yes,No,31,Yes,No,DSL,No,No,No,No,No,Yes,One year,No,Mailed check,64.27,1947.4,0,1,4.6,No
CUST-03888,Male,0,Yes,Yes,42,Yes,Yes,DSL,No,Yes,No,No,No,No,Month-to-month,No,Mailed check,51.11,2047.33,0,0,5.0,No
CUST-03889,Male,0,No,No,27,Yes,No,No,No internet service,No internet service,No internet service,No internet service,No internet service,No internet service,Month-to-month,Yes,Mailed check,41.31,1163.38,0,1,4.8,No
CUST-03890,Female,0,Yes,No,50,Yes,Yes,DSL,No,No,Yes,No,Yes,Yes,One year,Yes,Mailed check,82.08,4232.46,4,1,4.3,No
CUST-03891,Female,0,No,Yes,37,Yes,Yes,Fiber optic,No,No,No,No,No,No,Month-to-month,Yes,Electronic check,98.61,3842.45,3,2,4.1,Yes
CUST-03892,Female,0,No,No,31,Yes,Yes,No,No internet service,No internet service,No internet service,No internet service,No internet service,No internet service,One year,Yes,Credit card (automatic),25.19,814.09,4,0,4.7,No
CUST-03893,Male,0,Yes,No,24,Yes,No,DSL,No,Yes,No,No,No,No,Month-to-month,Yes,Electronic check,60.27,1359.43,1,5,3.5,No
CUST-03894,Male,0,Yes,Yes,30,Yes,No,No,No internet service,No internet service,No internet service,No internet service,No internet service,No internet service,Two year,No,Bank transfer (automatic),36.96,1022.56,1,2,4.9,No
CUST-03895,Female,0,No,No,24,Yes,No,No,No internet service,No internet service,No internet service,No internet service,No internet service,No internet service,One year,No,Bank transfer (automatic),24.66,562.67,2,0,4.4,No
CUST-03896,Female,0,No,No,42,Yes,No,Fiber optic,Yes,No,No,No,No,Yes,Two year,No,Electronic check,108.66,4213.29,2,1,4.6,No
CUST-03897,Female,1,Yes,No,56,Yes,Yes,Fiber optic,No,No,No,No,No,No,Two year,Yes,Electronic check,79.88,4743.78,3,0,4.0,No
CUST-03898,Male,0,No,No,43,Yes,No,No,No internet service,No internet service,No internet service,No internet service,No internet service,No internet service,Month-to-month,Yes,Credit card (automatic),19.83,831.95,0,1,4.6,No
CUST-03899,Male,0,No,No,3,Yes,Yes,DSL,No,No,No,No,No,No,Month-to-month,Yes,Electronic check,73.28,235.46,5,3,4.3,No
CUST-03900,Female,1,Yes,No,61,Yes,No,Fiber optic,No,No,No,No,No,No,Two year,Yes,Mailed check,120.0,6886.29,2,0,4.9,No
CUST-03901,Female,0,Yes,No,57,Yes,Yes,Fiber optic,Yes,No,Yes,No,Yes,Yes,Month-to-month,Yes,Electronic check,78.81,4610.43,0,2,4.6,No
CUST-03902,Female,0,No,Yes,59,Yes,Yes,No,No internet service,No internet service,No internet service,No internet service,No internet service,No internet service,Month-to-month,No,Mailed check,34.36,1892.57,2,2,5.0,No
CUST-03903,Female,0,No,Yes,4,Yes,No,Fiber optic,No,No,No,No,No,No,One year,Yes,Electronic check,120.0,495.54,0,0,4.8,No
CUST-03904,Male,0,No,No,60,Yes,Yes,Fiber optic,No,No,No,Yes,No,No,Month-to-month,Yes,Credit card (automatic),108.01,5980.58,4,1,4.4,Yes
CUST-03905,Female,0,Yes,No,34,Yes,Yes,DSL,Yes,Yes,No,No,No,Yes,Month-to-month,No,Electronic check,41.26,1309.78,0,4,4.7,No
CUST-03906,Female,0,No,No,61,Yes,No,DSL,Yes,No,Yes,No,Yes,No,Month-to-month,No,Credit card (automatic),66.23,3886.03,3,1,3.9,No
CUST-03907,Female,0,No,Yes,57,Yes,No,No,No internet service,No internet service,No internet service,No internet service,No internet service,No internet service,Month-to-month,Yes,Mailed check,27.95,1608.94,1,5,3.4,No
CUST-03908,Female,0,No,Yes,64,Yes,Yes,Fiber optic,No,No,No,No,No,No,Two year,No,Mailed check,114.1,7312.72,7,0,4.1,No
CUST-03909,Male,1,Yes,Yes,9,Yes,No,Fiber optic,No,Yes,Yes,No,No,Yes,One year,No,Bank transfer (automatic),107.65,990.09,4,1,4.4,No
CUST-03910,Female,0,Yes,No,40,Yes,No,Fiber optic,No,No,No,No,No,No,Month-to-month,Yes,Bank transfer (automatic),90.2,3787.69,4,4,4.1,No
CUST-03911,Male,0,No,Yes,53,Yes,Yes,DSL,Yes,Yes,No,No,No,No,Month-to-month,Yes,Credit card (automatic),80.86,3998.26,1,3,4.1,No
CUST-03912,Female,0,Yes,No,43,Yes,No,DSL,Yes,No,Yes,No,Yes,No,One year,No,Electronic check,49.55,2143.7,1,0,4.3,No
CUST-03913,Male,0,Yes,No,59,Yes,No,DSL,No,No,Yes,Yes,Yes,No,Month-to-month,No,Mailed check,61.26,3479.79,0,4,3.7,No
CUST-03914,Female,0,No,No,53,Yes,No,No,No internet service,No internet service,No internet service,No internet service,No internet service,No internet service,Month-to-month,No,Credit card (automatic),27.05,1433.03,2,5,3.9,No
CUST-03915,Female,0,Yes,No,3,Yes,Yes,DSL,No,No,No,No,Yes,Yes,Month-to-month,No,Electronic check,68.32,191.18,1,2,5.0,No
CUST-03916,Male,1,No,Yes,15,Yes,No,Fiber optic,Yes,Yes,No,Yes,Yes,No,One year,No,Electronic check,91.94,1363.15,1,1,4.9,Yes
CUST-03917,Male,0,No,No,46,Yes,No,No,No internet service,No internet service,No internet service,No internet service,No internet service,No internet service,Two year,Yes,Electronic check,35.21,1582.84,5,0,4.5,Yes
CUST-03918,Female,0,No,No,26,Yes,No,No,No internet service,No internet service,No internet service,No internet service,No internet service,No internet service,Month-to-month,No,Electronic check,43.54,1208.24,1,3,4.2,No
CUST-03919,Male,0,Yes,Yes,26,Yes,No,Fiber optic,No,No,Yes,No,No,No,Month-to-month,No,Electronic check,104.71,2543.58,0,5,3.6,Yes
CUST-03920,Female,0,No,No,66,Yes,No,Fiber optic,Yes,No,No,No,No,Yes,Month-to-month,Yes,Electronic check,108.46,6701.41,8,2,3.4,Yes
CUST-03921,Female,0,No,No,7,Yes,Yes,No,No internet service,No internet service,No internet service,No internet service,No internet service,No internet service,Month-to-month,No,Electronic check,29.07,201.99,1,5,3.9,Yes
CUST-03922,Female,0,No,Yes,38,Yes,No,No,No internet service,No internet service,No internet service,No internet service,No internet service,No internet service,Month-to-month,Yes,Electronic check,18.0,733.46,1,0,4.6,No
CUST-03923,Male,0,Yes,No,23,Yes,No,No,No internet service,No internet service,No internet service,No internet service,No internet service,No internet service,One year,No,Credit card (automatic),24.5,588.9,4,0,4.6,No
CUST-03924,Male,0,Yes,Yes,4,Yes,No,Fiber optic,No,No,No,No,No,Yes,Two year,No,Bank transfer (automatic),113.45,440.8,2,0,5.0,No
CUST-03925,Female,0,No,Yes,27,Yes,No,Fiber optic,No,Yes,Yes,Yes,Yes,Yes,Month-to-month,Yes,Electronic check,89.97,2512.64,0,1,4.9,Yes
CUST-03926,Female,0,Yes,Yes,30,Yes,Yes,Fiber optic,Yes,No,No,Yes,Yes,No,Month-to-month,Yes,Credit card (automatic),82.42,2306.19,2,3,4.7,No
CUST-03927,Female,0,No,No,33,Yes,No,No,No internet service,No internet service,No internet service,No internet service,No internet service,No internet service,One year,No,Bank transfer (automatic),30.21,1073.92,1,1,4.3,No
CUST-03928,Male,1,Yes,No,12,Yes,No,Fiber optic,No,No,No,No,No,Yes,Month-to-month,No,Electronic check,90.28,1028.0,2,1,4.2,No
CUST-03929,Female,0,Yes,No,53,Yes,Yes,DSL,No,No,No,Yes,No,Yes,Month-to-month,Yes,Bank transfer (automatic),70.95,3558.71,1,0,5.0,Yes
CUST-03930,Female,1,No,No,26,Yes,Yes,Fiber optic,No,No,No,No,Yes,No,Month-to-month,Yes,Credit card (automatic),107.01,2564.65,2,1,5.0,No
CUST-03931,Female,0,No,No,42,Yes,No,Fiber optic,No,Yes,No,No,Yes,No,One year,Yes,Electronic check,94.82,3851.18,1,0,5.0,Yes
CUST-03932,Male,0,No,No,40,Yes,No,DSL,No,Yes,Yes,No,No,No,One year,No,Credit card (automatic),64.11,2386.34,1,1,3.7,Yes
CUST-03933,Female,0,Yes,No,41,Yes,No,DSL,No,No,No,No,Yes,No,One year,Yes,Mailed check,77.68,3403.95,2,0,4.7,No
CUST-03934,Female,0,No,No,37,Yes,Yes,DSL,Yes,No,No,No,No,No,Two year,Yes,Mailed check,48.08,1738.11,0,0,5.0,No
CUST-03935,Male,0,No,No,22,Yes,No,Fiber optic,No,No,No,Yes,No,No,Month-to-month,Yes,Electronic check,71.07,1571.07,5,4,3.0,Yes
CUST-03936,Female,0,Yes,No,36,Yes,Yes,DSL,No,No,Yes,No,Yes,No,Month-to-month,Yes,Electronic check,50.31,1740.4,2,0,3.9,No
CUST-03937,Female,1,Yes,Yes,39,Yes,No,Fiber optic,Yes,No,Yes,Yes,No,No,Month-to-month,No,Mailed check,86.62,3189.09,4,3,4.7,No
CUST-03938,Male,0,Yes,No,2,Yes,No,No,No internet service,No internet service,No internet service,No internet service,No internet service,No internet service,Month-to-month,Yes,Credit card (automatic),18.26,33.98,1,1,4.2,Yes
CUST-03939,Female,0,No,Yes,53,Yes,No,DSL,No,No,No,No,No,Yes,One year,No,Bank transfer (automatic),48.6,2561.41,2,1,4.4,No
CUST-03940,Female,0,Yes,No,33,Yes,No,DSL,No,No,Yes,No,No,Yes,Month-to-month,No,Credit card (automatic),43.27,1390.89,1,1,3.9,No
CUST-03941,Female,0,No,No,22,Yes,Yes,DSL,No,No,Yes,Yes,Yes,No,One year,No,Bank transfer (automatic),68.53,1520.99,1,0,4.5,No
CUST-03942,Male,0,Yes,Yes,3,Yes,No,No,No internet service,No internet service,No internet service,No internet service,No internet service,No internet service,Month-to-month,No,Credit card (automatic),35.76,114.28,0,2,3.3,No
CUST-03943,Female,0,No,No,22,Yes,No,DSL,No,No,No,No,Yes,No,Month-to-month,No,Electronic check,83.63,1979.14,0,1,5.0,No
CUST-03944,Female,0,No,No,30,Yes,No,DSL,Yes,Yes,No,No,No,No,Month-to-month,No,Credit card (automatic),44.62,1429.67,2,2,4.7,No
CUST-03945,Male,0,No,No,61,Yes,No,DSL,No,No,Yes,No,Yes,Yes,Month-to-month,No,Credit card (automatic),49.9,2947.86,1,3,4.9,No
CUST-03946,Female,0,Yes,No,47,No,No phone service,DSL,No,Yes,Yes,No,No,No,Month-to-month,No,Bank transfer (automatic),45.94,2007.35,2,2,4.8,No
CUST-03947,Male,0,Yes,No,31,Yes,No,Fiber optic,No,No,No,Yes,No,No,One year,No,Bank transfer (automatic),107.2,3339.34,2,0,5.0,No
CUST-03948,Male,0,No,Yes,10,Yes,Yes,Fiber optic,No,No,No,No,No,No,One year,No,Bank transfer (automatic),88.0,898.89,5,0,4.4,No
CUST-03949,Female,0,Yes,No,20,Yes,Yes,DSL,No,No,Yes,No,No,No,One year,Yes,Electronic check,59.21,1112.51,0,1,4.1,No
CUST-03950,Male,1,No,No,67,Yes,No,Fiber optic,Yes,Yes,No,Yes,No,No,Month-to-month,Yes,Electronic check,67.77,,2,2,5.0,No
CUST-03951,Male,0,Yes,No,10,Yes,Yes,Fiber optic,No,No,Yes,No,No,No,Two year,No,Credit card (automatic),80.72,749.42,0,0,4.8,No
CUST-03952,Male,1,Yes,No,46,Yes,No,No,No internet service,No internet service,No internet service,No internet service,No internet service,No internet service,Month-to-month,Yes,Electronic check,31.24,1375.73,2,3,3.3,Yes
CUST-03953,Female,0,Yes,No,38,Yes,No,Fiber optic,Yes,Yes,Yes,No,No,No,One year,No,Electronic check,93.02,3786.92,3,1,5.0,No
CUST-03954,Male,0,No,Yes,16,Yes,No,No,No internet service,No internet service,No internet service,No internet service,No internet service,No internet service,Two year,Yes,Bank transfer (automatic),39.3,654.3,0,0,5.0,No
CUST-03955,Female,0,No,No,63,Yes,Yes,No,No internet service,No internet service,No internet service,No internet service,No internet service,No internet service,Month-to-month,No,Mailed check,26.62,1753.31,1,0,4.8,No
CUST-03956,Female,0,Yes,No,29,Yes,No,Fiber optic,No,No,No,No,Yes,No,Two year,No,Credit card (automatic),115.35,3555.68,3,1,4.4,No
CUST-03957,Female,0,Yes,No,48,Yes,Yes,DSL,No,Yes,No,No,Yes,Yes,Month-to-month,Yes,Bank transfer (automatic),49.24,2299.69,5,0,5.0,No
CUST-03958,Female,0,Yes,Yes,7,Yes,No,Fiber optic,No,No,No,No,No,No,Two year,Yes,Credit card (automatic),108.23,771.33,2,1,4.3,No
CUST-03959,Male,0,No,No,70,Yes,No,DSL,Yes,No,Yes,No,Yes,No,Two year,No,Bank transfer (automatic),61.52,4425.05,2,0,4.1,No
CUST-03960,Male,1,No,No,2,Yes,No,Fiber optic,No,Yes,No,No,No,No,Month-to-month,Yes,Bank transfer (automatic),69.29,141.92,3,2,4.7,No
CUST-03961,Female,0,Yes,Yes,23,Yes,Yes,Fiber optic,Yes,No,Yes,No,No,No,Month-to-month,No,Mailed check,105.6,2312.84,2,0,4.8,No
CUST-03962,Female,0,No,Yes,66,No,No phone service,Fiber optic,Yes,No,Yes,No,No,No,Two year,Yes,Electronic check,97.97,6008.53,3,1,5.0,No
CUST-03963,Female,0,No,No,46,Yes,Yes,Fiber optic,No,No,No,No,No,No,Month-to-month,Yes,Electronic check,70.5,3172.71,8,4,3.3,Yes
CUST-03964,Male,0,No,Yes,49,Yes,No,Fiber optic,Yes,No,No,Yes,No,No,One year,Yes,Bank transfer (automatic),68.47,3577.27,4,1,4.0,No
CUST-03965,Male,0,No,No,23,Yes,No,DSL,No,No,No,No,No,No,Month-to-month,No,Bank transfer (automatic),49.36,1159.98,3,3,3.9,No
CUST-03966,Female,0,No,No,57,Yes,No,DSL,No,Yes,No,No,No,Yes,Month-to-month,No,Electronic check,45.1,2517.56,1,4,3.7,No
CUST-03967,Female,0,No,No,68,Yes,Yes,Fiber optic,Yes,No,No,No,No,No,One year,No,Mailed check,83.26,5545.3,4,2,3.6,No
CUST-03968,Male,0,Yes,No,45,Yes,Yes,DSL,No,No,No,Yes,No,No,Month-to-month,No,Electronic check,49.78,2275.42,0,0,5.0,Yes
CUST-03969,Female,0,Yes,No,16,Yes,No,No,No internet service,No internet service,No internet service,No internet service,No internet service,No internet service,One year,Yes,Bank transfer (automatic),24.35,417.75,3,1,4.6,No
CUST-03970,Female,0,Yes,Yes,66,Yes,No,Fiber optic,No,No,Yes,No,No,No,One year,No,Credit card (automatic),99.09,6323.5,3,0,4.9,No
CUST-03971,Male,0,Yes,No,1,Yes,No,No,No internet service,No internet service,No internet service,No internet service,No internet service,No internet service,Two year,Yes,Mailed check,29.8,29.42,0,0,4.6,No
CUST-03972,Female,0,Yes,Yes,65,Yes,Yes,No,No internet service,No internet service,No internet service,No internet service,No internet service,No internet service,Month-to-month,No,Bank transfer (automatic),41.3,2897.68,2,0,5.0,No
CUST-03973,Male,0,No,Yes,1,No,No phone service,Fiber optic,No,No,No,Yes,Yes,Yes,One year,Yes,Mailed check,81.69,82.26,2,2,4.4,No
CUST-03974,Male,1,No,Yes,5,Yes,No,Fiber optic,No,No,Yes,No,No,No,Month-to-month,Yes,Mailed check,85.44,427.12,2,2,3.6,Yes
CUST-03975,Male,0,Yes,No,4,Yes,No,No,No internet service,No internet service,No internet service,No internet service,No internet service,No internet service,Two year,No,Bank transfer (automatic),28.1,115.26,2,0,5.0,No
CUST-03976,Female,0,Yes,Yes,14,Yes,No,DSL,No,No,No,No,No,Yes,Two year,No,Electronic check,70.29,1024.76,3,0,4.6,No
CUST-03977,Female,0,No,Yes,53,Yes,No,Fiber optic,No,No,Yes,No,No,Yes,Month-to-month,No,Electronic check,75.58,3927.68,3,4,4.4,Yes
CUST-03978,Female,0,No,No,29,Yes,No,DSL,No,No,No,No,No,Yes,Two year,Yes,Bank transfer (automatic),50.23,1535.81,1,0,4.6,No
CUST-03979,Female,0,Yes,Yes,6,Yes,No,Fiber optic,No,No,No,No,No,Yes,One year,No,Credit card (automatic),94.75,544.62,3,0,4.3,No
CUST-03980,Male,0,No,No,25,No,No phone service,No,No internet service,No internet service,No internet service,No internet service,No internet service,No internet service,Month-to-month,Yes,Bank transfer (automatic),42.13,982.08,0,3,4.0,No
CUST-03981,Male,1,Yes,No,72,Yes,Yes,Fiber optic,No,No,Yes,No,Yes,Yes,Month-to-month,Yes,Electronic check,76.14,5519.62,12,4,2.4,Yes
CUST-03982,Male,1,Yes,No,38,Yes,Yes,Fiber optic,No,No,No,No,No,No,Month-to-month,Yes,Mailed check,99.18,3826.74,2,1,5.0,No
CUST-03983,Female,0,No,Yes,53,Yes,No,Fiber optic,No,Yes,No,No,No,No,One year,No,Mailed check,69.41,3566.17,2,0,5.0,No
CUST-03984,Female,0,No,Yes,20,No,No phone service,Fiber optic,Yes,No,No,No,No,No,Month-to-month,Yes,Credit card (automatic),97.88,1890.09,3,0,4.2,No
CUST-03985,Female,0,Yes,No,38,Yes,No,Fiber optic,No,Yes,Yes,No,No,No,Month-to-month,No,Bank transfer (automatic),92.09,3482.01,4,2,3.4,No
CUST-03986,Male,0,No,No,58,No,No phone service,No,No internet service,No internet service,No internet service,No internet service,No internet service,No internet service,Two year,No,Mailed check,46.8,2709.08,0,0,5.0,No
CUST-03987,Male,0,No,Yes,49,Yes,No,DSL,No,No,No,No,Yes,No,One year,No,Mailed check,49.02,2513.39,0,2,5.0,No
CUST-03988,Male,0,Yes,No,1,Yes,Yes,DSL,No,No,Yes,No,No,No,Two year,Yes,Electronic check,56.06,57.28,1,1,4.5,Yes
CUST-03989,Male,0,No,No,44,Yes,Yes,DSL,Yes,Yes,Yes,No,Yes,No,Month-to-month,No,Electronic check,49.74,2306.73,2,2,4.3,Yes
CUST-03990,Male,0,Yes,Yes,57,Yes,No,Fiber optic,No,No,Yes,No,No,No,Month-to-month,No,Bank transfer (automatic),89.58,5260.08,4,2,4.6,No
CUST-03991,Female,0,Yes,No,10,Yes,No,No,No internet service,No internet service,No internet service,No internet service,No internet service,No internet service,Two year,No,Mailed check,41.49,396.75,4,0,4.6,No
CUST-03992,Female,0,Yes,No,29,Yes,Yes,DSL,No,No,No,No,No,Yes,One year,No,Electronic check,68.2,2081.98,1,0,4.6,No
CUST-03993,Male,1,Yes,No,47,Yes,No,Fiber optic,Yes,Yes,Yes,Yes,No,No,Month-to-month,Yes,Mailed check,112.21,5047.45,4,1,4.0,Yes
CUST-03994,Male,0,Yes,No,1,No,No phone service,No,No internet service,No internet service,No internet service,No internet service,No internet service,No internet service,Month-to-month,Yes,Bank transfer (automatic),27.67,27.99,3,0,4.2,No
CUST-03995,Female,0,No,No,52,Yes,Yes,DSL,No,Yes,Yes,No,Yes,No,Month-to-month,Yes,Electronic check,58.42,2911.64,0,1,4.9,No
CUST-03996,Male,0,Yes,No,61,Yes,Yes,No,No internet service,No internet service,No internet service,No internet service,No internet service,No internet service,One year,Yes,Bank transfer (automatic),41.45,2534.95,3,1,3.5,No
CUST-03997,Male,0,No,No,38,Yes,No,No,No internet service,No internet service,No internet service,No internet service,No internet service,No internet service,Month-to-month,Yes,Mailed check,40.37,1505.94,4,0,4.2,No
CUST-03998,Female,0,Yes,No,33,Yes,No,No,No internet service,No internet service,No internet service,No internet service,No internet service,No internet service,Month-to-month,Yes,Electronic check,18.0,595.74,3,3,4.1,No
CUST-03999,Female,1,No,No,7,Yes,No,DSL,Yes,No,No,No,No,Yes,Two year,Yes,Credit card (automatic),47.46,332.16,1,2,4.5,No
CUST-04000,Female,0,No,No,53,Yes,Yes,Fiber optic,No,No,No,No,Yes,Yes,Month-to-month,No,Electronic check,120.0,6280.32,4,5,3.5,No
CUST-04001,Male,0,Yes,Yes,68,Yes,No,DSL,Yes,Yes,No,No,No,No,One year,Yes,Electronic check,65.31,4642.9,2,0,5.0,No
CUST-04002,Female,1,No,No,64,Yes,No,DSL,No,No,No,No,No,No,Month-to-month,Yes,Mailed check,65.27,4368.07,2,1,5.0,No
CUST-04003,Male,0,No,No,40,Yes,Yes,DSL,No,No,Yes,No,Yes,No,Month-to-month,Yes,Electronic check,37.61,1485.24,2,2,3.1,No
CUST-04004,Male,0,No,Yes,3,Yes,No,DSL,No,No,No,No,No,No,Month-to-month,Yes,Electronic check,48.2,152.74,3,2,3.5,No
CUST-04005,Female,1,Yes,No,21,No,No phone service,No,No internet service,No internet service,No internet service,No internet service,No internet service,No internet service,Month-to-month,No,Bank transfer (automatic),18.0,369.82,1,4,3.9,Yes
CUST-04006,Female,0,No,No,19,Yes,No,Fiber optic,Yes,No,No,Yes,No,Yes,Month-to-month,Yes,Electronic check,107.37,2065.19,1,3,4.7,Yes
CUST-04007,Male,0,No,No,1,Yes,Yes,DSL,No,Yes,Yes,Yes,No,Yes,Month-to-month,Yes,Credit card (automatic),41.66,39.08,0,2,4.6,Yes
CUST-04008,Female,0,Yes,No,9,Yes,Yes,Fiber optic,Yes,No,No,Yes,No,No,Month-to-month,Yes,Credit card (automatic),86.19,817.94,1,1,3.8,No
CUST-04009,Male,0,No,Yes,42,Yes,Yes,Fiber optic,Yes,No,No,Yes,No,Yes,Month-to-month,No,Credit card (automatic),103.21,4107.45,2,0,4.7,No
CUST-04010,Male,0,Yes,No,8,Yes,Yes,DSL,No,No,No,No,Yes,No,Two year,Yes,Bank transfer (automatic),63.48,518.11,2,1,4.5,No
CUST-04011,Male,0,Yes,Yes,3,Yes,Yes,DSL,No,Yes,No,No,Yes,Yes,Month-to-month,Yes,Mailed check,79.91,256.71,2,1,4.5,No
CUST-04012,Female,1,No,No,69,Yes,No,Fiber optic,No,No,No,No,Yes,Yes,Month-to-month,Yes,Bank transfer (automatic),69.08,4645.07,2,3,4.3,No
CUST-04013,Female,0,No,No,44,Yes,No,No,No internet service,No internet service,No internet service,No internet service,No internet service,No internet service,Two year,No,Bank transfer (automatic),37.94,1592.28,1,0,4.4,No
CUST-04014,Male,0,Yes,No,59,Yes,Yes,DSL,No,No,Yes,Yes,Yes,No,Month-to-month,Yes,Credit card (automatic),67.1,3985.85,0,2,4.5,Yes
CUST-04015,Male,0,Yes,Yes,18,No,No phone service,No,No internet service,No internet service,No internet service,No internet service,No internet service,No internet service,Month-to-month,Yes,Electronic check,31.19,592.92,1,1,5.0,No
CUST-04016,Male,1,Yes,No,27,Yes,Yes,Fiber optic,No,Yes,No,No,Yes,No,One year,Yes,Electronic check,104.44,2995.56,3,0,4.3,No
CUST-04017,Male,0,No,No,44,Yes,No,Fiber optic,Yes,Yes,No,No,Yes,Yes,Month-to-month,No,Bank transfer (automatic),63.51,2671.76,2,4,4.0,No
CUST-04018,Male,0,Yes,No,50,Yes,Yes,DSL,No,No,No,No,No,No,Month-to-month,Yes,Electronic check,65.67,3532.08,3,4,4.2,Yes
CUST-04019,Male,0,Yes,Yes,27,Yes,No,Fiber optic,No,No,No,Yes,Yes,Yes,Month-to-month,Yes,Credit card (automatic),94.54,2587.33,2,1,4.7,No
CUST-04020,Female,0,Yes,Yes,67,Yes,Yes,Fiber optic,No,No,No,No,Yes,No,One year,No,Electronic check,86.6,5934.71,2,3,3.9,Yes
CUST-04021,Male,1,No,No,51,Yes,Yes,DSL,No,Yes,Yes,Yes,No,No,One year,Yes,Bank transfer (automatic),44.33,2170.01,3,0,4.8,No
CUST-04022,Male,1,Yes,No,16,Yes,No,No,No internet service,No internet service,No internet service,No internet service,No internet service,No internet service,Month-to-month,Yes,Credit card (automatic),22.61,353.48,1,0,4.6,No
CUST-04023,Female,0,No,No,8,Yes,No,Fiber optic,No,No,No,No,Yes,No,Month-to-month,No,Electronic check,104.3,782.31,1,1,4.9,Yes
CUST-04024,Male,0,Yes,No,2,Yes,No,DSL,No,No,No,No,Yes,No,Month-to-month,No,Bank transfer (automatic),50.93,105.9,2,2,5.0,No
CUST-04025,Male,0,Yes,No,61,Yes,Yes,DSL,Yes,No,No,Yes,No,Yes,Month-to-month,No,Credit card (automatic),56.94,3392.08,3,1,4.9,No
CUST-04026,Male,0,Yes,No,60,Yes,Yes,DSL,No,Yes,Yes,Yes,No,No,Month-to-month,Yes,Credit card (automatic),60.08,3668.75,2,2,4.5,Yes
CUST-04027,Male,0,Yes,Yes,35,Yes,Yes,No,No internet service,No internet service,No internet service,No internet service,No internet service,No internet service,One year,Yes,Electronic check,27.16,992.16,0,0,4.5,No
CUST-04028,Male,0,Yes,Yes,53,Yes,No,DSL,No,Yes,No,No,Yes,Yes,Month-to-month,Yes,Electronic check,50.12,2700.63,1,2,5.0,No
CUST-04029,Female,0,Yes,Yes,64,Yes,No,Fiber optic,No,No,Yes,Yes,No,Yes,Month-to-month,No,Electronic check,103.19,6251.19,6,2,4.4,No
CUST-04030,Male,1,Yes,No,12,Yes,Yes,Fiber optic,No,No,No,No,Yes,Yes,Two year,No,Electronic check,119.95,1353.17,0,0,5.0,Yes
CUST-04031,Female,0,Yes,No,71,Yes,Yes,DSL,Yes,No,No,Yes,No,No,Month-to-month,Yes,Electronic check,59.63,4196.04,3,6,3.5,No
CUST-04032,Female,0,Yes,No,36,Yes,Yes,Fiber optic,Yes,No,Yes,Yes,Yes,No,One year,Yes,Mailed check,78.07,2780.36,3,1,4.6,No
CUST-04033,Male,0,Yes,No,32,Yes,Yes,Fiber optic,Yes,No,Yes,No,No,Yes,Month-to-month,Yes,Electronic check,115.39,3592.68,3,0,4.8,Yes
CUST-04034,Male,0,Yes,No,12,No,No phone service,No,No internet service,No internet service,No internet service,No internet service,No internet service,No internet service,One year,Yes,Electronic check,18.0,200.71,1,0,5.0,No
CUST-04035,Male,0,Yes,No,49,Yes,Yes,Fiber optic,No,No,No,No,No,No,One year,Yes,Credit card (automatic),76.49,3557.69,2,0,5.0,No
CUST-04036,Male,0,No,No,44,Yes,No,DSL,No,No,Yes,No,Yes,No,Month-to-month,No,Bank transfer (automatic),46.97,2078.38,0,0,4.9,No
CUST-04037,Female,0,No,Yes,3,Yes,No,DSL,Yes,No,No,Yes,No,Yes,Month-to-month,Yes,Electronic check,61.41,197.37,2,0,3.6,No
CUST-04038,Female,0,No,Yes,47,Yes,Yes,Fiber optic,No,Yes,No,No,No,No,Month-to-month,Yes,Electronic check,120.0,5392.72,4,3,3.6,No
CUST-04039,Male,1,Yes,No,11,Yes,Yes,Fiber optic,No,No,No,Yes,Yes,No,Month-to-month,No,Mailed check,94.7,964.56,4,2,4.0,Yes
CUST-04040,Male,1,No,No,20,Yes,No,No,No internet service,No internet service,No internet service,No internet service,No internet service,No internet service,One year,Yes,Bank transfer (automatic),44.93,850.52,2,0,4.9,No
CUST-04041,Male,0,No,No,45,Yes,Yes,DSL,No,Yes,No,Yes,No,No,Two year,No,Electronic check,55.49,2534.4,0,1,5.0,No
CUST-04042,Female,0,Yes,No,57,Yes,No,DSL,Yes,No,No,No,Yes,No,Month-to-month,Yes,Bank transfer (automatic),59.9,3240.97,0,2,4.5,No
CUST-04043,Female,0,Yes,No,10,Yes,No,Fiber optic,Yes,No,No,No,Yes,No,Month-to-month,Yes,Mailed check,87.27,823.11,2,1,3.8,Yes
CUST-04044,Male,0,No,No,35,Yes,No,DSL,No,Yes,No,No,Yes,Yes,Month-to-month,Yes,Bank transfer (automatic),68.03,2511.58,1,2,4.1,No
CUST-04045,Male,1,No,Yes,21,Yes,No,Fiber optic,Yes,Yes,Yes,No,No,Yes,Month-to-month,Yes,Mailed check,84.0,1787.14,2,0,4.4,No
CUST-04046,Male,1,No,No,51,Yes,Yes,DSL,No,No,No,No,No,No,One year,Yes,Mailed check,80.57,4397.99,0,0,4.7,No
CUST-04047,Male,0,No,No,60,Yes,Yes,No,No internet service,No internet service,No internet service,No internet service,No internet service,No internet service,Month-to-month,Yes,Electronic check,39.65,2476.93,0,3,4.0,No
CUST-04048,Male,0,No,Yes,47,Yes,No,DSL,No,No,No,No,No,Yes,One year,Yes,Electronic check,44.88,2045.62,2,0,4.5,No
CUST-04049,Male,0,No,No,58,Yes,Yes,Fiber optic,No,No,No,No,No,No,Month-to-month,Yes,Mailed check,114.64,6732.31,0,2,3.9,Yes
CUST-04050,Male,0,Yes,No,33,No,No phone service,Fiber optic,Yes,Yes,No,No,No,Yes,One year,Yes,Mailed check,82.05,2635.2,1,1,4.6,No
CUST-04051,Male,1,Yes,No,44,Yes,No,DSL,Yes,No,No,No,Yes,No,One year,Yes,Bank transfer (automatic),66.4,2696.85,2,1,4.1,No
CUST-04052,Male,0,No,Yes,22,Yes,No,Fiber optic,No,No,No,Yes,No,No,Two year,Yes,Electronic check,76.22,1659.63,4,0,4.0,No
CUST-04053,Female,0,Yes,No,72,Yes,Yes,Fiber optic,Yes,No,No,No,No,No,One year,Yes,Bank transfer (automatic),96.54,7472.7,1,0,5.0,No
CUST-04054,Female,0,Yes,No,15,Yes,No,No,No internet service,No internet service,No internet service,No internet service,No internet service,No internet service,One year,No,Mailed check,37.81,594.15,0,0,5.0,No
CUST-04055,Male,0,Yes,Yes,67,Yes,Yes,Fiber optic,No,No,Yes,No,Yes,Yes,One year,Yes,Electronic check,119.9,7400.73,2,0,4.3,No
CUST-04056,Male,0,Yes,No,54,Yes,No,Fiber optic,No,No,No,No,No,No,Month-to-month,Yes,Electronic check,94.0,4958.23,0,0,5.0,No
CUST-04057,Female,1,Yes,No,72,Yes,Yes,Fiber optic,Yes,No,No,No,Yes,No,Month-to-month,Yes,Mailed check,90.97,6745.96,5,0,3.8,No
CUST-04058,Female,0,No,No,47,Yes,No,Fiber optic,No,No,Yes,No,No,No,Two year,Yes,Bank transfer (automatic),89.28,4316.03,3,0,4.7,Yes
CUST-04059,Male,0,Yes,No,26,Yes,No,Fiber optic,No,No,Yes,No,No,No,Two year,Yes,Credit card (automatic),95.04,2369.56,1,0,4.6,No
CUST-04060,Female,0,No,No,21,Yes,Yes,DSL,No,No,No,No,No,Yes,Two year,Yes,Electronic check,52.0,1074.99,0,0,4.4,No
CUST-04061,Male,0,Yes,No,13,Yes,No,Fiber optic,No,No,No,No,Yes,Yes,One year,Yes,Credit card (automatic),97.55,1315.92,3,0,4.2,No
CUST-04062,Male,0,No,No,70,Yes,Yes,No,No internet service,No internet service,No internet service,No internet service,No internet service,No internet service,Month-to-month,Yes,Electronic check,18.0,1350.89,3,2,4.3,No
CUST-04063,Female,0,No,No,8,Yes,No,Fiber optic,No,Yes,No,Yes,Yes,No,Two year,Yes,Bank transfer (automatic),109.67,852.61,5,0,4.8,No
CUST-04064,Female,0,No,No,59,Yes,Yes,Fiber optic,Yes,No,No,Yes,No,No,One year,Yes,Electronic check,92.85,5122.61,1,0,4.8,No
CUST-04065,Female,0,Yes,No,51,No,No phone service,Fiber optic,No,No,Yes,No,Yes,No,Month-to-month,No,Bank transfer (automatic),73.97,3850.47,3,1,4.6,No
CUST-04066,Male,0,Yes,No,10,Yes,Yes,Fiber optic,No,No,Yes,No,Yes,Yes,Month-to-month,No,Electronic check,85.47,843.46,6,3,3.1,Yes
CUST-04067,Female,0,No,No,66,Yes,Yes,Fiber optic,No,No,Yes,No,No,Yes,One year,Yes,Mailed check,89.04,5945.08,4,0,4.9,No
CUST-04068,Male,1,No,No,12,Yes,No,DSL,No,No,Yes,Yes,No,No,One year,No,Bank transfer (automatic),65.74,762.84,1,0,5.0,No
CUST-04069,Female,0,Yes,No,12,Yes,No,DSL,No,No,No,Yes,No,No,Month-to-month,Yes,Mailed check,55.19,672.28,1,3,4.6,No
CUST-04070,Male,0,No,No,40,No,No phone service,DSL,No,Yes,No,No,Yes,Yes,Two year,No,Electronic check,55.96,2114.76,0,0,4.1,No
CUST-04071,Male,0,No,No,8,No,No phone service,Fiber optic,No,No,Yes,No,No,No,Month-to-month,No,Bank transfer (automatic),82.83,615.85,3,0,4.3,No
CUST-04072,Female,0,Yes,No,8,Yes,No,Fiber optic,Yes,No,No,No,No,No,Month-to-month,Yes,Bank transfer (automatic),96.02,812.51,3,0,4.3,Yes
CUST-04073,Female,0,No,No,45,Yes,Yes,No,No internet service,No internet service,No internet service,No internet service,No internet service,No internet service,Month-to-month,Yes,Bank transfer (automatic),27.96,1163.63,3,1,5.0,No
CUST-04074,Female,0,Yes,No,70,Yes,No,DSL,No,No,No,Yes,No,No,Month-to-month,No,Credit card (automatic),67.26,4627.32,1,3,4.4,No
CUST-04075,Male,0,Yes,Yes,4,Yes,No,DSL,Yes,No,Yes,No,Yes,Yes,Month-to-month,No,Electronic check,65.66,258.99,2,2,4.9,No
CUST-04076,Male,0,No,Yes,46,Yes,Yes,Fiber optic,No,Yes,No,No,Yes,No,One year,Yes,Bank transfer (automatic),87.12,3987.83,0,1,4.0,No
CUST-04077,Female,0,No,No,44,Yes,Yes,DSL,Yes,No,Yes,No,No,No,Month-to-month,Yes,Mailed check,86.71,4083.9,2,0,5.0,No
CUST-04078,Female,1,No,No,5,Yes,Yes,Fiber optic,No,No,Yes,No,Yes,No,Month-to-month,No,Electronic check,69.1,339.15,8,1,4.1,Yes
CUST-04079,Male,0,No,Yes,11,Yes,Yes,DSL,Yes,No,No,Yes,Yes,No,Month-to-month,No,Bank transfer (automatic),53.53,601.41,3,2,5.0,Yes
CUST-04080,Female,1,No,No,32,No,No phone service,DSL,No,Yes,Yes,No,No,No,Two year,No,Mailed check,52.56,1675.11,5,0,4.1,No
CUST-04081,Female,0,Yes,No,50,Yes,Yes,Fiber optic,No,Yes,Yes,No,No,No,Two year,Yes,Credit card (automatic),108.77,5571.5,2,1,4.3,Yes
CUST-04082,Male,0,Yes,Yes,16,Yes,No,Fiber optic,No,No,Yes,No,No,No,Two year,Yes,Electronic check,89.65,1543.45,0,0,5.0,No
CUST-04083,Female,0,Yes,No,32,Yes,Yes,DSL,No,No,Yes,No,Yes,No,Two year,Yes,Electronic check,33.0,1125.56,0,0,5.0,No
CUST-04084,Female,0,No,Yes,36,Yes,Yes,DSL,No,No,No,No,Yes,Yes,Month-to-month,Yes,Mailed check,71.75,2756.6,2,5,3.3,No
CUST-04085,Female,0,No,No,52,No,No phone service,DSL,Yes,No,Yes,No,Yes,Yes,Month-to-month,Yes,Credit card (automatic),53.04,2890.67,3,1,4.6,No
CUST-04086,Female,0,No,No,18,Yes,Yes,DSL,No,No,Yes,No,Yes,No,Two year,No,Mailed check,46.32,852.01,2,0,4.4,No
CUST-04087,Male,0,Yes,No,50,Yes,No,No,No internet service,No internet service,No internet service,No internet service,No internet service,No internet service,Two year,Yes,Mailed check,23.49,1197.19,2,0,4.4,No
CUST-04088,Female,0,Yes,No,60,Yes,No,Fiber optic,No,No,No,No,Yes,Yes,Two year,No,Bank transfer (automatic),107.14,6519.9,2,0,4.8,No
CUST-04089,Female,0,No,Yes,42,Yes,No,DSL,No,Yes,No,Yes,Yes,No,Month-to-month,Yes,Mailed check,71.33,2856.21,1,2,4.1,No
CUST-04090,Female,0,No,No,52,Yes,Yes,Fiber optic,No,Yes,No,Yes,Yes,No,Month-to-month,Yes,Bank transfer (automatic),89.37,4871.98,3,0,4.0,No
CUST-04091,Female,0,Yes,No,13,Yes,No,DSL,No,No,No,No,Yes,No,Month-to-month,Yes,Bank transfer (automatic),71.88,963.23,2,0,4.7,No
CUST-04092,Male,0,No,No,66,Yes,No,DSL,Yes,No,No,No,No,No,Month-to-month,Yes,Credit card (automatic),50.72,3440.55,3,0,4.3,No
CUST-04093,Male,0,No,Yes,22,Yes,No,No,No internet service,No internet service,No internet service,No internet service,No internet service,No internet service,One year,Yes,Electronic check,27.92,633.84,2,2,3.3,No
CUST-04094,Male,0,No,No,15,Yes,No,DSL,No,No,Yes,No,No,No,Two year,Yes,Bank transfer (automatic),87.35,1354.71,2,1,4.6,No
CUST-04095,Female,0,Yes,Yes,40,Yes,No,No,No internet service,No internet service,No internet service,No internet service,No internet service,No internet service,One year,Yes,Bank transfer (automatic),21.33,807.16,3,0,3.7,No
CUST-04096,Female,0,No,No,28,Yes,Yes,No,No internet service,No internet service,No internet service,No internet service,No internet service,No internet service,Month-to-month,No,Electronic check,41.36,1230.88,2,2,4.2,Yes
CUST-04097,Female,0,Yes,No,34,Yes,Yes,Fiber optic,No,No,No,Yes,No,Yes,Two year,No,Credit card (automatic),68.52,2217.2,1,0,4.9,No
CUST-04098,Male,0,Yes,No,58,Yes,No,Fiber optic,Yes,Yes,No,No,No,Yes,One year,Yes,Credit card (automatic),101.51,6013.1,1,2,3.8,No
CUST-04099,Female,0,No,Yes,39,Yes,Yes,DSL,No,No,No,Yes,No,No,Month-to-month,Yes,Electronic check,41.88,1633.27,4,0,5.0,No
CUST-04100,Male,0,Yes,Yes,27,No,No phone service,No,No internet service,No internet service,No internet service,No internet service,No internet service,No internet service,One year,No,Credit card (automatic),27.68,713.31,0,0,4.9,No
CUST-04101,Male,0,Yes,Yes,58,Yes,Yes,No,No internet service,No internet service,No internet service,No internet service,No internet service,No internet service,Month-to-month,No,Electronic check,25.2,1557.64,2,4,4.0,No
CUST-04102,Female,0,Yes,No,28,Yes,Yes,Fiber optic,No,Yes,Yes,No,No,No,Month-to-month,Yes,Electronic check,108.34,2981.22,4,4,3.0,Yes
CUST-04103,Male,0,Yes,No,69,No,No phone service,DSL,No,Yes,No,No,No,No,Month-to-month,No,Electronic check,78.39,5684.96,2,4,3.4,No
CUST-04104,Male,0,No,No,71,Yes,Yes,DSL,Yes,Yes,No,No,Yes,Yes,Two year,Yes,Electronic check,35.39,2473.27,1,0,5.0,No
CUST-04105,Male,0,Yes,Yes,34,Yes,No,DSL,No,Yes,Yes,Yes,No,No,Month-to-month,No,Electronic check,52.08,1891.7,1,2,5.0,No
CUST-04106,Male,0,No,Yes,56,Yes,No,DSL,No,No,No,No,Yes,No,Two year,Yes,Credit card (automatic),80.3,4158.22,1,3,4.9,No
CUST-04107,Male,0,No,No,51,Yes,Yes,Fiber optic,Yes,No,Yes,No,No,Yes,Month-to-month,Yes,Credit card (automatic),82.88,4494.47,0,0,5.0,No
CUST-04108,Female,0,Yes,No,62,Yes,Yes,No,No internet service,No internet service,No internet service,No internet service,No internet service,No internet service,Month-to-month,Yes,Bank transfer (automatic),38.56,2556.94,2,2,4.0,No
CUST-04109,Female,0,No,No,34,Yes,Yes,Fiber optic,No,Yes,Yes,Yes,Yes,Yes,Two year,Yes,Mailed check,117.17,4204.27,1,0,4.8,No
CUST-04110,Male,0,Yes,Yes,30,Yes,Yes,Fiber optic,No,No,No,No,Yes,No,Month-to-month,Yes,Bank transfer (automatic),110.89,3364.84,5,1,4.2,No
CUST-04111,Male,1,Yes,Yes,20,Yes,Yes,Fiber optic,No,No,No,Yes,No,No,One year,Yes,Mailed check,113.56,2448.19,3,0,4.7,No
CUST-04112,Male,0,Yes,No,43,Yes,No,Fiber optic,No,Yes,No,No,Yes,No,Two year,No,Credit card (automatic),94.11,3935.59,1,0,4.5,No
CUST-04113,Male,0,Yes,No,45,Yes,Yes,Fiber optic,Yes,Yes,Yes,No,No,Yes,Month-to-month,Yes,Electronic check,113.92,5280.84,3,2,4.4,No
CUST-04114,Female,0,Yes,No,33,Yes,No,No,No internet service,No internet service,No internet service,No internet service,No internet service,No internet service,Month-to-month,Yes,Electronic check,40.91,1364.89,5,0,4.4,No
CUST-04115,Male,0,Yes,Yes,23,Yes,No,DSL,No,No,Yes,Yes,No,Yes,One year,No,Mailed check,40.47,881.53,1,1,3.9,No
CUST-04116,Male,1,No,Yes,33,Yes,Yes,No,No internet service,No internet service,No internet service,No internet service,No internet service,No internet service,Month-to-month,No,Credit card (automatic),35.47,1186.39,1,3,3.9,Yes
CUST-04117,Male,0,No,No,37,Yes,Yes,DSL,Yes,Yes,Yes,No,No,Yes,Month-to-month,Yes,Bank transfer (automatic),46.61,1695.79,6,1,2.7,No
CUST-04118,Male,0,No,Yes,10,Yes,Yes,Fiber optic,Yes,No,Yes,No,Yes,No,One year,No,Electronic check,111.58,1050.86,1,0,5.0,No
CUST-04119,Male,0,No,No,48,Yes,Yes,Fiber optic,No,No,No,Yes,No,No,Two year,No,Electronic check,87.5,4068.09,4,0,3.6,No
CUST-04120,Male,0,No,Yes,61,Yes,Yes,Fiber optic,No,No,Yes,No,Yes,No,Month-to-month,Yes,Bank transfer (automatic),105.04,5897.84,2,2,3.8,No
CUST-04121,Female,0,Yes,No,24,Yes,No,Fiber optic,No,No,No,Yes,Yes,Yes,Month-to-month,Yes,Bank transfer (automatic),93.15,2408.42,2,0,4.3,No
CUST-04122,Female,0,No,Yes,29,Yes,Yes,DSL,No,Yes,No,No,No,Yes,One year,No,Electronic check,76.77,2055.7,1,0,3.4,No
CUST-04123,Female,1,Yes,No,7,Yes,Yes,Fiber optic,No,No,No,Yes,Yes,No,One year,Yes,Credit card (automatic),114.28,794.65,3,0,5.0,No
CUST-04124,Male,1,No,Yes,42,Yes,Yes,Fiber optic,No,Yes,Yes,Yes,No,Yes,One year,Yes,Bank transfer (automatic),102.07,3964.89,4,0,4.3,No
CUST-04125,Female,0,No,Yes,31,Yes,No,Fiber optic,Yes,No,Yes,No,No,No,Two year,No,Mailed check,104.11,3194.77,3,0,3.9,No
CUST-04126,Female,1,Yes,No,62,Yes,Yes,No,No internet service,No internet service,No internet service,No internet service,No internet service,No internet service,Month-to-month,No,Electronic check,20.5,1308.19,4,1,4.0,No
CUST-04127,Male,0,No,Yes,66,Yes,No,Fiber optic,No,No,Yes,Yes,No,Yes,One year,No,Mailed check,84.68,5667.62,1,0,5.0,No
CUST-04128,Male,0,No,Yes,56,Yes,No,No,No internet service,No internet service,No internet service,No internet service,No internet service,No internet service,Month-to-month,No,Bank transfer (automatic),25.36,1425.7,3,0,4.7,No
CUST-04129,Female,1,No,Yes,16,Yes,Yes,DSL,No,Yes,No,No,No,No,Month-to-month,Yes,Credit card (automatic),50.96,767.43,3,4,3.1,No
CUST-04130,Male,0,Yes,No,15,Yes,No,DSL,No,No,No,No,Yes,No,One year,No,Electronic check,30.43,455.7,1,1,5.0,No
CUST-04131,Male,0,No,No,35,Yes,Yes,DSL,Yes,Yes,No,No,No,Yes,Month-to-month,Yes,Credit card (automatic),60.72,2015.21,2,0,5.0,No
CUST-04132,Female,0,No,No,45,Yes,No,No,No internet service,No internet service,No internet service,No internet service,No internet service,No internet service,Month-to-month,No,Mailed check,18.0,813.5,2,1,5.0,No
CUST-04133,Female,0,Yes,No,3,Yes,Yes,No,No internet service,No internet service,No internet service,No internet service,No internet service,No internet service,Month-to-month,Yes,Electronic check,36.27,105.6,0,0,4.4,No
CUST-04134,Female,0,No,No,36,Yes,No,No,No internet service,No internet service,No internet service,No internet service,No internet service,No internet service,Month-to-month,Yes,Credit card (automatic),20.61,738.6,2,2,3.6,No
CUST-04135,Female,0,Yes,Yes,7,Yes,No,Fiber optic,No,Yes,No,No,No,No,Month-to-month,Yes,Bank transfer (automatic),114.67,760.88,0,1,4.1,No
CUST-04136,Female,0,No,No,19,Yes,No,DSL,No,No,No,Yes,Yes,No,Month-to-month,No,Electronic check,65.84,1206.54,1,2,5.0,No
CUST-04137,Female,0,Yes,No,26,Yes,No,Fiber optic,No,Yes,No,No,No,No,Month-to-month,Yes,Bank transfer (automatic),85.17,2248.02,3,2,4.3,Yes
CUST-04138,Male,0,Yes,No,3,Yes,Yes,Fiber optic,Yes,Yes,No,No,No,Yes,Month-to-month,Yes,Mailed check,69.2,198.75,6,2,3.7,Yes
CUST-04139,Female,0,Yes,Yes,19,Yes,No,DSL,Yes,Yes,Yes,Yes,Yes,No,Month-to-month,Yes,Mailed check,57.53,1094.23,1,0,5.0,No
CUST-04140,Female,0,No,No,46,Yes,Yes,Fiber optic,No,No,No,Yes,No,Yes,Month-to-month,No,Electronic check,110.98,5434.98,3,4,2.7,No
CUST-04141,Female,0,No,No,72,Yes,Yes,No,No internet service,No internet service,No internet service,No internet service,No internet service,No internet service,One year,No,Credit card (automatic),26.18,1734.33,1,0,4.0,No
CUST-04142,Female,0,Yes,No,57,Yes,Yes,DSL,Yes,No,No,No,No,No,Two year,Yes,Credit card (automatic),66.78,3935.24,2,1,3.3,No
CUST-04143,Male,0,Yes,Yes,23,Yes,No,Fiber optic,No,No,Yes,No,No,No,Two year,No,Credit card (automatic),108.91,2547.95,0,0,5.0,No
CUST-04144,Male,0,No,No,68,Yes,No,Fiber optic,No,No,No,Yes,Yes,No,Month-to-month,Yes,Bank transfer (automatic),84.9,6197.33,3,1,4.1,No
CUST-04145,Male,1,Yes,No,32,Yes,No,DSL,No,No,No,No,Yes,Yes,One year,No,Electronic check,65.89,2269.98,1,0,5.0,No
CUST-04146,Male,0,Yes,No,26,Yes,No,DSL,Yes,No,No,Yes,No,Yes,Month-to-month,Yes,Bank transfer (automatic),70.86,1935.28,1,3,4.0,No
CUST-04147,Male,0,No,No,62,Yes,No,Fiber optic,No,No,Yes,No,Yes,No,Month-to-month,No,Credit card (automatic),76.96,5042.01,1,1,4.7,No
CUST-04148,Female,0,Yes,No,29,Yes,No,Fiber optic,Yes,No,No,No,Yes,No,Two year,Yes,Credit card (automatic),76.84,2259.02,4,1,4.7,No
CUST-04149,Female,0,No,No,54,Yes,Yes,Fiber optic,No,Yes,No,Yes,No,Yes,Month-to-month,No,Bank transfer (automatic),80.53,4286.29,2,1,4.4,No
CUST-04150,Male,0,Yes,Yes,12,Yes,No,DSL,Yes,No,Yes,No,No,Yes,Two year,No,Mailed check,69.0,855.2,2,1,4.9,No
CUST-04151,Male,0,No,No,24,Yes,Yes,DSL,Yes,Yes,Yes,No,Yes,No,Month-to-month,No,Mailed check,62.79,1425.69,0,4,4.2,Yes
CUST-04152,Female,0,No,No,71,Yes,Yes,Fiber optic,No,No,Yes,No,No,Yes,One year,Yes,Bank transfer (automatic),80.87,5918.51,5,1,3.3,Yes
CUST-04153,Female,1,Yes,Yes,18,No,No phone service,Fiber optic,Yes,No,Yes,No,Yes,Yes,Month-to-month,No,Credit card (automatic),81.78,1491.88,4,2,3.8,No
CUST-04154,Female,0,No,No,62,Yes,Yes,Fiber optic,No,No,No,No,No,No,One year,No,Credit card (automatic),112.28,6607.86,4,3,3.6,Yes
CUST-04155,Male,0,No,No,34,Yes,No,DSL,No,No,No,No,No,No,One year,Yes,Electronic check,64.27,2124.04,1,1,5.0,No
CUST-04156,Male,0,No,No,69,Yes,No,Fiber optic,No,Yes,No,No,Yes,No,Month-to-month,Yes,Electronic check,119.61,7849.17,4,0,4.0,No
CUST-04157,Female,1,Yes,No,30,Yes,No,Fiber optic,No,No,Yes,No,No,Yes,Month-to-month,No,Credit card (automatic),105.37,2985.82,3,1,4.8,No
CUST-04158,Male,1,Yes,No,36,No,No phone service,DSL,Yes,No,No,No,No,Yes,One year,Yes,Mailed check,74.92,2651.03,2,1,5.0,No
CUST-04159,Male,0,No,Yes,29,Yes,No,Fiber optic,No,Yes,Yes,No,No,Yes,One year,No,Electronic check,87.97,2721.41,5,0,3.8,Yes
CUST-04160,Male,0,Yes,No,16,Yes,Yes,Fiber optic,Yes,Yes,Yes,No,Yes,Yes,One year,No,Electronic check,70.06,1065.95,0,1,5.0,No
CUST-04161,Male,0,Yes,No,61,Yes,Yes,No,No internet service,No internet service,No internet service,No internet service,No internet service,No internet service,Two year,Yes,Electronic check,28.65,1637.09,3,1,3.8,No
CUST-04162,Male,0,Yes,No,42,Yes,No,No,No internet service,No internet service,No internet service,No internet service,No internet service,No internet service,Month-to-month,No,Electronic check,26.88,1212.82,1,0,5.0,Yes
CUST-04163,Female,0,No,Yes,37,No,No phone service,Fiber optic,No,No,No,Yes,No,Yes,Two year,Yes,Electronic check,66.26,2434.51,3,1,4.9,No
CUST-04164,Male,0,Yes,Yes,27,No,No phone service,Fiber optic,No,No,No,No,No,Yes,Month-to-month,Yes,Credit card (automatic),102.36,2677.08,5,3,3.0,Yes
CUST-04165,Female,1,Yes,No,56,Yes,No,Fiber optic,No,No,No,No,Yes,No,Two year,Yes,Mailed check,91.98,5252.58,3,1,3.7,No
CUST-04166,Female,0,No,No,26,Yes,Yes,Fiber optic,Yes,Yes,No,No,No,No,Month-to-month,No,Credit card (automatic),89.79,2483.22,1,1,4.6,No
CUST-04167,Male,0,Yes,No,18,Yes,No,DSL,No,No,No,Yes,No,Yes,One year,No,Mailed check,72.89,1378.0,0,1,3.9,No
CUST-04168,Male,0,Yes,No,6,Yes,Yes,Fiber optic,No,No,No,No,No,Yes,Two year,No,Credit card (automatic),107.02,613.26,2,1,4.8,No
CUST-04169,Female,0,Yes,No,63,Yes,Yes,No,No internet service,No internet service,No internet service,No internet service,No internet service,No internet service,Two year,No,Mailed check,25.18,1611.65,2,3,4.1,No
CUST-04170,Female,0,Yes,No,6,Yes,No,DSL,No,No,No,Yes,Yes,Yes,Month-to-month,Yes,Mailed check,60.19,356.87,0,3,4.3,No
CUST-04171,Male,0,No,No,61,Yes,No,DSL,No,Yes,Yes,No,Yes,Yes,One year,Yes,Bank transfer (automatic),60.48,3768.84,1,1,5.0,No
CUST-04172,Male,0,Yes,No,28,Yes,No,DSL,Yes,Yes,Yes,No,No,No,Month-to-month,Yes,Bank transfer (automatic),42.9,1128.7,0,0,4.5,No
CUST-04173,Female,0,No,Yes,1,Yes,Yes,Fiber optic,No,No,No,No,No,No,Month-to-month,No,Electronic check,102.95,108.5,2,0,4.9,Yes
CUST-04174,Male,0,Yes,No,67,Yes,Yes,Fiber optic,No,No,Yes,No,No,Yes,One year,No,Electronic check,71.64,5040.15,9,0,3.9,No
CUST-04175,Male,0,Yes,No,54,Yes,No,Fiber optic,Yes,Yes,No,Yes,Yes,Yes,Month-to-month,Yes,Electronic check,107.67,5918.49,1,2,4.5,No
CUST-04176,Male,0,Yes,Yes,53,Yes,No,Fiber optic,No,No,Yes,No,Yes,Yes,One year,No,Electronic check,91.95,4557.37,6,1,3.6,No
CUST-04177,Male,0,No,No,40,Yes,No,No,No internet service,No internet service,No internet service,No internet service,No internet service,No internet service,One year,No,Electronic check,39.5,1681.98,0,2,3.5,No
CUST-04178,Female,1,Yes,Yes,55,Yes,Yes,DSL,No,No,No,No,No,No,Two year,Yes,Mailed check,61.37,3479.38,4,0,4.0,No
CUST-04179,Male,1,Yes,No,10,Yes,No,Fiber optic,No,Yes,No,Yes,Yes,No,Month-to-month,Yes,Electronic check,114.72,1111.14,2,2,4.3,No
CUST-04180,Male,0,No,Yes,17,Yes,No,No,No internet service,No internet service,No internet service,No internet service,No internet service,No internet service,Month-to-month,No,Bank transfer (automatic),40.43,702.16,1,5,4.2,Yes
CUST-04181,Female,0,Yes,No,40,Yes,No,Fiber optic,Yes,No,Yes,No,Yes,No,Month-to-month,Yes,Mailed check,120.0,4773.21,5,2,3.4,Yes
CUST-04182,Male,0,No,No,53,Yes,Yes,DSL,Yes,No,No,No,No,No,One year,Yes,Electronic check,57.37,3113.09,2,1,5.0,No
CUST-04183,Male,0,Yes,Yes,43,Yes,No,No,No internet service,No internet service,No internet service,No internet service,No internet service,No internet service,Two year,Yes,Mailed check,31.82,1384.93,2,0,4.5,No
CUST-04184,Female,0,Yes,No,30,No,No phone service,Fiber optic,No,No,No,No,Yes,Yes,Month-to-month,Yes,Bank transfer (automatic),82.63,2365.95,3,1,4.3,Yes
CUST-04185,Male,0,No,No,49,Yes,No,DSL,No,No,Yes,No,No,No,Month-to-month,Yes,Mailed check,75.8,3690.61,3,4,3.7,No
CUST-04186,Female,0,Yes,No,5,Yes,No,DSL,No,No,Yes,Yes,No,No,One year,No,Mailed check,47.17,237.33,3,1,4.2,No
CUST-04187,Male,0,Yes,No,37,Yes,No,No,No internet service,No internet service,No internet service,No internet service,No internet service,No internet service,Month-to-month,No,Mailed check,19.2,707.02,3,2,3.7,No
CUST-04188,Male,0,Yes,No,29,Yes,Yes,DSL,No,No,Yes,Yes,Yes,Yes,Month-to-month,No,Bank transfer (automatic),50.45,1472.88,1,2,5.0,No
CUST-04189,Male,0,Yes,No,36,Yes,No,Fiber optic,No,Yes,Yes,No,No,Yes,Month-to-month,Yes,Bank transfer (automatic),93.51,3120.4,6,2,4.4,Yes
CUST-04190,Female,0,No,No,10,Yes,No,Fiber optic,No,No,Yes,Yes,No,No,One year,Yes,Bank transfer (automatic),112.02,1190.1,1,0,4.9,No
CUST-04191,Male,0,Yes,No,66,Yes,No,Fiber optic,No,No,Yes,No,No,No,Month-to-month,Yes,Bank transfer (automatic),69.39,4498.23,1,3,4.9,No
CUST-04192,Male,0,No,No,62,Yes,No,Fiber optic,Yes,Yes,Yes,No,No,No,One year,Yes,Mailed check,73.44,4672.66,2,1,4.3,No
CUST-04193,Female,0,Yes,No,68,Yes,No,Fiber optic,Yes,No,No,Yes,Yes,Yes,One year,Yes,Bank transfer (automatic),99.46,6854.48,1,1,4.4,No
CUST-04194,Male,0,Yes,No,61,Yes,No,Fiber optic,No,Yes,Yes,No,No,Yes,Month-to-month,No,Credit card (automatic),66.22,4306.21,3,1,4.5,No
CUST-04195,Female,0,Yes,No,48,Yes,Yes,DSL,No,No,Yes,No,No,No,One year,No,Electronic check,55.61,2818.33,0,1,4.9,No
CUST-04196,Male,1,No,No,21,Yes,No,DSL,No,Yes,No,No,Yes,Yes,Month-to-month,No,Credit card (automatic),42.56,932.47,1,2,4.7,No
CUST-04197,Female,0,No,Yes,9,Yes,Yes,DSL,Yes,No,No,No,No,Yes,Two year,Yes,Electronic check,47.56,432.53,4,1,3.8,No
CUST-04198,Male,1,No,No,45,No,No phone service,Fiber optic,No,No,No,No,No,Yes,Two year,No,Electronic check,82.53,3722.47,3,0,4.3,No
CUST-04199,Female,0,Yes,No,69,No,No phone service,DSL,No,No,No,No,Yes,No,One year,No,Bank transfer (automatic),53.82,3622.96,2,0,4.0,No
CUST-04200,Male,0,Yes,No,27,Yes,Yes,Fiber optic,No,No,No,Yes,No,No,Month-to-month,Yes,Mailed check,113.17,2979.52,1,2,5.0,No
CUST-04201,Female,0,No,No,72,Yes,Yes,DSL,No,No,No,No,Yes,No,Two year,Yes,Credit card (automatic),75.87,5170.77,0,1,4.7,No
CUST-04202,Female,0,Yes,No,12,Yes,No,Fiber optic,No,No,No,No,Yes,Yes,Month-to-month,Yes,Mailed check,95.0,1112.99,2,1,4.6,Yes
CUST-04203,Male,0,No,No,21,Yes,Yes,DSL,Yes,No,Yes,No,No,No,Month-to-month,No,Bank transfer (automatic),77.34,1696.79,1,2,4.9,No
CUST-04204,Male,1,Yes,No,47,Yes,No,Fiber optic,No,No,No,Yes,No,Yes,Two year,No,Electronic check,112.11,5321.91,1,0,4.6,No
CUST-04205,Male,0,Yes,No,36,Yes,Yes,No,No internet service,No internet service,No internet service,No internet service,No internet service,No internet service,One year,No,Mailed check,31.53,1131.15,2,2,3.8,No
CUST-04206,Female,0,Yes,No,55,Yes,Yes,DSL,Yes,No,No,No,No,No,Month-to-month,Yes,Bank transfer (automatic),49.9,2890.24,1,1,3.6,No
CUST-04207,Female,0,Yes,Yes,25,Yes,Yes,Fiber optic,No,No,No,Yes,No,No,Month-to-month,No,Electronic check,82.55,2118.72,2,2,4.7,No
CUST-04208,Female,0,No,No,56,No,No phone service,Fiber optic,No,No,Yes,No,No,Yes,Two year,Yes,Bank transfer (automatic),71.51,3955.9,4,0,4.2,No
CUST-04209,Male,0,No,No,22,No,No phone service,DSL,No,No,No,No,No,No,Month-to-month,Yes,Credit card (automatic),72.85,1515.87,1,5,4.1,Yes
CUST-04210,Female,0,No,No,11,Yes,Yes,DSL,No,Yes,No,Yes,No,No,Month-to-month,No,Electronic check,52.49,619.93,3,1,3.5,Yes
CUST-04211,Male,0,No,No,41,Yes,Yes,DSL,No,Yes,No,No,Yes,No,Month-to-month,Yes,Bank transfer (automatic),35.92,1409.19,3,1,4.3,No
CUST-04212,Female,0,Yes,Yes,37,Yes,Yes,Fiber optic,No,No,No,No,Yes,No,One year,No,Bank transfer (automatic),66.37,2551.5,4,1,3.5,No
CUST-04213,Male,0,No,No,41,Yes,No,DSL,Yes,No,No,No,No,No,Two year,Yes,Credit card (automatic),58.49,2214.3,2,1,3.6,No
CUST-04214,Female,0,Yes,No,2,Yes,No,No,No internet service,No internet service,No internet service,No internet service,No internet service,No internet service,Month-to-month,No,Electronic check,30.57,63.88,3,3,3.6,No
CUST-04215,Female,0,No,No,30,Yes,Yes,Fiber optic,Yes,No,No,No,No,Yes,One year,Yes,Bank transfer (automatic),71.32,2211.65,1,1,4.3,No
CUST-04216,Female,0,Yes,No,7,Yes,Yes,Fiber optic,Yes,Yes,No,No,No,Yes,Month-to-month,No,Mailed check,91.65,655.78,1,4,4.7,Yes
CUST-04217,Male,0,No,No,58,Yes,No,No,No internet service,No internet service,No internet service,No internet service,No internet service,No internet service,One year,No,Mailed check,33.99,1886.25,2,0,5.0,No
CUST-04218,Male,0,No,No,6,Yes,Yes,DSL,Yes,No,No,No,No,Yes,One year,Yes,Bank transfer (automatic),42.32,270.02,3,0,4.8,No
CUST-04219,Female,0,No,No,68,Yes,No,Fiber optic,No,No,No,No,Yes,No,One year,No,Credit card (automatic),109.83,7294.75,4,0,4.2,No
CUST-04220,Male,0,No,No,5,Yes,Yes,DSL,No,No,No,No,Yes,No,Two year,Yes,Bank transfer (automatic),52.94,255.0,2,0,4.6,No
CUST-04221,Male,0,No,Yes,44,Yes,No,Fiber optic,No,Yes,Yes,Yes,Yes,No,Month-to-month,Yes,Electronic check,79.09,3281.31,2,6,3.3,Yes
CUST-04222,Female,0,No,Yes,25,Yes,Yes,DSL,Yes,No,No,No,No,No,Month-to-month,No,Mailed check,34.0,857.13,4,2,3.9,No
CUST-04223,Female,0,No,No,8,Yes,No,No,No internet service,No internet service,No internet service,No internet service,No internet service,No internet service,Two year,Yes,Bank transfer (automatic),31.47,263.08,0,0,4.9,No
CUST-04224,Female,0,Yes,No,26,Yes,Yes,Fiber optic,Yes,Yes,Yes,No,Yes,Yes,Month-to-month,Yes,Electronic check,97.94,2418.39,0,2,5.0,Yes
CUST-04225,Female,0,No,No,3,Yes,No,Fiber optic,No,No,Yes,Yes,Yes,No,Two year,No,Electronic check,81.49,244.08,2,0,4.8,Yes
CUST-04226,Male,0,Yes,No,51,Yes,Yes,No,No internet service,No internet service,No internet service,No internet service,No internet service,No internet service,Month-to-month,No,Electronic check,18.0,975.89,1,4,3.9,No
CUST-04227,Male,0,No,Yes,63,No,No phone service,DSL,Yes,No,No,No,No,No,Month-to-month,No,Electronic check,79.23,5172.61,3,3,3.8,Yes
CUST-04228,Female,0,No,No,24,Yes,Yes,No,No internet service,No internet service,No internet service,No internet service,No internet service,No internet service,Month-to-month,Yes,Bank transfer (automatic),39.73,915.07,1,4,4.0,Yes
CUST-04229,Male,0,Yes,No,32,Yes,No,Fiber optic,No,No,No,Yes,No,No,Month-to-month,No,Credit card (automatic),74.53,2347.99,3,1,4.7,No
CUST-04230,Male,1,No,Yes,11,Yes,No,No,No internet service,No internet service,No internet service,No internet service,No internet service,No internet service,Two year,No,Bank transfer (automatic),41.3,425.92,2,0,4.0,No
CUST-04231,Male,0,Yes,No,35,Yes,No,Fiber optic,No,No,Yes,No,Yes,No,One year,No,Electronic check,107.88,3517.55,7,1,3.4,No
CUST-04232,Female,0,No,No,69,No,No phone service,No,No internet service,No internet service,No internet service,No internet service,No internet service,No internet service,Month-to-month,No,Bank transfer (automatic),34.08,2429.79,2,2,4.2,No
CUST-04233,Female,0,No,No,39,Yes,No,No,No internet service,No internet service,No internet service,No internet service,No internet service,No internet service,One year,No,Bank transfer (automatic),33.38,1220.44,2,0,5.0,No
CUST-04234,Male,0,No,No,64,Yes,No,Fiber optic,No,No,No,Yes,Yes,No,One year,No,Electronic check,71.99,4721.27,4,0,4.1,Yes
CUST-04235,Male,0,No,No,57,Yes,Yes,Fiber optic,Yes,Yes,Yes,No,No,No,One year,No,Mailed check,94.63,5718.92,4,0,4.0,No
CUST-04236,Male,0,Yes,Yes,9,Yes,Yes,No,No internet service,No internet service,No internet service,No internet service,No internet service,No internet service,Month-to-month,No,Mailed check,50.21,422.16,2,1,4.3,Yes
CUST-04237,Female,0,Yes,No,4,Yes,No,Fiber optic,Yes,No,No,No,Yes,No,Two year,Yes,Bank transfer (automatic),99.12,378.57,4,0,4.8,No
CUST-04238,Male,0,No,Yes,27,No,No phone service,No,No internet service,No internet service,No internet service,No internet service,No internet service,No internet service,Month-to-month,Yes,Bank transfer (automatic),24.77,,1,1,5.0,No
CUST-04239,Female,0,Yes,No,68,No,No phone service,Fiber optic,No,No,No,Yes,Yes,Yes,Two year,Yes,Electronic check,118.33,8205.17,3,0,3.8,No
CUST-04240,Male,1,Yes,No,13,Yes,Yes,DSL,No,No,Yes,No,No,Yes,One year,No,Electronic check,64.56,808.06,2,0,4.8,No
CUST-04241,Male,0,Yes,No,4,Yes,No,No,No internet service,No internet service,No internet service,No internet service,No internet service,No internet service,Two year,Yes,Credit card (automatic),18.0,72.97,2,0,4.9,No
CUST-04242,Male,0,Yes,No,70,Yes,No,Fiber optic,No,Yes,No,No,No,No,Two year,Yes,Mailed check,85.68,6245.51,2,0,4.3,No
CUST-04243,Female,0,No,No,15,Yes,No,DSL,Yes,No,Yes,No,No,No,Month-to-month,Yes,Credit card (automatic),70.03,1028.22,0,3,3.7,No
CUST-04244,Male,0,Yes,No,26,Yes,No,DSL,No,Yes,Yes,Yes,No,No,Month-to-month,No,Electronic check,58.82,1445.71,2,4,3.2,Yes
CUST-04245,Male,0,Yes,No,57,Yes,No,DSL,No,No,No,No,Yes,No,One year,No,Credit card (automatic),56.67,3010.18,0,1,4.5,No
CUST-04246,Male,1,No,Yes,8,Yes,Yes,Fiber optic,Yes,No,Yes,Yes,No,Yes,Month-to-month,Yes,Mailed check,109.42,888.0,3,0,4.6,No
CUST-04247,Male,1,No,Yes,13,Yes,Yes,No,No internet service,No internet service,No internet service,No internet service,No internet service,No internet service,Month-to-month,Yes,Mailed check,26.93,325.72,0,1,4.5,No
CUST-04248,Male,0,Yes,No,53,Yes,No,No,No internet service,No internet service,No internet service,No internet service,No internet service,No internet service,Month-to-month,Yes,Electronic check,35.94,1963.09,1,3,4.3,No
CUST-04249,Female,0,No,No,1,No,No phone service,DSL,No,Yes,No,No,Yes,No,Two year,No,Credit card (automatic),63.15,58.69,1,0,5.0,No
CUST-04250,Male,0,Yes,Yes,52,Yes,Yes,DSL,No,Yes,No,No,Yes,No,Month-to-month,No,Bank transfer (automatic),65.81,3302.58,0,1,4.6,No
CUST-04251,Male,0,No,No,40,Yes,Yes,DSL,Yes,Yes,No,Yes,Yes,No,Month-to-month,No,Credit card (automatic),74.68,3131.61,1,3,3.8,No
CUST-04252,Male,0,Yes,Yes,18,Yes,Yes,Fiber optic,Yes,No,No,No,No,Yes,Month-to-month,Yes,Mailed check,105.57,1992.02,4,0,5.0,No
CUST-04253,Female,1,Yes,No,45,Yes,Yes,No,No internet service,No internet service,No internet service,No internet service,No internet service,No internet service,Month-to-month,Yes,Credit card (automatic),37.74,1639.73,2,1,4.5,No
CUST-04254,Male,0,Yes,No,24,Yes,Yes,No,No internet service,No internet service,No internet service,No internet service,No internet service,No internet service,Two year,No,Mailed check,25.33,606.61,1,1,4.4,No
CUST-04255,Male,0,No,Yes,69,No,No phone service,DSL,No,Yes,Yes,No,No,No,Month-to-month,Yes,Electronic check,49.82,3499.52,0,3,4.7,No
CUST-04256,Male,0,Yes,Yes,30,No,No phone service,Fiber optic,No,No,No,No,No,Yes,One year,Yes,Credit card (automatic),82.18,2493.78,3,0,5.0,No
CUST-04257,Male,0,Yes,No,54,Yes,Yes,Fiber optic,No,No,Yes,No,No,Yes,Month-to-month,Yes,Electronic check,104.58,5995.17,1,1,4.6,No
CUST-04258,Male,1,No,No,20,Yes,Yes,No,No internet service,No internet service,No internet service,No internet service,No internet service,No internet service,Two year,Yes,Electronic check,23.07,463.71,1,0,4.9,No
CUST-04259,Female,0,Yes,No,61,Yes,No,Fiber optic,No,No,No,No,Yes,No,Two year,Yes,Bank transfer (automatic),76.41,4747.16,3,1,4.1,No
CUST-04260,Male,0,No,Yes,21,Yes,No,Fiber optic,No,No,Yes,No,No,Yes,Two year,Yes,Bank transfer (automatic),99.3,2141.56,3,0,4.0,No
CUST-04261,Male,1,Yes,No,37,Yes,No,No,No internet service,No internet service,No internet service,No internet service,No internet service,No internet service,Month-to-month,No,Electronic check,29.79,1081.93,1,1,4.8,No
CUST-04262,Male,0,Yes,No,58,No,No phone service,DSL,Yes,Yes,Yes,Yes,Yes,No,Month-to-month,No,Credit card (automatic),50.16,3067.52,2,1,4.3,Yes
CUST-04263,Male,0,Yes,No,67,Yes,No,No,No internet service,No internet service,No internet service,No internet service,No internet service,No internet service,Month-to-month,No,Credit card (automatic),19.22,1218.59,1,3,3.8,No
CUST-04264,Female,0,Yes,No,55,Yes,No,No,No internet service,No internet service,No internet service,No internet service,No internet service,No internet service,Two year,No,Mailed check,24.85,1412.78,3,0,5.0,No
CUST-04265,Female,0,Yes,Yes,49,Yes,Yes,No,No internet service,No internet service,No internet service,No internet service,No internet service,No internet service,Two year,No,Credit card (automatic),30.64,1419.52,2,1,4.7,No
CUST-04266,Female,0,No,No,50,Yes,No,DSL,Yes,Yes,No,No,Yes,No,Month-to-month,Yes,Electronic check,72.69,3473.76,3,3,3.0,No
CUST-04267,Male,0,No,No,30,Yes,No,No,No internet service,No internet service,No internet service,No internet service,No internet service,No internet service,Month-to-month,Yes,Bank transfer (automatic),34.04,1069.52,1,4,4.5,No
CUST-04268,Female,0,Yes,No,50,Yes,No,DSL,No,Yes,No,No,Yes,Yes,One year,No,Credit card (automatic),47.44,2424.46,2,0,5.0,No
CUST-04269,Male,1,Yes,No,42,Yes,Yes,Fiber optic,No,No,No,No,Yes,No,Month-to-month,No,Mailed check,94.69,4057.13,1,2,3.9,No
CUST-04270,Female,0,No,Yes,38,No,No phone service,No,No internet service,No internet service,No internet service,No internet service,No internet service,No internet service,Month-to-month,Yes,Credit card (automatic),26.39,980.46,0,1,5.0,No
CUST-04271,Female,1,Yes,Yes,23,Yes,Yes,DSL,No,No,No,No,No,Yes,One year,Yes,Bank transfer (automatic),71.41,1759.86,2,0,4.9,No
CUST-04272,Female,1,No,Yes,26,Yes,No,Fiber optic,Yes,Yes,No,No,No,No,One year,Yes,Electronic check,87.83,2218.9,1,0,4.7,No
CUST-04273,Female,0,No,No,9,Yes,No,Fiber optic,No,No,No,No,No,No,Month-to-month,Yes,Credit card (automatic),82.1,698.35,5,2,3.8,No
CUST-04274,Male,0,Yes,Yes,52,Yes,No,No,No internet service,No internet service,No internet service,No internet service,No internet service,No internet service,Month-to-month,No,Mailed check,37.82,1915.16,0,1,4.2,No
CUST-04275,Male,0,No,Yes,2,Yes,Yes,DSL,No,Yes,No,No,No,Yes,Month-to-month,No,Electronic check,65.54,123.7,2,2,4.1,No
CUST-04276,Female,0,No,Yes,9,Yes,Yes,No,No internet service,No internet service,No internet service,No internet service,No internet service,No internet service,Month-to-month,Yes,Electronic check,21.76,210.86,0,4,3.4,Yes
CUST-04277,Male,0,No,Yes,22,Yes,No,No,No internet service,No internet service,No internet service,No internet service,No internet service,No internet service,One year,Yes,Credit card (automatic),47.75,1121.92,1,0,4.7,No
CUST-04278,Female,0,No,No,11,Yes,No,Fiber optic,No,No,No,No,Yes,Yes,Month-to-month,Yes,Bank transfer (automatic),94.93,1089.83,2,0,4.5,Yes
CUST-04279,Female,0,Yes,No,54,No,No phone service,Fiber optic,Yes,Yes,No,No,No,No,Month-to-month,Yes,Bank transfer (automatic),88.78,4970.55,1,0,4.8,Yes
CUST-04280,Female,0,No,No,10,No,No phone service,Fiber optic,No,No,No,Yes,Yes,No,Month-to-month,No,Electronic check,89.48,835.32,6,1,3.8,Yes
CUST-04281,Male,0,Yes,No,33,Yes,No,DSL,No,No,Yes,No,Yes,No,Two year,No,Bank transfer (automatic),78.91,2555.84,1,1,4.2,No
CUST-04282,Female,0,Yes,No,53,Yes,Yes,Fiber optic,No,No,No,No,No,No,Two year,Yes,Bank transfer (automatic),66.55,3410.06,2,2,4.3,No
CUST-04283,Male,0,No,No,43,Yes,Yes,DSL,Yes,Yes,Yes,No,No,No,One year,No,Electronic check,69.35,2784.64,2,0,5.0,No
CUST-04284,Male,0,Yes,Yes,43,Yes,No,DSL,No,Yes,No,No,No,Yes,Month-to-month,Yes,Mailed check,64.78,2937.72,0,3,3.3,No
CUST-04285,Male,1,No,Yes,25,Yes,No,DSL,No,Yes,No,Yes,Yes,Yes,One year,Yes,Electronic check,69.0,1843.68,2,0,4.6,No
CUST-04286,Female,1,No,No,33,Yes,No,Fiber optic,No,No,No,No,No,No,Month-to-month,No,Bank transfer (automatic),115.56,3927.49,2,0,4.7,Yes
CUST-04287,Female,0,No,No,56,Yes,No,Fiber optic,Yes,No,No,No,No,No,Two year,Yes,Mailed check,100.86,5360.68,5,1,4.1,No
CUST-04288,Female,0,No,No,35,Yes,Yes,Fiber optic,Yes,Yes,No,No,Yes,Yes,One year,No,Bank transfer (automatic),103.08,3818.22,3,2,3.6,No
CUST-04289,Female,0,No,Yes,51,Yes,No,DSL,No,No,Yes,No,Yes,Yes,Month-to-month,Yes,Credit card (automatic),76.37,4039.14,1,2,5.0,No
CUST-04290,Male,0,No,Yes,60,No,No phone service,Fiber optic,No,No,No,Yes,No,No,Month-to-month,No,Mailed check,104.34,5843.92,4,3,2.5,No
CUST-04291,Male,0,No,Yes,18,Yes,Yes,Fiber optic,Yes,No,Yes,No,Yes,No,One year,Yes,Credit card (automatic),86.88,1611.75,3,0,5.0,No
CUST-04292,Female,0,No,No,9,Yes,Yes,Fiber optic,Yes,No,No,No,Yes,No,Month-to-month,Yes,Mailed check,107.62,904.07,3,3,4.1,Yes
CUST-04293,Male,0,No,No,34,Yes,No,DSL,No,No,No,No,Yes,No,Month-to-month,No,Electronic check,55.72,1847.8,0,1,5.0,No
CUST-04294,Male,0,Yes,Yes,28,Yes,Yes,Fiber optic,No,No,No,Yes,Yes,No,Month-to-month,Yes,Electronic check,79.41,2060.15,4,4,3.2,Yes
CUST-04295,Female,0,Yes,Yes,11,Yes,No,Fiber optic,No,No,No,No,Yes,No,Two year,No,Bank transfer (automatic),112.23,1285.83,2,0,4.6,No
CUST-04296,Female,1,Yes,Yes,55,Yes,Yes,No,No internet service,No internet service,No internet service,No internet service,No internet service,No internet service,One year,Yes,Bank transfer (automatic),30.37,1691.31,2,1,4.7,No
CUST-04297,Male,0,Yes,Yes,45,Yes,Yes,Fiber optic,No,No,Yes,Yes,No,No,Month-to-month,No,Electronic check,87.51,3907.84,1,0,4.6,No
CUST-04298,Female,0,Yes,No,48,Yes,No,DSL,No,Yes,No,No,No,No,One year,Yes,Credit card (automatic),75.43,3795.06,2,0,5.0,No
CUST-04299,Male,1,No,No,52,No,No phone service,DSL,No,No,No,No,Yes,Yes,Month-to-month,Yes,Mailed check,63.48,3456.26,1,1,4.6,No
CUST-04300,Male,0,No,No,32,Yes,Yes,DSL,No,No,Yes,No,No,No,Month-to-month,Yes,Bank transfer (automatic),48.71,1583.15,2,0,4.1,No
CUST-04301,Male,0,No,No,37,Yes,Yes,DSL,Yes,Yes,No,Yes,Yes,Yes,Month-to-month,No,Credit card (automatic),74.98,2553.26,0,4,3.5,No
CUST-04302,Female,0,No,No,17,Yes,No,No,No internet service,No internet service,No internet service,No internet service,No internet service,No internet service,Month-to-month,No,Mailed check,47.64,874.08,0,1,4.8,No
CUST-04303,Male,1,No,No,53,Yes,No,Fiber optic,No,No,No,No,No,No,Month-to-month,Yes,Credit card (automatic),86.69,4896.55,2,1,4.7,No
CUST-04304,Male,0,No,No,69,Yes,Yes,DSL,Yes,Yes,No,No,No,No,Two year,Yes,Bank transfer (automatic),70.68,4857.89,0,1,4.2,Yes
CUST-04305,Female,0,No,No,63,Yes,No,No,No internet service,No internet service,No internet service,No internet service,No internet service,No internet service,Month-to-month,Yes,Mailed check,39.32,2624.34,1,2,3.5,No
CUST-04306,Female,0,Yes,No,30,Yes,No,DSL,No,No,No,No,No,Yes,One year,Yes,Mailed check,69.11,2023.22,0,0,5.0,No
CUST-04307,Female,0,No,Yes,4,No,No phone service,No,No internet service,No internet service,No internet service,No internet service,No internet service,No internet service,Two year,Yes,Bank transfer (automatic),34.61,131.62,2,1,4.8,No
CUST-04308,Female,0,Yes,Yes,64,Yes,Yes,DSL,No,Yes,No,No,Yes,Yes,Month-to-month,Yes,Credit card (automatic),38.72,2416.99,1,5,3.6,No
CUST-04309,Female,0,Yes,No,42,Yes,No,Fiber optic,No,No,No,No,No,No,Month-to-month,No,Credit card (automatic),78.55,3455.8,1,2,5.0,No
CUST-04310,Female,0,Yes,No,57,Yes,Yes,Fiber optic,No,No,No,No,No,No,One year,No,Electronic check,86.21,4554.9,3,0,5.0,No
CUST-04311,Female,0,No,Yes,22,Yes,No,DSL,No,Yes,Yes,No,Yes,No,Month-to-month,No,Bank transfer (automatic),66.0,1546.16,0,1,5.0,No
CUST-04312,Female,0,No,No,63,Yes,Yes,DSL,No,Yes,No,No,Yes,No,Two year,Yes,Credit card (automatic),57.06,3821.95,0,1,4.8,No
CUST-04313,Male,0,Yes,No,61,Yes,No,No,No internet service,No internet service,No internet service,No internet service,No internet service,No internet service,Month-to-month,Yes,Electronic check,27.39,1565.78,2,3,4.3,No
CUST-04314,Male,0,No,No,2,Yes,Yes,Fiber optic,No,Yes,No,No,No,No,Two year,No,Mailed check,85.04,167.05,2,0,5.0,No
CUST-04315,Female,0,Yes,No,41,No,No phone service,No,No internet service,No internet service,No internet service,No internet service,No internet service,No internet service,Month-to-month,No,Bank transfer (automatic),24.45,1049.42,1,0,5.0,No
CUST-04316,Male,0,Yes,Yes,35,Yes,Yes,Fiber optic,No,Yes,No,No,Yes,No,Month-to-month,Yes,Mailed check,116.3,4376.91,4,0,4.3,No
CUST-04317,Female,1,Yes,No,48,Yes,No,DSL,Yes,No,No,No,Yes,No,Two year,No,Electronic check,37.86,1909.18,4,0,3.7,No
CUST-04318,Male,1,Yes,Yes,19,Yes,Yes,Fiber optic,No,Yes,No,Yes,Yes,Yes,Month-to-month,Yes,Electronic check,67.9,1219.73,3,0,4.9,No
CUST-04319,Female,0,No,No,8,Yes,Yes,No,No internet service,No internet service,No internet service,No internet service,No internet service,No internet service,One year,Yes,Bank transfer (automatic),47.21,365.93,1,1,4.6,No
CUST-04320,Male,0,Yes,No,20,Yes,Yes,DSL,Yes,No,No,No,No,Yes,Month-to-month,Yes,Credit card (automatic),48.4,946.72,0,3,4.2,No
CUST-04321,Female,0,Yes,Yes,38,Yes,Yes,DSL,No,Yes,No,No,No,No,One year,Yes,Electronic check,61.88,2265.0,1,0,5.0,No
CUST-04322,Male,0,Yes,No,20,Yes,No,Fiber optic,No,Yes,No,No,No,No,Month-to-month,Yes,Mailed check,112.24,2242.41,0,4,4.0,Yes
CUST-04323,Male,0,No,No,34,Yes,Yes,No,No internet service,No internet service,No internet service,No internet service,No internet service,No internet service,One year,Yes,Electronic check,19.13,657.68,3,1,4.9,No
CUST-04324,Male,1,No,No,29,Yes,No,Fiber optic,Yes,No,No,No,No,Yes,One year,No,Bank transfer (automatic),116.62,3452.57,0,1,4.6,No
CUST-04325,Female,0,No,No,50,Yes,No,Fiber optic,No,No,No,No,Yes,Yes,One year,No,Credit card (automatic),78.22,3678.92,1,1,4.2,No
CUST-04326,Male,0,No,Yes,30,Yes,No,DSL,No,Yes,Yes,No,Yes,No,Month-to-month,No,Bank transfer (automatic),47.72,1342.85,2,2,4.4,No
CUST-04327,Female,1,No,No,11,No,No phone service,Fiber optic,No,No,No,No,No,No,Month-to-month,Yes,Bank transfer (automatic),101.17,1155.87,4,0,4.5,No
CUST-04328,Male,0,Yes,Yes,46,Yes,Yes,Fiber optic,No,Yes,Yes,Yes,Yes,Yes,Month-to-month,No,Credit card (automatic),112.49,5558.26,3,4,3.5,Yes
CUST-04329,Male,0,Yes,Yes,16,No,No phone service,DSL,No,No,No,No,No,Yes,One year,Yes,Bank transfer (automatic),54.21,864.6,2,0,5.0,No
CUST-04330,Female,0,No,No,22,Yes,No,Fiber optic,Yes,No,No,Yes,No,No,Two year,No,Bank transfer (automatic),120.0,2770.31,2,0,5.0,No
CUST-04331,Male,0,Yes,No,51,Yes,No,Fiber optic,No,No,No,No,No,Yes,Month-to-month,Yes,Bank transfer (automatic),96.32,4603.3,2,2,4.7,No
CUST-04332,Male,1,Yes,No,20,Yes,No,Fiber optic,No,No,Yes,No,Yes,No,Two year,No,Electronic check,102.69,1960.99,3,0,5.0,No
CUST-04333,Female,0,Yes,No,5,No,No phone service,No,No internet service,No internet service,No internet service,No internet service,No internet service,No internet service,Two year,Yes,Mailed check,27.84,148.74,1,1,3.7,No
CUST-04334,Female,0,Yes,No,26,Yes,No,No,No internet service,No internet service,No internet service,No internet service,No internet service,No internet service,Month-to-month,No,Bank transfer (automatic),28.32,778.01,2,0,3.9,No
CUST-04335,Female,0,No,No,28,Yes,Yes,Fiber optic,Yes,No,No,No,Yes,No,One year,Yes,Credit card (automatic),103.3,2868.21,3,0,4.8,No
CUST-04336,Male,1,Yes,Yes,50,Yes,No,No,No internet service,No internet service,No internet service,No internet service,No internet service,No internet service,Month-to-month,Yes,Electronic check,42.44,2286.64,1,2,4.2,Yes
CUST-04337,Female,0,Yes,No,52,Yes,No,No,No internet service,No internet service,No internet service,No internet service,No internet service,No internet service,Month-to-month,Yes,Electronic check,32.72,1785.42,1,3,4.5,No
CUST-04338,Male,0,No,No,1,Yes,Yes,Fiber optic,Yes,Yes,Yes,No,No,No,Two year,Yes,Mailed check,88.38,88.03,3,0,5.0,No
CUST-04339,Female,0,No,No,55,Yes,No,Fiber optic,Yes,No,No,No,Yes,No,Month-to-month,Yes,Credit card (automatic),93.79,4927.0,3,0,4.5,No
CUST-04340,Female,1,Yes,No,54,Yes,Yes,DSL,No,Yes,No,No,Yes,No,Two year,Yes,Mailed check,43.56,2314.03,3,0,5.0,No
CUST-04341,Male,0,Yes,No,13,Yes,Yes,No,No internet service,No internet service,No internet service,No internet service,No internet service,No internet service,Month-to-month,Yes,Electronic check,24.3,318.89,2,4,3.1,No
CUST-04342,Male,0,Yes,No,25,Yes,Yes,DSL,Yes,Yes,No,No,Yes,No,One year,No,Credit card (automatic),44.84,1062.36,2,0,4.9,No
CUST-04343,Male,1,Yes,No,56,Yes,Yes,DSL,No,No,No,Yes,No,No,Month-to-month,Yes,Mailed check,52.07,2782.4,1,1,4.2,No
CUST-04344,Male,0,Yes,No,42,Yes,No,Fiber optic,No,Yes,No,No,No,Yes,Month-to-month,Yes,Credit card (automatic),74.46,3085.27,1,1,5.0,No
CUST-04345,Male,0,Yes,No,25,Yes,Yes,DSL,No,Yes,Yes,No,No,Yes,Month-to-month,No,Electronic check,36.81,885.49,0,5,4.6,Yes
CUST-04346,Female,0,No,No,55,Yes,No,DSL,No,Yes,No,Yes,Yes,Yes,Month-to-month,Yes,Credit card (automatic),66.1,3553.56,0,1,5.0,No
CUST-04347,Male,0,No,No,46,Yes,No,Fiber optic,No,No,No,Yes,No,No,Month-to-month,No,Credit card (automatic),115.11,5644.62,3,0,4.7,No
CUST-04348,Male,0,No,Yes,37,Yes,No,DSL,No,Yes,Yes,No,No,No,One year,Yes,Electronic check,74.69,2836.37,2,0,5.0,No
CUST-04349,Female,0,No,No,1,Yes,Yes,No,No internet service,No internet service,No internet service,No internet service,No internet service,No internet service,Month-to-month,No,Electronic check,28.08,28.77,1,0,4.8,No
CUST-04350,Male,0,No,No,47,Yes,Yes,No,No internet service,No internet service,No internet service,No internet service,No internet service,No internet service,One year,No,Mailed check,18.0,887.26,1,0,5.0,No
CUST-04351,Female,0,No,Yes,13,Yes,No,Fiber optic,No,No,No,No,Yes,Yes,Month-to-month,Yes,Electronic check,81.59,1069.16,2,1,4.6,Yes
CUST-04352,Female,0,No,Yes,67,Yes,No,DSL,No,Yes,No,No,No,Yes,Two year,No,Bank transfer (automatic),81.63,5467.25,3,2,4.8,No
CUST-04353,Female,1,No,No,14,Yes,No,Fiber optic,Yes,No,Yes,Yes,No,No,Month-to-month,Yes,Electronic check,114.09,1527.04,5,1,3.3,Yes
CUST-04354,Male,0,No,Yes,3,Yes,No,DSL,Yes,Yes,Yes,No,No,Yes,Month-to-month,Yes,Electronic check,63.59,206.01,0,3,4.5,No
CUST-04355,Male,0,No,No,28,Yes,No,Fiber optic,No,No,No,No,Yes,No,Two year,Yes,Bank transfer (automatic),102.1,2960.51,1,0,4.9,No
CUST-04356,Female,0,No,Yes,26,Yes,Yes,DSL,Yes,No,No,No,Yes,Yes,Two year,Yes,Credit card (automatic),59.73,1598.21,1,0,5.0,No
CUST-04357,Female,0,Yes,Yes,26,Yes,Yes,Fiber optic,Yes,No,No,No,Yes,No,One year,Yes,Electronic check,118.28,2995.12,2,2,4.5,Yes
CUST-04358,Male,0,Yes,Yes,67,Yes,No,DSL,No,No,No,No,No,Yes,Month-to-month,No,Electronic check,53.36,3402.62,0,5,3.6,Yes
CUST-04359,Female,0,Yes,No,20,Yes,No,No,No internet service,No internet service,No internet service,No internet service,No internet service,No internet service,Month-to-month,No,Bank transfer (automatic),32.12,662.63,0,1,4.5,No
CUST-04360,Female,0,Yes,No,61,Yes,Yes,DSL,No,Yes,Yes,No,No,No,Two year,No,Electronic check,57.42,3463.41,1,1,5.0,No
CUST-04361,Male,0,Yes,No,12,Yes,No,Fiber optic,No,Yes,Yes,Yes,No,Yes,Month-to-month,Yes,Bank transfer (automatic),88.57,1082.07,3,2,4.9,Yes
CUST-04362,Female,0,Yes,No,45,Yes,Yes,DSL,No,No,Yes,No,No,No,Month-to-month,No,Bank transfer (automatic),50.72,2142.75,1,0,4.4,No
CUST-04363,Male,1,Yes,No,10,Yes,No,Fiber optic,Yes,No,No,Yes,No,No,Two year,Yes,Mailed check,94.66,999.37,3,0,4.0,Yes
CUST-04364,Female,0,No,Yes,17,Yes,No,No,No internet service,No internet service,No internet service,No internet service,No internet service,No internet service,Month-to-month,Yes,Credit card (automatic),33.95,602.08,3,1,5.0,No
CUST-04365,Female,0,Yes,Yes,11,Yes,No,DSL,No,No,No,No,Yes,No,One year,Yes,Electronic check,54.88,631.14,1,1,4.8,Yes
CUST-04366,Female,0,Yes,No,24,Yes,No,DSL,No,Yes,No,Yes,No,No,Two year,No,Electronic check,52.87,1321.0,2,0,4.5,No
CUST-04367,Male,0,Yes,Yes,34,Yes,No,DSL,No,No,Yes,No,No,No,Month-to-month,No,Electronic check,73.87,2402.43,0,1,4.5,No
CUST-04368,Male,0,Yes,No,62,Yes,Yes,Fiber optic,No,Yes,Yes,No,No,No,Two year,No,Credit card (automatic),101.38,5802.22,3,0,4.9,No
CUST-04369,Female,1,No,No,55,Yes,No,Fiber optic,No,Yes,No,No,No,Yes,Two year,No,Electronic check,85.61,4779.39,1,0,4.6,No
CUST-04370,Female,1,No,No,51,Yes,No,No,No internet service,No internet service,No internet service,No internet service,No internet service,No internet service,One year,No,Mailed check,32.26,1656.01,1,0,4.8,No
CUST-04371,Female,0,Yes,No,36,Yes,No,No,No internet service,No internet service,No internet service,No internet service,No internet service,No internet service,Month-to-month,Yes,Electronic check,35.31,1271.51,2,2,5.0,No
CUST-04372,Male,1,No,No,21,Yes,Yes,DSL,No,No,No,No,Yes,No,Month-to-month,Yes,Bank transfer (automatic),71.78,1487.54,2,2,4.5,No
CUST-04373,Male,0,Yes,No,22,Yes,Yes,No,No internet service,No internet service,No internet service,No internet service,No internet service,No internet service,One year,No,Electronic check,50.7,1135.08,3,1,3.6,No
CUST-04374,Female,0,No,No,10,Yes,No,No,No internet service,No internet service,No internet service,No internet service,No internet service,No internet service,Month-to-month,No,Bank transfer (automatic),40.57,408.27,2,0,4.7,No
CUST-04375,Male,0,No,No,48,Yes,No,Fiber optic,No,No,No,Yes,No,Yes,Month-to-month,Yes,Electronic check,99.37,4964.52,8,0,4.4,Yes
CUST-04376,Female,0,No,No,57,Yes,No,Fiber optic,Yes,Yes,No,Yes,No,No,One year,No,Credit card (automatic),107.45,6483.12,8,0,3.6,No
CUST-04377,Male,0,Yes,No,40,Yes,No,Fiber optic,Yes,No,No,No,Yes,Yes,Two year,Yes,Credit card (automatic),105.64,4005.39,1,1,5.0,No
CUST-04378,Male,1,No,No,42,Yes,Yes,Fiber optic,No,Yes,No,No,No,Yes,Month-to-month,No,Mailed check,91.3,3876.95,1,3,3.7,Yes
CUST-04379,Male,0,No,No,27,Yes,Yes,Fiber optic,Yes,No,No,No,No,No,Month-to-month,Yes,Electronic check,75.36,2042.89,1,1,5.0,No
CUST-04380,Female,0,No,No,70,Yes,Yes,DSL,No,Yes,Yes,No,No,No,Month-to-month,Yes,Mailed check,68.45,4867.39,3,0,5.0,No
CUST-04381,Female,0,Yes,Yes,64,Yes,Yes,Fiber optic,Yes,Yes,No,No,Yes,No,Two year,Yes,Electronic check,75.8,4601.7,3,0,5.0,No
CUST-04382,Male,0,Yes,No,30,Yes,No,Fiber optic,No,No,No,No,No,No,Month-to-month,No,Credit card (automatic),120.0,3422.34,2,4,4.0,No
CUST-04383,Male,1,Yes,No,55,Yes,Yes,DSL,No,Yes,No,No,No,No,Month-to-month,Yes,Credit card (automatic),57.64,3077.0,3,0,4.2,No
CUST-04384,Female,0,Yes,No,26,Yes,Yes,No,No internet service,No internet service,No internet service,No internet service,No internet service,No internet service,Two year,Yes,Electronic check,40.25,1042.98,3,1,3.4,No
CUST-04385,Male,0,No,Yes,9,Yes,No,DSL,Yes,No,No,No,Yes,No,Month-to-month,Yes,Bank transfer (automatic),80.74,705.56,3,1,3.9,No
CUST-04386,Female,0,Yes,No,21,Yes,No,DSL,No,No,No,No,No,No,One year,No,Bank transfer (automatic),73.11,1508.64,1,0,3.9,No
CUST-04387,Male,0,Yes,No,61,Yes,Yes,Fiber optic,No,Yes,Yes,No,No,No,One year,Yes,Bank transfer (automatic),120.0,6848.71,1,2,4.5,No
CUST-04388,Male,0,No,No,35,Yes,Yes,Fiber optic,No,No,Yes,Yes,No,No,Two year,Yes,Electronic check,76.21,2681.02,2,0,4.7,No
CUST-04389,Male,0,No,No,63,Yes,No,DSL,Yes,No,No,No,No,No,Month-to-month,Yes,Credit card (automatic),52.26,3129.23,0,5,5.0,No
CUST-04390,Female,0,No,No,24,Yes,No,Fiber optic,No,Yes,No,No,No,Yes,One year,Yes,Mailed check,67.24,1696.93,6,0,4.2,No
CUST-04391,Male,0,No,No,34,No,No phone service,Fiber optic,No,Yes,No,Yes,No,Yes,Month-to-month,No,Credit card (automatic),94.81,3239.35,2,1,4.9,Yes
CUST-04392,Female,0,No,Yes,6,Yes,Yes,DSL,No,Yes,No,No,Yes,No,Month-to-month,No,Electronic check,77.4,450.68,2,3,3.7,No
CUST-04393,Male,0,No,No,57,Yes,No,DSL,No,No,No,No,No,No,Month-to-month,Yes,Credit card (automatic),81.1,4490.11,0,2,5.0,No
CUST-04394,Male,0,Yes,No,23,Yes,No,Fiber optic,Yes,No,Yes,No,No,Yes,Month-to-month,No,Electronic check,86.15,1892.24,6,1,3.8,No
CUST-04395,Female,1,Yes,No,7,Yes,No,Fiber optic,No,No,No,No,No,No,Two year,Yes,Electronic check,120.0,827.78,5,1,3.8,Yes
CUST-04396,Female,1,No,No,16,Yes,No,DSL,Yes,No,No,Yes,Yes,No,One year,Yes,Electronic check,62.73,1061.3,3,0,3.9,Yes
CUST-04397,Male,0,Yes,No,48,Yes,No,Fiber optic,No,No,No,No,No,Yes,One year,Yes,Electronic check,80.78,3855.25,7,0,3.7,No
CUST-04398,Male,0,Yes,Yes,59,No,No phone service,Fiber optic,No,No,Yes,No,No,Yes,Month-to-month,No,Mailed check,95.3,5741.54,3,1,3.5,Yes
CUST-04399,Male,1,No,No,69,Yes,No,No,No internet service,No internet service,No internet service,No internet service,No internet service,No internet service,One year,No,Bank transfer (automatic),36.58,2667.32,4,1,3.6,No
CUST-04400,Female,0,Yes,No,17,Yes,No,Fiber optic,Yes,No,No,No,No,No,Month-to-month,Yes,Electronic check,104.67,,3,6,3.6,Yes
CUST-04401,Male,0,Yes,No,43,Yes,Yes,DSL,No,No,Yes,No,No,Yes,One year,No,Electronic check,52.54,2102.42,1,0,4.8,No
CUST-04402,Male,0,Yes,No,34,Yes,Yes,Fiber optic,No,No,No,No,Yes,No,One year,Yes,Bank transfer (automatic),109.54,3671.56,0,0,5.0,No
CUST-04403,Male,0,Yes,No,52,Yes,Yes,DSL,No,No,Yes,No,No,No,Two year,No,Bank transfer (automatic),59.73,2949.05,2,1,4.3,No
CUST-04404,Female,0,No,No,49,Yes,No,Fiber optic,No,No,No,No,No,No,Month-to-month,No,Bank transfer (automatic),80.77,3864.65,9,2,3.7,Yes
CUST-04405,Male,0,Yes,No,6,Yes,No,DSL,No,No,Yes,No,No,No,Two year,No,Bank transfer (automatic),54.09,330.65,1,0,4.4,No
CUST-04406,Female,0,No,No,11,Yes,No,No,No internet service,No internet service,No internet service,No internet service,No internet service,No internet service,Month-to-month,No,Bank transfer (automatic),29.77,309.83,0,0,4.9,No
CUST-04407,Male,1,Yes,No,43,Yes,No,Fiber optic,No,No,No,No,No,No,One year,Yes,Electronic check,80.32,3404.03,3,0,4.2,No
CUST-04408,Male,0,No,Yes,39,No,No phone service,No,No internet service,No internet service,No internet service,No internet service,No internet service,No internet service,Month-to-month,Yes,Electronic check,43.99,1760.62,0,4,3.9,No
CUST-04409,Male,0,Yes,No,64,No,No phone service,Fiber optic,Yes,Yes,No,No,Yes,No,Two year,Yes,Credit card (automatic),92.65,5894.6,0,0,4.8,No
CUST-04410,Male,0,Yes,No,61,Yes,Yes,Fiber optic,No,No,Yes,Yes,No,No,Month-to-month,Yes,Bank transfer (automatic),106.28,6648.65,2,3,4.1,No
CUST-04411,Male,0,No,No,5,Yes,Yes,DSL,No,No,No,Yes,Yes,No,Month-to-month,Yes,Credit card (automatic),59.8,322.58,0,2,4.9,No
CUST-04412,Female,0,Yes,Yes,43,Yes,No,DSL,Yes,No,Yes,Yes,Yes,Yes,Two year,Yes,Credit card (automatic),60.79,2527.68,5,0,3.9,No
CUST-04413,Male,0,No,No,30,Yes,No,No,No internet service,No internet service,No internet service,No internet service,No internet service,No internet service,Month-to-month,Yes,Electronic check,40.86,1296.4,3,1,4.5,Yes
CUST-04414,Female,0,Yes,No,35,Yes,No,No,No internet service,No internet service,No internet service,No internet service,No internet service,No internet service,Two year,No,Bank transfer (automatic),20.05,689.48,1,0,4.9,No
CUST-04415,Male,0,Yes,Yes,5,Yes,No,DSL,No,Yes,No,No,No,No,Two year,No,Credit card (automatic),72.66,389.07,1,0,4.3,No
CUST-04416,Male,0,Yes,No,61,Yes,No,Fiber optic,No,No,No,Yes,No,Yes,Month-to-month,Yes,Bank transfer (automatic),88.17,5683.87,3,0,4.9,No
CUST-04417,Male,0,No,No,12,Yes,Yes,DSL,No,Yes,Yes,No,Yes,No,Month-to-month,No,Electronic check,84.76,1054.18,2,3,4.3,No
CUST-04418,Male,1,Yes,Yes,69,Yes,Yes,Fiber optic,No,No,No,No,No,No,Month-to-month,No,Bank transfer (automatic),96.06,6718.09,5,3,3.9,No
CUST-04419,Female,0,Yes,No,68,Yes,No,No,No internet service,No internet service,No internet service,No internet service,No internet service,No internet service,Month-to-month,Yes,Mailed check,28.78,1919.14,2,1,4.4,Yes
CUST-04420,Male,0,No,No,60,Yes,No,DSL,No,No,No,No,No,No,Two year,No,Bank transfer (automatic),50.67,2980.13,1,1,5.0,No
CUST-04421,Female,0,Yes,No,9,Yes,No,DSL,No,Yes,No,Yes,Yes,No,Month-to-month,No,Credit card (automatic),69.32,651.03,2,1,5.0,No
CUST-04422,Female,0,No,No,30,Yes,Yes,Fiber optic,No,No,No,Yes,No,Yes,Month-to-month,Yes,Electronic check,107.67,3155.57,4,2,3.0,Yes
CUST-04423,Female,0,No,No,2,Yes,No,DSL,No,No,No,No,No,No,Month-to-month,Yes,Mailed check,51.61,110.34,1,0,5.0,No
CUST-04424,Male,0,No,No,45,Yes,No,DSL,No,No,No,No,No,No,Month-to-month,Yes,Electronic check,55.67,2306.38,2,1,4.2,No
CUST-04425,Male,0,Yes,No,63,Yes,Yes,Fiber optic,No,No,Yes,No,No,Yes,Month-to-month,Yes,Bank transfer (automatic),74.16,4907.71,5,3,2.7,No
CUST-04426,Female,0,Yes,Yes,38,Yes,No,Fiber optic,No,No,No,Yes,No,Yes,One year,No,Electronic check,109.52,4335.28,4,1,4.9,Yes
CUST-04427,Male,1,No,No,2,Yes,Yes,No,No internet service,No internet service,No internet service,No internet service,No internet service,No internet service,Two year,No,Electronic check,34.46,69.06,1,0,4.2,No
CUST-04428,Male,0,No,No,22,No,No phone service,No,No internet service,No internet service,No internet service,No internet service,No internet service,No internet service,Month-to-month,No,Bank transfer (automatic),44.49,1038.38,1,0,4.7,No
CUST-04429,Female,0,Yes,No,13,Yes,No,Fiber optic,No,No,No,No,Yes,No,Month-to-month,Yes,Electronic check,77.38,932.32,1,2,4.5,No
CUST-04430,Female,1,No,No,32,Yes,Yes,Fiber optic,Yes,Yes,No,No,No,No,One year,Yes,Mailed check,107.02,3410.81,2,0,4.1,No
CUST-04431,Female,0,No,No,27,Yes,No,Fiber optic,No,Yes,No,No,No,No,Month-to-month,No,Bank transfer (automatic),96.68,2405.71,4,0,4.9,No
CUST-04432,Male,0,Yes,No,60,Yes,No,Fiber optic,Yes,No,Yes,No,Yes,No,Month-to-month,Yes,Bank transfer (automatic),86.52,4974.63,1,1,4.7,No
CUST-04433,Female,0,Yes,No,16,Yes,Yes,DSL,No,No,No,No,Yes,No,Two year,No,Bank transfer (automatic),59.44,992.64,1,0,5.0,No
CUST-04434,Male,0,No,Yes,22,No,No phone service,DSL,No,Yes,No,Yes,Yes,No,Month-to-month,Yes,Bank transfer (automatic),73.19,1580.48,1,1,4.2,Yes
CUST-04435,Female,0,No,No,18,Yes,No,Fiber optic,No,No,No,No,No,Yes,Two year,No,Bank transfer (automatic),98.23,1734.41,4,0,4.4,No
CUST-04436,Female,0,No,No,65,Yes,No,No,No internet service,No internet service,No internet service,No internet service,No internet service,No internet service,One year,Yes,Bank transfer (automatic),19.32,1241.83,1,1,4.2,No
CUST-04437,Female,0,Yes,No,22,No,No phone service,Fiber optic,No,Yes,No,No,Yes,No,Month-to-month,Yes,Mailed check,74.27,1683.12,2,0,4.3,No
CUST-04438,Female,0,Yes,No,72,Yes,No,No,No internet service,No internet service,No internet service,No internet service,No internet service,No internet service,Month-to-month,Yes,Mailed check,30.36,2230.35,1,2,3.9,No
CUST-04439,Male,0,Yes,Yes,48,No,No phone service,DSL,Yes,Yes,No,Yes,No,Yes,Month-to-month,Yes,Electronic check,31.43,1591.7,3,6,3.9,Yes
CUST-04440,Male,1,Yes,Yes,23,Yes,Yes,DSL,No,No,No,No,No,Yes,Month-to-month,Yes,Credit card (automatic),68.57,1610.31,1,4,4.0,No
CUST-04441,Male,1,No,Yes,43,Yes,No,No,No internet service,No internet service,No internet service,No internet service,No internet service,No internet service,One year,No,Mailed check,42.18,1937.66,2,1,4.0,No
CUST-04442,Male,0,Yes,Yes,9,Yes,No,DSL,No,No,No,No,No,No,Two year,No,Credit card (automatic),70.81,670.74,2,0,4.6,No
CUST-04443,Female,0,Yes,No,66,Yes,Yes,Fiber optic,No,No,No,Yes,No,No,Month-to-month,No,Mailed check,104.83,6559.6,1,0,5.0,No
CUST-04444,Male,0,No,No,69,No,No phone service,DSL,No,No,No,No,No,No,Month-to-month,No,Bank transfer (automatic),48.93,3216.87,0,3,4.3,No
CUST-04445,Female,0,Yes,Yes,22,Yes,No,No,No internet service,No internet service,No internet service,No internet service,No internet service,No internet service,Month-to-month,No,Credit card (automatic),24.08,491.48,3,1,4.9,Yes
CUST-04446,Male,0,Yes,No,13,Yes,No,DSL,No,No,No,No,No,No,Month-to-month,Yes,Electronic check,76.72,,1,4,3.9,No
CUST-04447,Male,0,No,Yes,31,Yes,No,No,No internet service,No internet service,No internet service,No internet service,No internet service,No internet service,Month-to-month,No,Electronic check,23.57,715.87,4,2,4.4,Yes
CUST-04448,Male,0,Yes,Yes,56,Yes,Yes,DSL,No,Yes,No,Yes,No,No,Month-to-month,Yes,Electronic check,40.14,2354.78,2,1,4.3,No
CUST-04449,Female,0,No,No,46,Yes,No,DSL,Yes,No,Yes,No,No,Yes,Two year,No,Credit card (automatic),49.94,2375.48,1,0,4.6,No
CUST-04450,Female,0,Yes,No,3,Yes,Yes,No,No internet service,No internet service,No internet service,No internet service,No internet service,No internet service,Month-to-month,No,Electronic check,31.43,99.46,1,6,3.3,Yes
CUST-04451,Female,0,Yes,No,1,Yes,Yes,Fiber optic,No,No,Yes,No,No,No,Month-to-month,No,Credit card (automatic),98.74,98.62,0,1,5.0,No
CUST-04452,Male,0,No,Yes,17,Yes,No,DSL,Yes,Yes,Yes,No,No,Yes,Month-to-month,Yes,Electronic check,74.29,1326.77,1,1,5.0,No
CUST-04453,Male,0,Yes,No,55,Yes,Yes,Fiber optic,Yes,Yes,No,Yes,Yes,No,Month-to-month,Yes,Credit card (automatic),109.97,6463.11,1,3,3.8,Yes
CUST-04454,Female,0,No,Yes,19,Yes,Yes,DSL,Yes,No,Yes,Yes,No,No,Month-to-month,No,Electronic check,56.87,1130.61,3,2,4.5,No
CUST-04455,Female,1,Yes,No,65,Yes,Yes,DSL,No,No,No,No,Yes,No,Two year,No,Electronic check,33.88,2086.08,2,0,4.0,No
CUST-04456,Male,0,No,No,22,Yes,Yes,DSL,Yes,Yes,Yes,Yes,No,Yes,Two year,No,Credit card (automatic),38.22,803.62,0,1,4.7,No
CUST-04457,Female,0,Yes,No,65,Yes,Yes,Fiber optic,No,No,No,No,No,No,Month-to-month,Yes,Credit card (automatic),111.73,7285.09,3,1,4.5,No
CUST-04458,Male,0,No,No,67,Yes,Yes,DSL,No,No,No,Yes,No,No,Month-to-month,Yes,Mailed check,59.27,3961.98,3,2,3.7,No
CUST-04459,Male,0,No,No,53,No,No phone service,No,No internet service,No internet service,No internet service,No internet service,No internet service,No internet service,Two year,Yes,Bank transfer (automatic),28.1,1532.59,2,0,5.0,No
CUST-04460,Female,0,No,No,13,Yes,No,Fiber optic,No,Yes,Yes,No,No,Yes,Month-to-month,Yes,Electronic check,67.34,845.68,2,1,4.5,No
CUST-04461,Male,0,Yes,Yes,6,Yes,No,DSL,No,Yes,No,Yes,No,No,Month-to-month,Yes,Credit card (automatic),74.2,461.09,0,2,4.5,No
CUST-04462,Male,0,No,No,13,Yes,No,Fiber optic,Yes,No,Yes,No,No,Yes,Month-to-month,Yes,Credit card (automatic),85.79,1162.92,1,0,4.3,No
CUST-04463,Female,0,No,No,46,Yes,No,Fiber optic,No,No,No,Yes,Yes,Yes,Month-to-month,No,Credit card (automatic),105.23,5031.42,3,0,3.8,Yes
CUST-04464,Female,1,Yes,Yes,50,Yes,No,Fiber optic,Yes,Yes,No,No,Yes,Yes,Month-to-month,Yes,Credit card (automatic),120.0,6110.4,3,1,4.6,No
CUST-04465,Male,1,No,Yes,71,Yes,No,Fiber optic,No,No,No,Yes,No,Yes,Month-to-month,Yes,Mailed check,92.3,6848.15,2,1,4.4,No
CUST-04466,Male,0,Yes,No,69,Yes,Yes,Fiber optic,Yes,No,No,Yes,No,No,Two year,Yes,Electronic check,102.44,7452.14,6,0,3.5,No
CUST-04467,Female,0,Yes,Yes,23,Yes,Yes,DSL,No,No,No,No,No,Yes,Month-to-month,No,Credit card (automatic),67.81,1453.77,0,0,4.8,Yes
CUST-04468,Female,0,No,No,29,Yes,No,Fiber optic,No,No,Yes,No,Yes,No,Two year,Yes,Mailed check,67.08,1937.95,4,0,4.7,No
CUST-04469,Female,0,Yes,No,56,Yes,No,DSL,No,Yes,No,Yes,Yes,No,One year,Yes,Credit card (automatic),64.95,3441.42,0,0,4.9,No
CUST-04470,Female,0,Yes,No,56,Yes,No,No,No internet service,No internet service,No internet service,No internet service,No internet service,No internet service,Month-to-month,Yes,Electronic check,28.05,1689.19,0,6,3.8,No
CUST-04471,Male,0,No,No,23,Yes,No,Fiber optic,No,Yes,No,No,No,Yes,Two year,Yes,Bank transfer (automatic),90.29,2004.79,4,0,4.0,No
CUST-04472,Female,0,No,No,3,Yes,Yes,Fiber optic,Yes,No,No,Yes,Yes,Yes,Two year,No,Mailed check,109.38,306.29,4,1,4.6,No
CUST-04473,Male,0,Yes,No,7,No,No phone service,Fiber optic,Yes,No,Yes,No,Yes,No,Month-to-month,Yes,Electronic check,81.52,587.66,4,0,3.8,Yes
CUST-04474,Male,0,Yes,Yes,60,Yes,No,DSL,No,No,Yes,Yes,No,No,Two year,No,Electronic check,59.14,3453.61,3,0,4.6,No
CUST-04475,Female,0,Yes,Yes,26,Yes,Yes,DSL,No,No,No,Yes,Yes,No,Two year,Yes,Credit card (automatic),58.95,1440.72,1,0,4.6,No
CUST-04476,Male,0,No,No,53,Yes,No,DSL,Yes,Yes,No,No,No,Yes,Month-to-month,Yes,Electronic check,52.51,2813.99,1,3,4.4,No
CUST-04477,Female,0,Yes,No,58,No,No phone service,Fiber optic,No,No,No,Yes,Yes,No,Month-to-month,Yes,Bank transfer (automatic),92.1,5045.98,4,0,4.3,No
CUST-04478,Male,0,No,No,65,Yes,No,Fiber optic,Yes,No,No,No,No,No,Month-to-month,Yes,Mailed check,86.0,5280.27,5,0,4.2,No
CUST-04479,Female,0,No,Yes,36,Yes,No,DSL,Yes,Yes,Yes,No,No,Yes,Month-to-month,Yes,Electronic check,40.41,1403.86,3,0,4.5,No
CUST-04480,Female,1,No,No,46,Yes,Yes,Fiber optic,No,Yes,Yes,No,Yes,No,Month-to-month,No,Electronic check,66.19,2984.18,3,1,3.2,No
CUST-04481,Male,0,Yes,No,15,Yes,No,Fiber optic,Yes,Yes,No,Yes,No,No,Month-to-month,Yes,Electronic check,100.09,1618.68,1,5,3.8,Yes
CUST-04482,Male,1,Yes,Yes,68,Yes,No,Fiber optic,No,Yes,Yes,Yes,No,Yes,Two year,Yes,Electronic check,80.73,5141.4,0,1,4.8,No
CUST-04483,Female,0,Yes,No,64,Yes,No,DSL,Yes,No,Yes,Yes,No,Yes,Month-to-month,Yes,Electronic check,52.36,3097.98,3,4,4.1,Yes
CUST-04484,Male,0,Yes,No,29,Yes,No,No,No internet service,No internet service,No internet service,No internet service,No internet service,No internet service,One year,No,Electronic check,37.16,1116.43,2,0,3.8,No
CUST-04485,Male,0,Yes,No,27,Yes,Yes,Fiber optic,No,Yes,No,No,Yes,Yes,Two year,No,Credit card (automatic),113.03,3146.16,2,1,4.4,No
CUST-04486,Male,0,No,No,53,Yes,Yes,Fiber optic,No,No,No,No,No,Yes,Month-to-month,Yes,Electronic check,116.3,5701.89,5,2,3.5,Yes
CUST-04487,Female,0,Yes,No,30,Yes,Yes,Fiber optic,Yes,No,No,No,No,Yes,Two year,No,Credit card (automatic),110.86,3389.51,3,1,5.0,No
CUST-04488,Male,0,Yes,No,53,Yes,No,No,No internet service,No internet service,No internet service,No internet service,No internet service,No internet service,Month-to-month,No,Electronic check,31.45,1762.11,2,1,4.1,No
CUST-04489,Female,0,No,Yes,7,Yes,Yes,Fiber optic,No,Yes,Yes,No,Yes,Yes,Month-to-month,No,Credit card (automatic),99.09,643.68,0,3,3.8,Yes
CUST-04490,Male,0,No,No,20,Yes,Yes,DSL,No,Yes,No,No,Yes,No,One year,Yes,Electronic check,74.06,1534.84,3,0,4.7,No
CUST-04491,Male,1,Yes,No,57,Yes,Yes,DSL,No,Yes,No,No,No,No,One year,No,Bank transfer (automatic),35.72,2180.95,0,0,4.8,No
CUST-04492,Male,1,No,No,67,Yes,No,DSL,No,No,No,No,Yes,No,One year,Yes,Bank transfer (automatic),75.89,5385.08,2,1,3.7,No
CUST-04493,Female,0,No,Yes,2,Yes,No,Fiber optic,No,No,Yes,No,No,No,Month-to-month,Yes,Electronic check,116.66,225.02,2,4,3.6,Yes
CUST-04494,Male,0,Yes,No,57,Yes,Yes,Fiber optic,Yes,No,No,No,No,Yes,Month-to-month,Yes,Electronic check,101.23,5916.39,2,3,4.3,No
CUST-04495,Male,1,No,No,5,Yes,No,DSL,No,Yes,No,Yes,No,No,Month-to-month,Yes,Credit card (automatic),45.85,219.91,1,3,4.2,No
CUST-04496,Female,0,Yes,No,63,Yes,No,DSL,No,No,Yes,Yes,No,Yes,Two year,No,Electronic check,63.36,4196.09,0,1,5.0,No
CUST-04497,Male,0,Yes,Yes,19,Yes,Yes,Fiber optic,No,No,No,No,Yes,Yes,Two year,Yes,Electronic check,102.53,1957.07,4,0,4.5,Yes
CUST-04498,Male,0,Yes,No,27,Yes,Yes,Fiber optic,Yes,No,No,No,Yes,No,Month-to-month,Yes,Bank transfer (automatic),86.82,2390.08,1,4,4.2,Yes
CUST-04499,Male,0,Yes,Yes,52,Yes,Yes,Fiber optic,No,No,No,Yes,Yes,No,One year,Yes,Electronic check,108.16,5458.78,1,0,4.7,No
CUST-04500,Male,0,No,No,61,Yes,Yes,Fiber optic,No,Yes,Yes,Yes,No,No,Month-to-month,No,Bank transfer (automatic),95.75,6106.9,1,1,5.0,No
CUST-04501,Female,0,No,No,30,Yes,No,DSL,Yes,No,Yes,No,No,Yes,One year,No,Mailed check,63.26,1792.4,2,0,4.3,No
CUST-04502,Female,0,Yes,Yes,23,Yes,No,Fiber optic,No,No,No,No,No,No,Month-to-month,Yes,Mailed check,84.42,2008.93,2,1,4.5,No
CUST-04503,Female,0,No,No,71,Yes,Yes,Fiber optic,No,Yes,No,Yes,No,Yes,Month-to-month,Yes,Electronic check,104.13,7643.46,1,4,4.2,No
CUST-04504,Female,0,Yes,No,70,Yes,Yes,Fiber optic,No,Yes,Yes,No,Yes,No,Month-to-month,Yes,Electronic check,113.52,7508.86,2,3,4.7,No
CUST-04505,Male,0,Yes,No,38,Yes,No,Fiber optic,No,No,Yes,No,Yes,No,Two year,Yes,Electronic check,86.66,3240.6,3,1,3.5,Yes
CUST-04506,Male,0,No,No,2,Yes,No,No,No internet service,No internet service,No internet service,No internet service,No internet service,No internet service,Month-to-month,Yes,Bank transfer (automatic),27.92,58.55,2,2,4.8,No
CUST-04507,Male,1,Yes,No,70,Yes,No,DSL,No,No,No,Yes,No,No,Two year,No,Mailed check,37.2,2726.99,1,0,3.9,No
CUST-04508,Female,1,No,No,45,Yes,No,DSL,No,No,No,No,No,No,Month-to-month,No,Credit card (automatic),73.83,3545.51,1,2,4.2,No
CUST-04509,Male,0,Yes,Yes,40,No,No phone service,DSL,No,No,No,No,No,Yes,Month-to-month,Yes,Electronic check,47.07,2015.27,2,2,4.1,No
CUST-04510,Female,0,No,No,9,Yes,Yes,No,No internet service,No internet service,No internet service,No internet service,No internet service,No internet service,Month-to-month,Yes,Mailed check,22.59,216.85,0,0,5.0,No
CUST-04511,Male,0,Yes,No,72,Yes,No,Fiber optic,Yes,No,Yes,No,No,Yes,Month-to-month,Yes,Electronic check,88.13,6541.04,3,1,5.0,No
CUST-04512,Female,0,Yes,No,52,Yes,No,DSL,No,Yes,No,No,No,No,One year,Yes,Mailed check,74.52,3690.46,4,0,4.4,No
CUST-04513,Male,0,No,No,16,Yes,Yes,DSL,No,No,Yes,Yes,No,Yes,Month-to-month,No,Electronic check,68.7,1011.47,2,2,4.7,No
CUST-04514,Female,0,No,No,27,Yes,No,DSL,No,Yes,No,No,No,No,Month-to-month,No,Electronic check,62.14,1742.0,2,3,3.1,No
CUST-04515,Female,0,Yes,Yes,25,Yes,Yes,Fiber optic,Yes,No,No,No,No,No,Two year,Yes,Bank transfer (automatic),63.49,1467.4,1,1,4.6,No
CUST-04516,Female,0,No,Yes,63,Yes,Yes,Fiber optic,Yes,No,No,No,No,Yes,Two year,Yes,Credit card (automatic),115.9,6898.17,1,0,4.5,No
CUST-04517,Male,1,Yes,Yes,35,No,No phone service,Fiber optic,Yes,No,Yes,No,Yes,Yes,Month-to-month,Yes,Mailed check,116.32,4171.27,3,1,3.9,Yes
CUST-04518,Male,0,Yes,Yes,63,Yes,No,Fiber optic,No,Yes,No,No,No,No,One year,No,Electronic check,98.23,6259.54,4,0,4.8,No
CUST-04519,Female,0,Yes,No,50,No,No phone service,No,No internet service,No internet service,No internet service,No internet service,No internet service,No internet service,Month-to-month,Yes,Mailed check,37.52,1920.34,1,2,3.4,No
CUST-04520,Male,0,No,No,27,Yes,Yes,Fiber optic,Yes,No,No,No,No,Yes,Month-to-month,Yes,Mailed check,109.18,3040.83,3,1,4.7,Yes
CUST-04521,Female,0,No,Yes,30,No,No phone service,No,No internet service,No internet service,No internet service,No internet service,No internet service,No internet service,Two year,Yes,Mailed check,33.61,,2,1,4.8,No
CUST-04522,Female,0,No,No,59,Yes,No,Fiber optic,No,No,No,No,No,No,Two year,Yes,Credit card (automatic),94.48,5563.7,2,2,5.0,No
CUST-04523,Female,0,No,Yes,36,Yes,Yes,Fiber optic,No,Yes,No,No,Yes,No,Two year,No,Credit card (automatic),74.97,2635.51,2,0,5.0,No
CUST-04524,Female,0,Yes,No,50,Yes,No,Fiber optic,No,No,No,No,Yes,No,One year,Yes,Electronic check,110.74,5709.36,3,0,3.6,No
CUST-04525,Female,0,Yes,No,9,Yes,No,No,No internet service,No internet service,No internet service,No internet service,No internet service,No internet service,Two year,Yes,Credit card (automatic),25.71,229.61,4,0,4.7,No
CUST-04526,Male,0,Yes,No,31,Yes,Yes,Fiber optic,No,No,Yes,No,Yes,Yes,Month-to-month,No,Bank transfer (automatic),82.42,2354.0,4,2,3.7,Yes
CUST-04527,Male,0,No,Yes,42,Yes,No,Fiber optic,No,No,No,No,No,Yes,Month-to-month,Yes,Mailed check,98.26,3941.23,3,3,3.8,Yes
CUST-04528,Male,0,Yes,No,25,Yes,No,Fiber optic,No,No,Yes,No,No,Yes,One year,Yes,Electronic check,101.54,2573.86,4,0,4.5,Yes
CUST-04529,Male,0,No,No,62,Yes,No,No,No internet service,No internet service,No internet service,No internet service,No internet service,No internet service,One year,Yes,Bank transfer (automatic),47.61,3056.78,0,1,5.0,No
CUST-04530,Female,0,No,No,16,Yes,Yes,DSL,No,No,No,No,No,No,Month-to-month,No,Bank transfer (automatic),56.94,915.34,0,2,5.0,No
CUST-04531,Male,0,No,Yes,62,Yes,No,Fiber optic,No,Yes,No,Yes,No,No,One year,No,Credit card (automatic),74.97,4352.53,3,0,5.0,No
CUST-04532,Male,0,Yes,No,5,Yes,Yes,DSL,No,No,No,Yes,Yes,Yes,Month-to-month,No,Electronic check,59.29,303.95,1,3,4.6,Yes
CUST-04533,Female,0,Yes,No,31,Yes,Yes,No,No internet service,No internet service,No internet service,No internet service,No internet service,No internet service,One year,Yes,Mailed check,39.56,1207.69,1,0,4.9,No
CUST-04534,Female,0,No,No,38,Yes,No,No,No internet service,No internet service,No internet service,No internet service,No internet service,No internet service,Month-to-month,Yes,Bank transfer (automatic),18.0,654.21,1,1,4.4,Yes
CUST-04535,Male,0,No,No,19,Yes,No,Fiber optic,No,No,No,No,No,No,Month-to-month,Yes,Bank transfer (automatic),110.99,2066.17,4,3,4.8,Yes
CUST-04536,Female,1,Yes,No,39,Yes,Yes,Fiber optic,No,Yes,No,No,No,No,Two year,No,Credit card (automatic),99.78,,2,1,4.7,No
CUST-04537,Male,0,No,No,65,Yes,No,Fiber optic,No,No,No,No,Yes,No,Two year,No,Bank transfer (automatic),91.67,6022.93,4,0,4.3,No
CUST-04538,Female,0,No,Yes,32,No,No phone service,Fiber optic,No,No,No,No,No,Yes,Two year,No,Electronic check,86.61,2681.65,4,0,5.0,No
CUST-04539,Female,0,Yes,Yes,39,Yes,No,DSL,No,Yes,Yes,No,Yes,Yes,Month-to-month,No,Mailed check,42.06,1734.89,2,0,5.0,No
CUST-04540,Female,0,No,No,69,Yes,Yes,No,No internet service,No internet service,No internet service,No internet service,No internet service,No internet service,Month-to-month,Yes,Mailed check,23.81,1727.1,5,3,2.9,No
CUST-04541,Female,1,Yes,Yes,67,Yes,Yes,Fiber optic,No,Yes,Yes,Yes,Yes,No,Month-to-month,Yes,Credit card (automatic),95.7,5942.45,5,3,4.8,Yes
CUST-04542,Female,0,No,No,1,Yes,No,DSL,No,No,Yes,Yes,No,No,One year,No,Mailed check,63.51,66.37,3,0,5.0,No
CUST-04543,Female,0,Yes,No,53,No,No phone service,Fiber optic,No,No,No,Yes,No,No,One year,Yes,Electronic check,117.16,6277.09,3,1,3.7,No
CUST-04544,Female,1,Yes,No,62,No,No phone service,DSL,No,Yes,No,No,No,Yes,Month-to-month,No,Bank transfer (automatic),50.44,2909.58,0,1,5.0,No
CUST-04545,Male,0,Yes,Yes,68,Yes,Yes,Fiber optic,No,No,No,Yes,No,No,Month-to-month,Yes,Mailed check,89.44,6047.55,1,3,4.0,No
CUST-04546,Female,0,No,No,58,Yes,No,Fiber optic,Yes,Yes,No,Yes,Yes,No,One year,No,Mailed check,120.0,6407.37,0,1,4.8,No
CUST-04547,Female,0,No,No,6,Yes,No,Fiber optic,No,No,No,Yes,Yes,No,Month-to-month,Yes,Bank transfer (automatic),97.66,629.8,3,3,3.4,No
CUST-04548,Female,0,Yes,No,55,Yes,No,DSL,No,No,No,No,No,Yes,Month-to-month,No,Credit card (automatic),63.14,3595.34,4,1,5.0,No
CUST-04549,Female,0,Yes,No,61,Yes,No,Fiber optic,Yes,Yes,No,No,No,No,Two year,Yes,Credit card (automatic),112.46,7280.31,1,1,3.8,No
CUST-04550,Female,0,Yes,Yes,38,No,No phone service,Fiber optic,Yes,No,No,Yes,No,Yes,Two year,Yes,Electronic check,89.11,3394.75,6,0,3.2,No
CUST-04551,Male,1,Yes,No,2,Yes,No,Fiber optic,No,Yes,No,Yes,Yes,No,Month-to-month,No,Electronic check,111.09,236.87,2,4,3.9,Yes
CUST-04552,Male,0,No,Yes,14,Yes,No,Fiber optic,No,No,No,No,Yes,No,Two year,No,Credit card (automatic),95.49,1276.62,3,0,4.7,No
CUST-04553,Male,0,Yes,No,20,Yes,No,Fiber optic,No,No,No,No,Yes,Yes,Two year,No,Electronic check,84.06,1715.33,3,0,5.0,No
CUST-04554,Female,0,No,Yes,63,Yes,Yes,Fiber optic,No,Yes,Yes,No,Yes,Yes,Month-to-month,Yes,Electronic check,100.22,5924.72,4,1,3.3,Yes
CUST-04555,Female,0,No,Yes,10,Yes,No,DSL,No,No,No,Yes,Yes,No,Month-to-month,Yes,Credit card (automatic),76.64,814.11,1,1,4.0,No
CUST-04556,Male,1,Yes,Yes,54,Yes,Yes,DSL,No,No,No,Yes,No,No,Month-to-month,Yes,Mailed check,42.45,2143.12,1,3,4.6,No
CUST-04557,Male,0,No,Yes,13,Yes,No,Fiber optic,Yes,No,Yes,No,No,No,One year,No,Electronic check,84.86,1116.54,2,0,3.9,No
CUST-04558,Female,0,No,No,60,Yes,Yes,No,No internet service,No internet service,No internet service,No internet service,No internet service,No internet service,Month-to-month,No,Bank transfer (automatic),18.0,1090.09,0,1,4.4,No
CUST-04559,Female,1,No,No,1,Yes,Yes,DSL,Yes,No,Yes,Yes,No,Yes,Two year,Yes,Mailed check,67.18,63.61,3,1,4.5,No
CUST-04560,Female,1,No,Yes,17,Yes,No,Fiber optic,No,No,No,No,Yes,Yes,Month-to-month,No,Mailed check,94.54,1619.24,2,3,4.1,Yes
CUST-04561,Male,1,Yes,Yes,8,Yes,No,Fiber optic,No,Yes,No,No,Yes,Yes,Month-to-month,No,Bank transfer (automatic),120.0,947.39,4,2,4.8,Yes
CUST-04562,Male,0,Yes,No,40,Yes,No,Fiber optic,Yes,No,Yes,No,No,Yes,One year,No,Credit card (automatic),96.42,3574.47,3,0,4.0,No
CUST-04563,Male,0,No,Yes,57,Yes,No,DSL,No,No,No,No,Yes,No,Month-to-month,Yes,Electronic check,64.01,3786.71,2,5,4.5,Yes
CUST-04564,Male,0,Yes,No,30,Yes,Yes,Fiber optic,Yes,No,Yes,No,No,Yes,Month-to-month,Yes,Electronic check,106.72,3116.06,3,4,4.1,Yes
CUST-04565,Female,0,No,Yes,39,Yes,Yes,Fiber optic,Yes,No,Yes,No,No,No,Two year,Yes,Credit card (automatic),70.38,2595.97,1,0,5.0,No
CUST-04566,Male,1,No,No,47,Yes,No,DSL,Yes,Yes,Yes,Yes,No,No,Month-to-month,Yes,Electronic check,60.35,2648.85,4,1,4.0,No
CUST-04567,Female,0,Yes,No,33,Yes,No,No,No internet service,No internet service,No internet service,No internet service,No internet service,No internet service,Month-to-month,No,Credit card (automatic),38.61,1312.46,6,0,4.6,No
CUST-04568,Female,0,Yes,Yes,55,Yes,Yes,No,No internet service,No internet service,No internet service,No internet service,No internet service,No internet service,Two year,No,Electronic check,21.68,1177.06,1,1,5.0,No
CUST-04569,Male,1,Yes,No,21,Yes,Yes,DSL,No,No,Yes,Yes,Yes,No,Two year,Yes,Bank transfer (automatic),71.15,1604.48,2,0,5.0,No
CUST-04570,Male,1,No,No,13,Yes,Yes,DSL,Yes,No,No,No,Yes,Yes,Month-to-month,Yes,Electronic check,49.01,683.64,2,2,4.5,No
CUST-04571,Female,0,Yes,No,14,Yes,No,Fiber optic,No,No,Yes,No,Yes,No,Month-to-month,No,Electronic check,82.81,1102.48,1,1,5.0,Yes
CUST-04572,Male,1,Yes,No,13,Yes,Yes,No,No internet service,No internet service,No internet service,No internet service,No internet service,No internet service,Month-to-month,No,Mailed check,42.89,521.85,3,1,3.9,No
CUST-04573,Male,0,No,No,3,Yes,Yes,No,No internet service,No internet service,No internet service,No internet service,No internet service,No internet service,Month-to-month,Yes,Credit card (automatic),35.46,106.39,2,3,4.1,Yes
CUST-04574,Female,0,No,No,4,Yes,Yes,No,No internet service,No internet service,No internet service,No internet service,No internet service,No internet service,Month-to-month,Yes,Mailed check,36.29,137.84,0,0,4.4,No
CUST-04575,Female,0,No,No,4,Yes,No,Fiber optic,No,No,Yes,No,No,No,Month-to-month,Yes,Credit card (automatic),100.08,397.43,3,2,4.1,Yes
CUST-04576,Female,1,No,Yes,12,Yes,No,No,No internet service,No internet service,No internet service,No internet service,No internet service,No internet service,Two year,Yes,Electronic check,39.94,450.37,3,0,4.5,No
CUST-04577,Male,1,Yes,No,46,Yes,Yes,Fiber optic,No,Yes,Yes,No,Yes,No,Month-to-month,Yes,Electronic check,107.76,4913.1,4,4,3.2,Yes
CUST-04578,Male,0,No,No,18,Yes,Yes,DSL,No,No,Yes,No,Yes,No,Two year,Yes,Credit card (automatic),61.57,1040.61,3,3,4.5,Yes
CUST-04579,Male,0,No,Yes,43,Yes,Yes,Fiber optic,Yes,No,No,Yes,Yes,Yes,Month-to-month,Yes,Bank transfer (automatic),105.14,4874.51,5,1,4.2,No
CUST-04580,Male,0,Yes,Yes,6,Yes,No,Fiber optic,No,No,No,No,Yes,No,Month-to-month,Yes,Electronic check,104.87,592.74,2,5,3.7,Yes
CUST-04581,Male,0,Yes,Yes,58,No,No phone service,No,No internet service,No internet service,No internet service,No internet service,No internet service,No internet service,Month-to-month,No,Electronic check,26.02,1424.82,0,2,5.0,No
CUST-04582,Female,1,Yes,No,26,Yes,No,Fiber optic,No,No,No,Yes,No,Yes,Month-to-month,No,Credit card (automatic),103.29,2538.38,7,1,4.7,No
CUST-04583,Male,0,No,Yes,32,Yes,Yes,No,No internet service,No internet service,No internet service,No internet service,No internet service,No internet service,Month-to-month,Yes,Electronic check,36.63,1145.8,2,4,3.3,No
CUST-04584,Female,0,No,Yes,49,Yes,No,Fiber optic,Yes,No,Yes,No,No,Yes,One year,Yes,Mailed check,95.91,4452.04,4,0,3.5,No
CUST-04585,Female,0,No,Yes,72,Yes,Yes,DSL,Yes,No,Yes,No,No,No,Month-to-month,Yes,Credit card (automatic),69.56,4965.45,0,2,5.0,No
CUST-04586,Female,0,No,No,58,Yes,No,Fiber optic,No,No,No,No,No,Yes,One year,Yes,Bank transfer (automatic),103.01,5891.34,6,0,3.6,No
CUST-04587,Male,0,Yes,Yes,29,Yes,No,Fiber optic,Yes,Yes,Yes,Yes,Yes,No,Month-to-month,No,Credit card (automatic),84.75,2557.55,3,0,3.5,No
CUST-04588,Male,1,No,Yes,25,Yes,Yes,DSL,No,No,No,No,No,No,One year,Yes,Electronic check,66.46,1716.27,5,1,4.9,No
CUST-04589,Female,0,No,No,25,Yes,Yes,Fiber optic,No,Yes,No,No,No,No,Month-to-month,No,Mailed check,120.0,3195.95,2,3,4.8,No
CUST-04590,Male,0,No,No,7,Yes,Yes,No,No internet service,No internet service,No internet service,No internet service,No internet service,No internet service,Two year,Yes,Electronic check,52.42,392.24,3,1,4.4,No
CUST-04591,Female,0,Yes,Yes,25,Yes,No,No,No internet service,No internet service,No internet service,No internet service,No internet service,No internet service,One year,Yes,Mailed check,38.65,932.12,1,0,4.4,No
CUST-04592,Male,1,No,No,55,Yes,No,Fiber optic,Yes,No,No,Yes,Yes,Yes,Month-to-month,No,Bank transfer (automatic),75.64,3979.13,2,2,4.1,No
CUST-04593,Male,0,No,No,20,Yes,No,Fiber optic,No,No,No,No,No,Yes,Two year,No,Credit card (automatic),120.0,2520.92,1,0,4.8,No
CUST-04594,Female,0,Yes,Yes,29,Yes,No,No,No internet service,No internet service,No internet service,No internet service,No internet service,No internet service,Two year,No,Electronic check,41.5,1173.97,1,1,4.7,No
CUST-04595,Female,0,No,No,5,Yes,Yes,DSL,No,No,No,No,No,No,Two year,Yes,Mailed check,40.22,211.68,1,1,5.0,No
CUST-04596,Male,1,Yes,No,19,Yes,No,Fiber optic,No,No,No,No,No,No,Month-to-month,Yes,Mailed check,88.09,1800.94,3,0,4.4,No
CUST-04597,Female,0,Yes,No,5,Yes,No,Fiber optic,Yes,No,Yes,No,No,No,One year,Yes,Electronic check,104.5,517.59,1,2,5.0,No
CUST-04598,Male,0,No,Yes,34,Yes,Yes,No,No internet service,No internet service,No internet service,No internet service,No internet service,No internet service,One year,Yes,Electronic check,18.0,648.53,5,2,3.9,No
CUST-04599,Female,0,Yes,No,22,Yes,Yes,DSL,No,Yes,Yes,Yes,No,No,Two year,No,Credit card (automatic),37.33,808.82,2,0,4.2,No
CUST-04600,Female,0,No,No,70,Yes,Yes,No,No internet service,No internet service,No internet service,No internet service,No internet service,No internet service,One year,No,Credit card (automatic),23.26,1629.09,5,0,4.8,No
CUST-04601,Female,1,No,No,43,Yes,Yes,Fiber optic,No,No,No,No,No,No,Month-to-month,No,Electronic check,103.9,4674.77,4,2,3.6,No
CUST-04602,Female,1,Yes,No,27,Yes,No,DSL,No,Yes,Yes,Yes,No,No,Month-to-month,Yes,Credit card (automatic),44.79,1276.44,1,2,4.2,No
CUST-04603,Male,0,Yes,No,39,Yes,Yes,Fiber optic,No,Yes,Yes,Yes,No,Yes,Month-to-month,Yes,Credit card (automatic),74.68,2683.15,3,1,4.1,No
CUST-04604,Female,0,Yes,No,70,Yes,Yes,DSL,No,Yes,No,Yes,No,Yes,One year,No,Electronic check,54.91,3575.68,1,0,5.0,No
CUST-04605,Male,1,Yes,Yes,13,Yes,Yes,Fiber optic,No,No,No,Yes,Yes,Yes,Month-to-month,Yes,Bank transfer (automatic),100.44,1349.52,4,2,3.2,Yes
CUST-04606,Male,1,No,No,19,Yes,Yes,Fiber optic,No,No,Yes,No,No,No,Two year,Yes,Mailed check,86.28,1611.98,3,0,4.8,No
CUST-04607,Male,0,Yes,No,40,Yes,Yes,Fiber optic,No,No,No,No,Yes,No,Two year,Yes,Electronic check,90.98,3716.59,3,0,3.1,No
CUST-04608,Male,0,No,No,8,Yes,Yes,Fiber optic,Yes,No,Yes,No,Yes,No,One year,Yes,Electronic check,95.87,749.78,5,0,5.0,No
CUST-04609,Female,0,Yes,Yes,38,Yes,Yes,No,No internet service,No internet service,No internet service,No internet service,No internet service,No internet service,Month-to-month,Yes,Bank transfer (automatic),23.7,,2,0,5.0,No
CUST-04610,Male,1,Yes,Yes,12,Yes,Yes,Fiber optic,Yes,Yes,No,No,Yes,No,One year,Yes,Electronic check,105.41,1276.39,2,0,4.2,No
CUST-04611,Male,0,No,Yes,63,Yes,No,No,No internet service,No internet service,No internet service,No internet service,No internet service,No internet service,Two year,No,Credit card (automatic),36.26,2266.71,3,0,4.7,No
CUST-04612,Male,0,No,No,56,Yes,No,No,No internet service,No internet service,No internet service,No internet service,No internet service,No internet service,One year,No,Bank transfer (automatic),49.78,2961.29,2,0,5.0,No
CUST-04613,Female,0,No,No,4,Yes,No,Fiber optic,No,Yes,No,No,Yes,Yes,One year,Yes,Bank transfer (automatic),105.22,392.26,0,2,4.2,No
CUST-04614,Female,0,No,No,39,Yes,Yes,DSL,No,Yes,Yes,Yes,No,No,Month-to-month,Yes,Mailed check,65.14,2617.06,4,0,3.2,Yes
CUST-04615,Female,0,No,No,16,No,No phone service,No,No internet service,No internet service,No internet service,No internet service,No internet service,No internet service,Month-to-month,Yes,Bank transfer (automatic),37.22,571.08,0,4,4.8,No
CUST-04616,Male,0,Yes,Yes,42,Yes,No,No,No internet service,No internet service,No internet service,No internet service,No internet service,No internet service,One year,Yes,Credit card (automatic),45.63,1825.26,1,1,4.8,No
CUST-04617,Male,0,Yes,No,40,Yes,Yes,No,No internet service,No internet service,No internet service,No internet service,No internet service,No internet service,Two year,No,Mailed check,18.0,715.76,1,1,4.6,No
CUST-04618,Female,0,No,No,70,Yes,No,DSL,No,No,Yes,No,No,Yes,One year,Yes,Electronic check,53.41,3944.26,4,0,4.7,Yes
CUST-04619,Female,0,Yes,Yes,13,Yes,Yes,No,No internet service,No internet service,No internet service,No internet service,No internet service,No internet service,Month-to-month,Yes,Bank transfer (automatic),27.79,356.76,2,2,4.9,Yes
CUST-04620,Female,1,No,No,37,Yes,Yes,DSL,No,Yes,Yes,No,Yes,No,One year,No,Electronic check,74.63,2558.08,2,1,4.5,No
CUST-04621,Female,0,No,No,70,No,No phone service,Fiber optic,No,No,No,No,Yes,Yes,Month-to-month,Yes,Credit card (automatic),92.88,6485.25,0,4,4.4,No
CUST-04622,Female,0,No,No,9,Yes,No,Fiber optic,Yes,No,No,No,No,No,Month-to-month,No,Mailed check,82.68,730.12,1,2,4.0,No
CUST-04623,Female,0,No,No,19,Yes,Yes,Fiber optic,No,No,No,No,Yes,No,Month-to-month,No,Electronic check,68.52,1323.12,4,1,4.0,Yes
CUST-04624,Male,0,No,Yes,52,Yes,No,DSL,Yes,No,No,Yes,No,Yes,Two year,Yes,Electronic check,66.1,3415.45,2,0,5.0,No
CUST-04625,Male,0,Yes,Yes,8,Yes,Yes,Fiber optic,No,Yes,No,Yes,No,No,Two year,No,Electronic check,88.37,690.85,0,0,5.0,Yes
CUST-04626,Male,0,No,Yes,15,Yes,No,DSL,No,No,No,No,No,Yes,Month-to-month,Yes,Mailed check,62.1,994.62,3,3,3.4,No
CUST-04627,Male,1,No,No,69,Yes,No,Fiber optic,No,Yes,No,No,Yes,No,Month-to-month,No,Electronic check,79.36,5590.37,2,1,5.0,No
CUST-04628,Male,1,Yes,No,42,No,No phone service,DSL,Yes,No,No,No,Yes,No,Month-to-month,Yes,Credit card (automatic),66.17,2869.66,0,1,4.7,No
CUST-04629,Female,0,No,No,5,Yes,Yes,Fiber optic,No,No,No,Yes,No,Yes,Two year,Yes,Bank transfer (automatic),65.3,313.2,2,1,4.3,No
CUST-04630,Male,0,Yes,No,62,Yes,Yes,Fiber optic,No,Yes,No,Yes,Yes,No,Month-to-month,No,Bank transfer (automatic),116.73,7232.09,3,1,5.0,No
CUST-04631,Male,0,Yes,No,38,Yes,No,No,No internet service,No internet service,No internet service,No internet service,No internet service,No internet service,Month-to-month,Yes,Electronic check,21.69,791.41,2,8,3.3,Yes
CUST-04632,Male,0,No,No,35,Yes,Yes,Fiber optic,Yes,Yes,No,No,No,Yes,Month-to-month,No,Mailed check,75.6,2667.22,1,0,4.4,No
CUST-04633,Male,1,No,No,72,Yes,No,Fiber optic,No,Yes,No,Yes,No,No,One year,No,Mailed check,97.42,6573.08,7,0,3.5,No
CUST-04634,Male,0,Yes,Yes,23,Yes,No,No,No internet service,No internet service,No internet service,No internet service,No internet service,No internet service,Month-to-month,No,Bank transfer (automatic),42.27,1040.78,0,1,5.0,Yes
CUST-04635,Male,0,No,No,28,Yes,Yes,No,No internet service,No internet service,No internet service,No internet service,No internet service,No internet service,Month-to-month,Yes,Mailed check,24.11,635.73,2,0,4.4,No
CUST-04636,Female,0,Yes,No,42,Yes,No,Fiber optic,Yes,Yes,No,No,No,Yes,Month-to-month,Yes,Electronic check,117.11,4772.94,2,5,3.2,Yes
CUST-04637,Female,0,Yes,No,18,No,No phone service,Fiber optic,Yes,Yes,Yes,No,No,Yes,Month-to-month,No,Bank transfer (automatic),98.78,1676.07,4,2,4.1,No
CUST-04638,Male,1,Yes,No,10,Yes,Yes,DSL,No,Yes,Yes,No,No,Yes,One year,Yes,Bank transfer (automatic),37.84,366.22,1,0,4.4,Yes
CUST-04639,Female,0,No,No,10,Yes,No,Fiber optic,No,Yes,No,No,No,No,Month-to-month,No,Mailed check,86.31,806.84,6,1,3.2,Yes
CUST-04640,Female,0,Yes,No,23,Yes,No,No,No internet service,No internet service,No internet service,No internet service,No internet service,No internet service,One year,No,Credit card (automatic),37.52,919.59,2,0,4.2,No
CUST-04641,Female,0,Yes,Yes,6,Yes,No,No,No internet service,No internet service,No internet service,No internet service,No internet service,No internet service,Month-to-month,No,Electronic check,27.69,162.03,1,2,4.8,No
CUST-04642,Male,1,No,No,37,Yes,No,DSL,No,Yes,No,Yes,No,Yes,One year,No,Mailed check,66.7,2486.42,2,0,4.8,No
CUST-04643,Female,0,Yes,Yes,72,Yes,Yes,DSL,No,No,Yes,No,No,Yes,Month-to-month,No,Credit card (automatic),73.93,5399.33,3,1,4.1,No
CUST-04644,Male,0,Yes,Yes,19,No,No phone service,No,No internet service,No internet service,No internet service,No internet service,No internet service,No internet service,Two year,No,Bank transfer (automatic),20.92,378.18,1,0,4.3,No
CUST-04645,Male,0,Yes,Yes,3,Yes,No,No,No internet service,No internet service,No internet service,No internet service,No internet service,No internet service,One year,No,Mailed check,40.57,131.03,0,1,3.9,No
CUST-04646,Male,0,No,No,3,Yes,No,Fiber optic,Yes,Yes,Yes,Yes,Yes,Yes,Month-to-month,Yes,Electronic check,83.36,265.7,2,1,4.2,No
CUST-04647,Female,0,No,No,12,Yes,No,DSL,No,No,Yes,No,No,Yes,Two year,Yes,Electronic check,52.75,603.04,1,1,4.9,No
CUST-04648,Male,0,No,No,43,Yes,Yes,Fiber optic,No,No,No,No,No,Yes,Month-to-month,No,Bank transfer (automatic),96.61,4452.19,0,3,3.9,No
CUST-04649,Male,0,Yes,No,34,Yes,No,Fiber optic,No,No,No,No,No,No,Month-to-month,No,Mailed check,79.69,2906.22,1,0,4.7,No
CUST-04650,Male,0,Yes,Yes,29,Yes,Yes,Fiber optic,No,Yes,Yes,No,No,No,Month-to-month,No,Mailed check,116.19,3419.68,3,1,4.9,No
CUST-04651,Male,0,No,No,55,Yes,No,DSL,Yes,No,No,No,Yes,Yes,Month-to-month,No,Mailed check,71.51,3671.11,1,1,4.7,No
CUST-04652,Female,0,Yes,Yes,29,Yes,Yes,DSL,No,Yes,No,Yes,No,Yes,Two year,Yes,Electronic check,45.67,1224.71,2,0,4.7,No
CUST-04653,Male,0,Yes,No,45,Yes,Yes,Fiber optic,Yes,Yes,No,No,Yes,No,Month-to-month,No,Bank transfer (automatic),109.81,4981.03,5,0,4.7,No
CUST-04654,Male,0,Yes,No,72,Yes,Yes,DSL,No,No,No,No,No,No,Month-to-month,Yes,Mailed check,60.74,4422.07,2,5,4.5,No
CUST-04655,Male,0,Yes,No,13,Yes,No,Fiber optic,No,Yes,No,Yes,Yes,No,Month-to-month,Yes,Electronic check,82.46,1138.79,2,5,3.4,Yes
CUST-04656,Male,0,Yes,No,9,Yes,Yes,DSL,No,No,Yes,Yes,Yes,No,One year,Yes,Credit card (automatic),51.69,481.77,2,0,4.8,No
CUST-04657,Male,0,No,No,16,Yes,Yes,Fiber optic,Yes,No,No,No,No,Yes,Two year,No,Mailed check,120.0,1888.17,2,0,5.0,No
CUST-04658,Female,0,No,Yes,12,Yes,No,No,No internet service,No internet service,No internet service,No internet service,No internet service,No internet service,One year,Yes,Electronic check,44.05,548.96,1,0,4.4,No
CUST-04659,Male,0,No,No,60,No,No phone service,Fiber optic,No,No,Yes,No,Yes,Yes,Month-to-month,Yes,Bank transfer (automatic),95.38,5932.82,3,1,4.8,No
CUST-04660,Male,0,Yes,Yes,64,Yes,No,DSL,No,No,No,Yes,Yes,Yes,Month-to-month,No,Credit card (automatic),58.79,3685.73,2,0,4.7,No
CUST-04661,Female,0,No,No,41,Yes,Yes,Fiber optic,No,Yes,No,No,Yes,Yes,Two year,No,Electronic check,94.35,3880.02,3,0,4.2,No
CUST-04662,Female,1,No,No,10,Yes,No,DSL,No,Yes,No,No,Yes,Yes,One year,Yes,Credit card (automatic),39.94,407.31,3,0,4.4,No
CUST-04663,Male,0,No,No,62,Yes,No,Fiber optic,No,No,No,No,No,Yes,Month-to-month,No,Bank transfer (automatic),92.4,5490.53,2,4,3.4,No
CUST-04664,Male,1,Yes,No,67,Yes,No,DSL,Yes,No,No,Yes,No,Yes,Two year,Yes,Electronic check,54.33,3496.1,2,0,5.0,No
CUST-04665,Male,0,No,Yes,30,Yes,Yes,No,No internet service,No internet service,No internet service,No internet service,No internet service,No internet service,Month-to-month,No,Bank transfer (automatic),33.61,1008.06,3,0,5.0,No
CUST-04666,Female,0,Yes,No,49,Yes,No,DSL,No,No,No,No,Yes,No,Month-to-month,Yes,Bank transfer (automatic),55.9,2897.83,1,3,4.4,No
CUST-04667,Male,0,No,No,44,Yes,Yes,No,No internet service,No internet service,No internet service,No internet service,No internet service,No internet service,Month-to-month,Yes,Credit card (automatic),24.49,1113.65,1,2,4.2,No
CUST-04668,Male,0,No,No,39,Yes,No,Fiber optic,No,No,Yes,No,Yes,Yes,Two year,Yes,Credit card (automatic),92.26,3428.27,1,0,4.4,Yes
CUST-04669,Female,0,No,No,26,Yes,Yes,Fiber optic,No,Yes,Yes,No,Yes,Yes,Month-to-month,Yes,Bank transfer (automatic),120.0,2890.87,2,1,4.8,Yes
CUST-04670,Male,0,No,Yes,21,Yes,No,No,No internet service,No internet service,No internet service,No internet service,No internet service,No internet service,Month-to-month,No,Bank transfer (automatic),45.45,1021.08,1,0,5.0,No
CUST-04671,Male,1,No,Yes,20,Yes,No,Fiber optic,Yes,No,No,No,Yes,Yes,Two year,No,Electronic check,95.58,1856.98,0,0,5.0,No
CUST-04672,Female,0,No,No,26,Yes,No,Fiber optic,No,Yes,No,No,Yes,No,Month-to-month,Yes,Bank transfer (automatic),70.22,1828.33,3,0,4.0,No
CUST-04673,Male,1,Yes,No,55,Yes,Yes,No,No internet service,No internet service,No internet service,No internet service,No internet service,No internet service,One year,No,Credit card (automatic),29.12,1483.51,1,1,3.9,No
CUST-04674,Female,0,Yes,Yes,60,Yes,No,DSL,Yes,No,No,No,Yes,Yes,Two year,No,Credit card (automatic),45.37,2677.83,2,0,4.1,No
CUST-04675,Female,0,No,No,9,Yes,Yes,DSL,No,Yes,Yes,No,No,No,Month-to-month,No,Electronic check,78.78,681.88,2,3,3.9,Yes
CUST-04676,Male,0,No,Yes,5,No,No phone service,No,No internet service,No internet service,No internet service,No internet service,No internet service,No internet service,Month-to-month,Yes,Mailed check,18.0,96.73,0,1,4.0,No
CUST-04677,Female,0,No,No,35,No,No phone service,DSL,No,No,No,Yes,No,No,Month-to-month,No,Credit card (automatic),62.14,2120.83,0,2,5.0,Yes
CUST-04678,Female,1,Yes,No,56,Yes,No,No,No internet service,No internet service,No internet service,No internet service,No internet service,No internet service,Two year,Yes,Bank transfer (automatic),41.13,2181.32,4,2,4.2,No
CUST-04679,Female,1,No,No,41,Yes,Yes,DSL,Yes,No,Yes,No,Yes,No,Month-to-month,No,Electronic check,55.31,2342.36,0,1,4.2,Yes
CUST-04680,Male,1,Yes,Yes,60,Yes,No,Fiber optic,Yes,No,No,No,Yes,Yes,Month-to-month,Yes,Electronic check,89.59,5276.22,5,2,4.2,No
CUST-04681,Male,1,Yes,Yes,52,Yes,Yes,Fiber optic,Yes,No,Yes,No,No,Yes,One year,Yes,Credit card (automatic),112.93,6139.61,4,3,3.8,Yes
CUST-04682,Male,0,Yes,No,51,Yes,No,Fiber optic,No,No,No,No,No,No,Two year,No,Bank transfer (automatic),97.98,4617.78,3,0,5.0,No
CUST-04683,Female,0,Yes,No,39,Yes,Yes,No,No internet service,No internet service,No internet service,No internet service,No internet service,No internet service,Month-to-month,No,Credit card (automatic),50.72,1940.08,3,0,4.2,No
CUST-04684,Male,1,No,Yes,4,Yes,No,DSL,No,No,No,No,No,No,Month-to-month,Yes,Electronic check,68.54,253.08,2,3,3.9,Yes
CUST-04685,Female,0,Yes,No,13,Yes,No,Fiber optic,No,No,No,No,No,No,Month-to-month,No,Bank transfer (automatic),91.72,1104.69,4,1,4.2,No
CUST-04686,Female,0,Yes,Yes,54,Yes,Yes,DSL,No,Yes,Yes,No,No,No,Month-to-month,Yes,Credit card (automatic),84.26,4420.08,2,1,4.6,No
CUST-04687,Female,0,No,No,23,Yes,No,DSL,Yes,No,No,No,Yes,No,Month-to-month,Yes,Bank transfer (automatic),68.14,1474.32,1,2,4.8,No
CUST-04688,Male,0,Yes,No,53,Yes,Yes,DSL,No,No,Yes,No,Yes,Yes,Month-to-month,Yes,Mailed check,42.42,2260.86,4,1,4.0,No
CUST-04689,Male,0,Yes,Yes,25,Yes,Yes,Fiber optic,No,Yes,Yes,Yes,No,No,Month-to-month,Yes,Electronic check,77.24,2079.77,4,3,4.2,Yes
CUST-04690,Female,0,Yes,No,1,Yes,No,Fiber optic,Yes,Yes,No,No,Yes,Yes,Month-to-month,No,Electronic check,107.73,114.7,2,3,3.9,Yes
CUST-04691,Male,0,Yes,No,49,Yes,No,DSL,No,Yes,No,No,No,Yes,One year,No,Electronic check,69.42,3399.11,2,1,4.7,No
CUST-04692,Male,0,No,No,65,Yes,No,No,No internet service,No internet service,No internet service,No internet service,No internet service,No internet service,Month-to-month,Yes,Mailed check,42.71,2749.33,0,0,5.0,No
CUST-04693,Female,0,Yes,No,33,Yes,Yes,Fiber optic,No,Yes,Yes,Yes,No,Yes,Month-to-month,No,Bank transfer (automatic),104.18,3657.77,3,1,4.0,Yes
CUST-04694,Female,0,Yes,No,10,Yes,Yes,No,No internet service,No internet service,No internet service,No internet service,No internet service,No internet service,Month-to-month,No,Credit card (automatic),33.7,343.63,3,2,3.7,No
CUST-04695,Female,0,Yes,No,30,No,No phone service,DSL,No,No,No,No,No,No,One year,Yes,Credit card (automatic),69.81,2179.49,2,1,3.8,No
CUST-04696,Female,0,Yes,Yes,70,Yes,No,Fiber optic,No,No,No,Yes,Yes,No,Month-to-month,Yes,Electronic check,93.26,6568.99,1,2,3.5,No
CUST-04697,Male,0,Yes,No,23,Yes,No,DSL,No,Yes,No,No,Yes,Yes,Month-to-month,Yes,Electronic check,37.61,826.74,1,1,4.0,No
CUST-04698,Male,0,Yes,Yes,6,Yes,No,Fiber optic,No,No,No,No,No,No,One year,No,Electronic check,75.48,441.61,1,0,5.0,No
CUST-04699,Male,0,Yes,Yes,56,Yes,No,No,No internet service,No internet service,No internet service,No internet service,No internet service,No internet service,Month-to-month,Yes,Mailed check,29.05,1740.97,3,0,4.5,No
CUST-04700,Male,0,Yes,No,18,Yes,Yes,Fiber optic,No,Yes,No,No,No,No,Month-to-month,No,Bank transfer (automatic),107.69,1949.67,2,1,4.2,No
CUST-04701,Female,0,No,Yes,3,Yes,No,Fiber optic,Yes,No,No,No,No,No,Month-to-month,Yes,Mailed check,91.91,268.94,3,2,4.5,Yes
CUST-04702,Male,0,Yes,No,50,Yes,No,Fiber optic,Yes,No,No,No,Yes,Yes,Two year,Yes,Credit card (automatic),101.55,4678.95,1,0,3.8,No
CUST-04703,Female,0,Yes,No,25,Yes,Yes,Fiber optic,Yes,Yes,No,No,Yes,No,One year,Yes,Electronic check,62.58,1536.99,0,1,5.0,No
CUST-04704,Female,0,No,Yes,10,Yes,Yes,DSL,No,Yes,No,Yes,No,No,One year,Yes,Bank transfer (automatic),67.78,656.25,1,0,4.8,No
CUST-04705,Female,0,Yes,No,4,Yes,No,Fiber optic,No,No,Yes,No,Yes,Yes,Month-to-month,Yes,Credit card (automatic),100.31,395.88,4,2,3.9,Yes
CUST-04706,Male,0,No,No,14,Yes,No,No,No internet service,No internet service,No internet service,No internet service,No internet service,No internet service,Month-to-month,No,Electronic check,21.65,302.43,1,5,4.3,No
CUST-04707,Male,0,Yes,No,11,Yes,Yes,DSL,No,No,No,No,No,Yes,Month-to-month,Yes,Credit card (automatic),79.88,898.22,1,1,4.3,No
CUST-04708,Female,0,Yes,No,1,Yes,Yes,Fiber optic,Yes,No,No,No,Yes,No,Month-to-month,No,Bank transfer (automatic),91.94,98.09,2,0,4.7,No
CUST-04709,Female,0,No,No,27,Yes,No,No,No internet service,No internet service,No internet service,No internet service,No internet service,No internet service,Month-to-month,Yes,Electronic check,25.51,696.18,0,1,4.8,No
CUST-04710,Male,0,Yes,No,60,Yes,No,Fiber optic,No,No,No,Yes,Yes,No,Month-to-month,Yes,Mailed check,94.11,5993.33,2,3,4.4,No
CUST-04711,Male,0,Yes,No,29,Yes,No,Fiber optic,No,No,No,No,No,Yes,Month-to-month,No,Electronic check,113.99,3561.31,2,3,5.0,Yes
CUST-04712,Female,0,No,Yes,3,Yes,No,DSL,No,No,No,No,Yes,Yes,One year,Yes,Bank transfer (automatic),78.77,218.99,2,4,3.9,No
CUST-04713,Female,0,No,No,64,Yes,No,DSL,Yes,No,No,No,Yes,No,Month-to-month,No,Bank transfer (automatic),59.85,3558.97,3,2,5.0,No
CUST-04714,Male,0,Yes,Yes,46,Yes,No,Fiber optic,No,Yes,No,No,Yes,No,Month-to-month,No,Electronic check,104.05,5114.37,5,3,3.4,No
CUST-04715,Male,0,No,Yes,70,Yes,Yes,Fiber optic,No,No,Yes,No,No,No,Month-to-month,No,Mailed check,82.48,5376.31,2,1,4.1,Yes
CUST-04716,Female,0,Yes,Yes,42,Yes,No,DSL,No,No,Yes,No,Yes,Yes,Month-to-month,Yes,Credit card (automatic),36.3,1448.94,2,2,5.0,No
CUST-04717,Female,0,No,No,35,Yes,No,Fiber optic,No,Yes,Yes,No,No,No,Two year,No,Credit card (automatic),93.02,3071.09,3,0,4.4,No
CUST-04718,Female,0,Yes,No,37,Yes,No,Fiber optic,No,No,No,Yes,No,No,Month-to-month,No,Credit card (automatic),77.29,2887.1,2,1,4.7,Yes
CUST-04719,Male,0,No,No,1,Yes,No,DSL,No,No,No,Yes,Yes,Yes,One year,No,Electronic check,35.84,35.92,0,1,4.8,No
CUST-04720,Male,0,Yes,No,28,Yes,Yes,Fiber optic,No,Yes,Yes,No,Yes,Yes,One year,No,Mailed check,89.31,2345.56,1,0,4.8,No
CUST-04721,Female,0,No,No,32,Yes,Yes,Fiber optic,No,No,Yes,No,Yes,No,Two year,Yes,Bank transfer (automatic),73.26,2388.19,1,0,4.7,No
CUST-04722,Female,1,Yes,No,22,Yes,No,Fiber optic,No,No,No,Yes,No,Yes,Two year,Yes,Electronic check,96.91,1966.69,6,0,3.5,No
CUST-04723,Female,0,No,No,61,Yes,Yes,Fiber optic,Yes,Yes,Yes,Yes,No,Yes,Month-to-month,No,Credit card (automatic),115.09,7412.39,3,1,4.0,No
CUST-04724,Male,0,No,No,69,No,No phone service,Fiber optic,No,No,No,Yes,No,No,One year,No,Bank transfer (automatic),72.15,4748.3,2,1,5.0,No
CUST-04725,Male,1,No,Yes,35,Yes,No,Fiber optic,Yes,No,No,No,No,No,Month-to-month,Yes,Electronic check,68.54,2292.43,1,1,4.5,No
CUST-04726,Male,0,No,No,57,Yes,Yes,Fiber optic,No,No,No,No,Yes,No,Two year,Yes,Credit card (automatic),72.33,4247.46,2,1,4.3,No
CUST-04727,Male,0,Yes,No,17,Yes,Yes,Fiber optic,No,Yes,Yes,No,Yes,Yes,One year,No,Bank transfer (automatic),73.01,1249.3,2,0,5.0,Yes
CUST-04728,Female,0,No,No,67,Yes,Yes,Fiber optic,Yes,No,No,Yes,Yes,Yes,Month-to-month,No,Credit card (automatic),82.2,5651.06,3,1,4.2,No
CUST-04729,Male,0,Yes,Yes,51,Yes,Yes,DSL,No,No,Yes,No,No,No,Month-to-month,Yes,Bank transfer (automatic),58.3,2809.66,2,0,5.0,No
CUST-04730,Female,0,No,No,53,Yes,Yes,Fiber optic,No,No,No,No,Yes,Yes,Two year,No,Credit card (automatic),107.68,5574.79,0,0,4.7,No
CUST-04731,Female,0,No,No,43,Yes,Yes,DSL,Yes,Yes,No,Yes,No,No,One year,Yes,Credit card (automatic),57.05,2386.96,2,0,4.4,No
CUST-04732,Female,0,Yes,Yes,60,Yes,No,DSL,No,No,No,No,No,No,One year,Yes,Credit card (automatic),47.38,3056.59,0,1,4.9,Yes
CUST-04733,Female,0,Yes,No,39,Yes,No,DSL,No,Yes,No,No,Yes,Yes,Two year,Yes,Credit card (automatic),57.8,2349.84,0,3,4.7,Yes
CUST-04734,Male,0,No,No,70,Yes,No,No,No internet service,No internet service,No internet service,No internet service,No internet service,No internet service,Month-to-month,Yes,Bank transfer (automatic),40.06,3008.24,3,0,4.3,No
CUST-04735,Female,0,No,No,48,Yes,No,Fiber optic,Yes,No,No,No,No,No,Month-to-month,No,Credit card (automatic),100.16,4878.17,8,1,4.3,No
CUST-04736,Male,0,No,No,33,Yes,No,No,No internet service,No internet service,No internet service,No internet service,No internet service,No internet service,Two year,No,Mailed check,46.98,1597.27,0,0,4.7,No
CUST-04737,Male,0,No,No,16,Yes,No,Fiber optic,No,Yes,No,No,No,Yes,One year,No,Electronic check,66.83,1026.15,1,0,4.9,No
CUST-04738,Male,0,Yes,No,66,Yes,No,No,No internet service,No internet service,No internet service,No internet service,No internet service,No internet service,One year,Yes,Mailed check,20.97,1298.31,0,1,5.0,No
CUST-04739,Male,0,No,No,5,Yes,No,Fiber optic,No,No,Yes,No,No,Yes,Month-to-month,No,Electronic check,110.24,555.39,2,1,4.8,Yes
CUST-04740,Female,0,No,Yes,4,Yes,Yes,Fiber optic,No,No,No,No,No,No,Month-to-month,No,Electronic check,112.83,467.41,5,2,3.7,Yes
CUST-04741,Male,0,No,No,3,Yes,No,DSL,Yes,No,No,No,No,No,Month-to-month,No,Bank transfer (automatic),57.15,175.53,2,2,3.9,No
CUST-04742,Male,0,No,No,8,Yes,No,Fiber optic,Yes,Yes,Yes,No,Yes,Yes,Month-to-month,Yes,Electronic check,103.26,880.94,4,4,4.0,Yes
CUST-04743,Male,0,No,Yes,18,Yes,No,Fiber optic,Yes,No,No,Yes,No,No,Month-to-month,No,Electronic check,119.14,2098.63,5,2,3.5,Yes
CUST-04744,Male,1,No,Yes,36,Yes,No,DSL,No,Yes,Yes,Yes,No,No,Two year,Yes,Electronic check,70.47,2405.69,1,2,4.8,No
CUST-04745,Female,0,No,Yes,20,Yes,No,DSL,Yes,No,No,No,No,Yes,Two year,No,Mailed check,60.26,1137.26,2,0,4.1,No
CUST-04746,Male,0,No,No,33,Yes,No,Fiber optic,No,No,No,No,No,No,One year,Yes,Mailed check,116.6,3563.25,6,1,3.7,No
CUST-04747,Female,0,No,No,33,No,No phone service,DSL,No,No,No,No,No,No,Month-to-month,No,Electronic check,48.91,1627.47,0,2,4.1,No
CUST-04748,Male,0,Yes,No,32,Yes,No,Fiber optic,No,No,No,Yes,No,No,Month-to-month,No,Bank transfer (automatic),91.91,2860.67,1,0,4.5,No
CUST-04749,Female,0,Yes,Yes,5,Yes,No,Fiber optic,No,Yes,Yes,Yes,No,No,Month-to-month,Yes,Electronic check,98.18,486.04,2,3,3.5,Yes
CUST-04750,Male,0,No,No,39,Yes,Yes,No,No internet service,No internet service,No internet service,No internet service,No internet service,No internet service,Month-to-month,Yes,Bank transfer (automatic),31.88,1223.42,2,1,4.7,No
CUST-04751,Male,1,No,Yes,22,Yes,No,Fiber optic,No,No,No,No,No,No,Month-to-month,Yes,Electronic check,72.98,1615.09,3,2,3.6,Yes
CUST-04752,Male,0,No,No,39,Yes,No,Fiber optic,Yes,Yes,Yes,No,No,Yes,One year,No,Electronic check,110.43,4255.24,3,0,4.9,No
CUST-04753,Female,1,No,Yes,5,Yes,Yes,Fiber optic,Yes,Yes,Yes,No,Yes,No,Month-to-month,Yes,Mailed check,111.24,580.68,1,0,4.7,Yes
CUST-04754,Female,1,Yes,No,63,Yes,Yes,Fiber optic,No,No,No,Yes,Yes,Yes,One year,Yes,Credit card (automatic),80.51,4994.02,2,1,4.4,No
CUST-04755,Male,0,Yes,No,53,Yes,No,DSL,No,No,Yes,No,Yes,No,One year,No,Bank transfer (automatic),47.73,2724.11,1,1,4.8,No
CUST-04756,Female,1,No,No,25,Yes,Yes,Fiber optic,No,Yes,No,No,No,No,Month-to-month,No,Bank transfer (automatic),109.84,2737.74,2,2,4.6,Yes
CUST-04757,Female,0,No,Yes,26,Yes,Yes,DSL,No,No,No,No,Yes,No,Month-to-month,Yes,Electronic check,67.34,1686.14,1,4,4.4,No
CUST-04758,Male,0,Yes,Yes,23,Yes,Yes,Fiber optic,Yes,Yes,No,No,No,Yes,Two year,No,Electronic check,111.44,2686.39,2,0,5.0,No
CUST-04759,Male,0,Yes,No,72,Yes,Yes,DSL,No,Yes,No,No,Yes,Yes,One year,Yes,Bank transfer (automatic),81.18,5697.77,1,0,4.0,No
CUST-04760,Female,0,Yes,No,51,Yes,No,Fiber optic,No,No,Yes,No,No,Yes,Month-to-month,Yes,Bank transfer (automatic),103.55,5249.8,3,2,4.3,Yes
CUST-04761,Female,0,Yes,No,34,Yes,No,No,No internet service,No internet service,No internet service,No internet service,No internet service,No internet service,One year,No,Mailed check,34.45,,3,1,3.6,Yes
CUST-04762,Female,1,No,No,47,Yes,No,Fiber optic,Yes,Yes,No,No,Yes,No,Month-to-month,Yes,Credit card (automatic),77.5,3817.16,3,3,3.5,Yes
CUST-04763,Male,0,Yes,No,5,Yes,Yes,DSL,No,Yes,Yes,No,No,Yes,Two year,No,Credit card (automatic),53.54,270.48,1,1,5.0,No
CUST-04764,Male,0,Yes,No,60,Yes,No,Fiber optic,No,Yes,No,No,No,Yes,One year,No,Electronic check,91.23,5311.78,3,0,4.1,No
CUST-04765,Male,0,No,No,43,Yes,Yes,Fiber optic,No,No,No,No,No,Yes,Month-to-month,Yes,Electronic check,83.03,3699.25,4,5,3.3,Yes
CUST-04766,Male,0,No,No,23,Yes,No,No,No internet service,No internet service,No internet service,No internet service,No internet service,No internet service,One year,No,Credit card (automatic),29.12,636.68,2,1,4.8,No
CUST-04767,Female,0,No,No,50,Yes,Yes,No,No internet service,No internet service,No internet service,No internet service,No internet service,No internet service,One year,No,Credit card (automatic),26.56,1303.85,1,0,4.4,No
CUST-04768,Male,0,Yes,No,1,Yes,No,DSL,No,Yes,Yes,No,Yes,No,One year,Yes,Electronic check,39.42,38.29,0,0,4.4,No
CUST-04769,Male,1,Yes,No,36,Yes,No,No,No internet service,No internet service,No internet service,No internet service,No internet service,No internet service,Month-to-month,Yes,Credit card (automatic),37.94,1426.91,1,1,4.8,No
CUST-04770,Male,0,Yes,Yes,68,Yes,No,DSL,Yes,Yes,No,No,No,Yes,Month-to-month,No,Bank transfer (automatic),71.28,5031.4,2,3,3.7,Yes
CUST-04771,Male,0,No,Yes,55,Yes,No,DSL,No,No,Yes,No,No,No,Month-to-month,Yes,Mailed check,73.79,4221.45,2,0,4.1,No
CUST-04772,Female,0,Yes,Yes,4,No,No phone service,DSL,No,No,No,No,No,Yes,Two year,Yes,Bank transfer (automatic),77.19,287.01,1,0,5.0,No
CUST-04773,Male,0,No,No,43,No,No phone service,DSL,No,Yes,No,No,Yes,No,Month-to-month,Yes,Electronic check,51.87,2283.05,2,2,5.0,No
CUST-04774,Female,1,No,No,49,Yes,No,Fiber optic,No,No,Yes,No,No,No,One year,Yes,Mailed check,117.78,5525.96,3,1,3.7,Yes
CUST-04775,Male,0,No,Yes,38,Yes,No,DSL,No,No,Yes,No,No,No,Two year,Yes,Mailed check,41.2,1681.72,0,0,4.8,No
CUST-04776,Male,0,Yes,Yes,24,Yes,No,DSL,No,No,No,No,No,Yes,Two year,Yes,Mailed check,34.9,842.8,2,0,3.9,No
CUST-04777,Male,0,Yes,No,49,Yes,No,DSL,No,Yes,No,No,Yes,No,Two year,No,Electronic check,54.59,2841.8,5,0,4.3,No
CUST-04778,Female,1,No,Yes,31,Yes,No,No,No internet service,No internet service,No internet service,No internet service,No internet service,No internet service,Two year,No,Mailed check,28.7,901.42,1,1,4.1,No
CUST-04779,Male,0,Yes,Yes,69,Yes,Yes,Fiber optic,No,Yes,No,No,No,No,Month-to-month,Yes,Electronic check,88.62,5930.98,5,2,3.3,Yes
CUST-04780,Male,0,No,Yes,61,Yes,Yes,Fiber optic,Yes,Yes,No,Yes,No,No,Month-to-month,No,Bank transfer (automatic),75.58,4906.12,0,0,4.6,No
CUST-04781,Female,0,Yes,No,66,Yes,No,No,No internet service,No internet service,No internet service,No internet service,No internet service,No internet service,Month-to-month,No,Credit card (automatic),37.22,2446.98,0,1,4.3,No
CUST-04782,Female,0,No,No,31,Yes,No,Fiber optic,No,No,No,Yes,No,Yes,Month-to-month,No,Bank transfer (automatic),89.92,2566.99,1,3,4.0,No
CUST-04783,Male,0,No,Yes,49,Yes,No,DSL,Yes,No,No,Yes,No,Yes,Month-to-month,Yes,Mailed check,56.87,2734.16,0,1,4.8,No
CUST-04784,Female,0,Yes,Yes,11,Yes,No,No,No internet service,No internet service,No internet service,No internet service,No internet service,No internet service,Month-to-month,Yes,Mailed check,20.81,245.4,2,0,4.3,No
CUST-04785,Female,0,No,Yes,55,Yes,Yes,Fiber optic,Yes,No,Yes,No,Yes,Yes,One year,Yes,Bank transfer (automatic),96.7,4918.33,5,1,4.1,No
CUST-04786,Male,1,No,No,55,Yes,No,Fiber optic,No,No,Yes,No,Yes,No,Two year,No,Credit card (automatic),106.12,5521.83,5,0,4.7,No
CUST-04787,Female,0,No,No,56,Yes,No,No,No internet service,No internet service,No internet service,No internet service,No internet service,No internet service,Month-to-month,Yes,Credit card (automatic),29.63,1560.57,2,0,4.5,No
CUST-04788,Male,1,Yes,No,2,Yes,No,DSL,No,No,Yes,No,Yes,No,Two year,Yes,Bank transfer (automatic),45.66,92.95,1,2,3.7,No
CUST-04789,Male,0,Yes,No,33,Yes,Yes,DSL,No,No,No,No,No,No,Two year,Yes,Mailed check,39.84,1379.08,1,0,5.0,Yes
CUST-04790,Female,0,No,No,20,Yes,No,No,No internet service,No internet service,No internet service,No internet service,No internet service,No internet service,One year,No,Electronic check,18.0,331.65,2,0,5.0,No
CUST-04791,Male,0,Yes,Yes,66,Yes,Yes,Fiber optic,No,Yes,No,Yes,No,No,Month-to-month,No,Electronic check,96.55,6705.45,3,2,4.5,No
CUST-04792,Female,0,No,No,39,Yes,No,Fiber optic,Yes,No,Yes,Yes,No,No,One year,Yes,Electronic check,120.0,4412.39,3,0,4.2,Yes
CUST-04793,Female,0,Yes,No,45,Yes,No,No,No internet service,No internet service,No internet service,No internet service,No internet service,No internet service,One year,Yes,Mailed check,32.66,1438.46,2,0,4.7,No
CUST-04794,Male,0,No,Yes,32,Yes,No,No,No internet service,No internet service,No internet service,No internet service,No internet service,No internet service,Two year,Yes,Electronic check,47.84,1589.62,1,0,4.5,No
CUST-04795,Male,0,Yes,No,9,Yes,Yes,No,No internet service,No internet service,No internet service,No internet service,No internet service,No internet service,One year,Yes,Bank transfer (automatic),18.0,173.17,1,2,5.0,No
CUST-04796,Male,0,No,Yes,45,Yes,No,DSL,No,No,No,Yes,No,Yes,Two year,Yes,Electronic check,69.57,3363.24,6,0,4.1,Yes
CUST-04797,Female,0,Yes,No,44,Yes,No,No,No internet service,No internet service,No internet service,No internet service,No internet service,No internet service,Month-to-month,Yes,Credit card (automatic),27.62,1164.26,1,1,4.4,No
CUST-04798,Male,1,Yes,Yes,28,Yes,No,Fiber optic,No,No,No,No,No,No,Month-to-month,No,Electronic check,71.89,2170.86,2,7,3.6,Yes
CUST-04799,Male,0,Yes,No,46,Yes,Yes,Fiber optic,Yes,Yes,Yes,No,No,Yes,One year,Yes,Credit card (automatic),71.18,3437.44,3,0,4.6,No
CUST-04800,Female,0,No,Yes,29,No,No phone service,DSL,No,No,No,Yes,No,No,Two year,No,Electronic check,56.38,1633.0,1,0,5.0,No
CUST-04801,Female,0,Yes,No,48,Yes,No,Fiber optic,Yes,Yes,No,No,Yes,No,Month-to-month,No,Electronic check,111.2,5449.28,4,6,3.2,Yes
CUST-04802,Female,0,No,No,26,Yes,Yes,DSL,No,No,No,No,Yes,Yes,Month-to-month,Yes,Credit card (automatic),47.24,1252.31,4,2,3.7,Yes
CUST-04803,Male,0,Yes,No,56,Yes,No,No,No internet service,No internet service,No internet service,No internet service,No internet service,No internet service,One year,Yes,Bank transfer (automatic),32.11,1910.11,1,0,4.5,No
CUST-04804,Female,0,No,No,64,Yes,No,Fiber optic,No,No,No,No,Yes,No,One year,Yes,Electronic check,114.8,7226.34,3,1,5.0,No
CUST-04805,Female,0,No,Yes,35,Yes,No,Fiber optic,No,No,No,No,No,No,Month-to-month,Yes,Credit card (automatic),75.44,2787.16,6,2,3.9,No
CUST-04806,Female,0,Yes,No,2,No,No phone service,DSL,No,No,No,No,No,No,Month-to-month,No,Bank transfer (automatic),71.11,148.74,1,2,5.0,No
CUST-04807,Male,0,Yes,Yes,50,Yes,No,Fiber optic,No,Yes,No,No,No,No,Month-to-month,No,Mailed check,108.96,5140.67,2,2,4.4,Yes
CUST-04808,Female,0,Yes,No,68,Yes,No,Fiber optic,No,No,No,No,Yes,Yes,Month-to-month,No,Bank transfer (automatic),109.54,7424.42,3,1,4.3,No
CUST-04809,Male,1,No,Yes,52,Yes,No,No,No internet service,No internet service,No internet service,No internet service,No internet service,No internet service,Month-to-month,Yes,Bank transfer (automatic),41.28,2260.65,0,1,4.6,No
CUST-04810,Female,0,No,No,26,Yes,Yes,Fiber optic,No,No,Yes,No,No,No,Month-to-month,Yes,Electronic check,106.99,2990.82,5,2,3.9,No
CUST-04811,Male,0,Yes,No,41,Yes,Yes,DSL,No,No,No,No,No,No,Month-to-month,No,Credit card (automatic),67.48,2582.04,0,1,4.7,No
CUST-04812,Male,0,No,No,27,Yes,No,Fiber optic,Yes,No,Yes,Yes,No,No,One year,Yes,Credit card (automatic),88.77,2579.18,2,0,5.0,Yes
CUST-04813,Female,0,No,No,56,Yes,Yes,DSL,No,Yes,No,No,Yes,No,One year,Yes,Bank transfer (automatic),75.69,4492.87,2,0,4.6,No
CUST-04814,Female,0,No,Yes,53,Yes,Yes,Fiber optic,No,Yes,Yes,No,No,Yes,Two year,Yes,Mailed check,72.35,3947.05,4,0,3.4,No
CUST-04815,Female,0,No,No,46,Yes,No,Fiber optic,No,No,No,Yes,Yes,No,Two year,Yes,Credit card (automatic),74.11,3339.66,3,0,3.2,No
CUST-04816,Male,0,No,Yes,28,Yes,Yes,DSL,No,No,No,Yes,No,Yes,Month-to-month,Yes,Electronic check,68.17,2027.96,4,3,4.0,No
CUST-04817,Female,0,No,Yes,13,Yes,Yes,DSL,Yes,No,No,No,Yes,Yes,Month-to-month,Yes,Credit card (automatic),75.29,942.9,1,4,4.3,Yes
CUST-04818,Male,0,No,No,45,Yes,No,Fiber optic,Yes,Yes,Yes,No,No,No,Month-to-month,No,Credit card (automatic),82.8,3492.55,1,1,4.4,No
CUST-04819,Female,1,Yes,No,25,Yes,Yes,Fiber optic,Yes,Yes,Yes,No,No,No,One year,No,Mailed check,87.35,2010.99,1,0,4.4,No
CUST-04820,Female,0,No,No,66,No,No phone service,DSL,No,Yes,No,No,Yes,Yes,Month-to-month,Yes,Bank transfer (automatic),60.26,3917.89,0,0,4.8,No
CUST-04821,Female,0,No,No,5,Yes,Yes,Fiber optic,No,No,No,Yes,No,Yes,Two year,Yes,Bank transfer (automatic),116.53,592.4,3,0,4.7,No
CUST-04822,Female,0,No,Yes,61,Yes,No,Fiber optic,Yes,No,No,Yes,No,Yes,One year,Yes,Credit card (automatic),89.41,5210.71,1,0,4.2,No
CUST-04823,Female,0,Yes,Yes,57,No,No phone service,DSL,Yes,Yes,No,Yes,No,No,Two year,Yes,Credit card (automatic),78.81,4169.06,2,1,4.1,No
CUST-04824,Female,0,No,No,38,No,No phone service,DSL,No,Yes,No,No,No,No,One year,No,Bank transfer (automatic),79.09,2778.88,0,0,4.8,No
CUST-04825,Male,1,Yes,Yes,72,No,No phone service,DSL,No,No,No,Yes,No,No,Two year,Yes,Credit card (automatic),64.47,4811.12,3,1,4.0,No
CUST-04826,Male,0,No,No,52,Yes,No,Fiber optic,No,No,No,No,Yes,No,Two year,Yes,Electronic check,90.69,4629.98,0,0,5.0,No
CUST-04827,Male,0,Yes,No,4,Yes,Yes,DSL,Yes,No,No,No,Yes,Yes,Month-to-month,No,Mailed check,57.55,235.17,1,1,4.6,No
CUST-04828,Female,0,No,Yes,29,No,No phone service,No,No internet service,No internet service,No internet service,No internet service,No internet service,No internet service,One year,Yes,Credit card (automatic),22.03,620.33,0,1,3.5,No
CUST-04829,Female,0,Yes,No,61,Yes,Yes,Fiber optic,No,No,Yes,Yes,Yes,No,Two year,Yes,Bank transfer (automatic),70.07,4036.88,3,0,5.0,No
CUST-04830,Male,0,Yes,No,56,Yes,Yes,Fiber optic,Yes,Yes,No,Yes,Yes,No,Two year,Yes,Bank transfer (automatic),113.68,5943.78,3,1,4.5,No
CUST-04831,Male,1,Yes,No,12,No,No phone service,No,No internet service,No internet service,No internet service,No internet service,No internet service,No internet service,Two year,Yes,Mailed check,29.81,329.16,4,0,4.7,No
CUST-04832,Male,0,Yes,No,13,Yes,Yes,DSL,No,No,No,No,No,No,One year,Yes,Mailed check,41.22,531.89,1,0,5.0,No
CUST-04833,Male,0,Yes,No,67,Yes,Yes,Fiber optic,No,No,Yes,Yes,Yes,No,One year,No,Electronic check,92.35,5797.11,3,0,4.5,No
CUST-04834,Male,0,No,No,4,Yes,Yes,Fiber optic,Yes,No,No,No,No,No,Month-to-month,Yes,Bank transfer (automatic),111.48,478.17,5,1,4.1,Yes
CUST-04835,Female,0,No,No,69,Yes,No,DSL,No,No,No,No,No,Yes,Month-to-month,Yes,Bank transfer (automatic),75.88,5129.89,0,1,5.0,No
CUST-04836,Female,0,No,No,39,Yes,No,No,No internet service,No internet service,No internet service,No internet service,No internet service,No internet service,Month-to-month,No,Credit card (automatic),34.36,1422.79,0,1,4.8,Yes
CUST-04837,Male,0,No,No,59,Yes,No,DSL,No,No,No,No,Yes,No,Month-to-month,No,Mailed check,55.15,3035.45,0,0,4.2,No
CUST-04838,Male,0,Yes,No,16,Yes,Yes,No,No internet service,No internet service,No internet service,No internet service,No internet service,No internet service,Month-to-month,Yes,Mailed check,27.47,412.52,2,1,4.5,No
CUST-04839,Female,0,No,No,25,Yes,Yes,No,No internet service,No internet service,No internet service,No internet service,No internet service,No internet service,Month-to-month,Yes,Mailed check,41.83,1045.15,2,2,4.4,No
CUST-04840,Female,0,No,No,53,Yes,No,Fiber optic,Yes,No,No,Yes,Yes,Yes,Month-to-month,Yes,Credit card (automatic),98.24,5463.23,1,1,4.9,Yes
CUST-04841,Female,1,Yes,Yes,12,No,No phone service,Fiber optic,Yes,Yes,No,No,No,Yes,Month-to-month,No,Bank transfer (automatic),114.42,1426.76,3,0,4.8,No
CUST-04842,Male,0,No,No,8,Yes,No,No,No internet service,No internet service,No internet service,No internet service,No internet service,No internet service,Two year,Yes,Mailed check,31.12,238.1,0,1,5.0,No
CUST-04843,Male,0,No,No,44,Yes,No,DSL,Yes,No,No,No,No,No,Two year,Yes,Electronic check,72.03,3115.77,1,0,5.0,No
CUST-04844,Male,0,No,No,1,Yes,Yes,Fiber optic,Yes,Yes,No,Yes,No,No,One year,Yes,Credit card (automatic),82.07,83.35,6,0,4.1,No
CUST-04845,Female,0,No,No,68,Yes,No,DSL,No,Yes,No,Yes,No,Yes,Month-to-month,Yes,Bank transfer (automatic),73.73,4855.13,2,1,4.0,No
CUST-04846,Female,0,Yes,No,49,No,No phone service,DSL,No,No,Yes,No,No,No,Two year,No,Electronic check,72.37,3353.92,3,0,4.5,No
CUST-04847,Female,0,No,No,52,Yes,No,DSL,Yes,No,Yes,No,No,Yes,Month-to-month,No,Electronic check,52.06,2683.12,1,2,3.8,Yes
CUST-04848,Male,0,Yes,No,37,No,No phone service,DSL,No,Yes,No,No,No,No,One year,No,Mailed check,58.63,2158.18,1,0,3.4,No
CUST-04849,Male,0,No,No,45,Yes,Yes,DSL,No,Yes,No,Yes,No,No,Two year,No,Bank transfer (automatic),60.83,2614.89,2,1,4.8,No
CUST-04850,Female,0,Yes,No,69,Yes,No,Fiber optic,No,No,No,No,Yes,No,One year,No,Electronic check,120.0,8107.8,4,0,3.8,No
CUST-04851,Female,0,No,No,1,Yes,Yes,Fiber optic,No,No,No,Yes,Yes,No,Two year,No,Electronic check,97.51,92.3,4,0,4.4,No
CUST-04852,Female,0,No,No,18,No,No phone service,No,No internet service,No internet service,No internet service,No internet service,No internet service,No internet service,Month-to-month,No,Bank transfer (automatic),37.33,673.56,1,0,4.0,No
CUST-04853,Male,0,Yes,No,51,Yes,No,Fiber optic,No,No,No,No,Yes,Yes,Two year,No,Electronic check,89.11,4775.16,4,1,4.6,No
CUST-04854,Male,0,Yes,No,9,Yes,Yes,No,No internet service,No internet service,No internet service,No internet service,No internet service,No internet service,Month-to-month,Yes,Mailed check,36.74,316.41,1,0,4.2,No
CUST-04855,Male,0,Yes,Yes,18,Yes,No,No,No internet service,No internet service,No internet service,No internet service,No internet service,No internet service,One year,Yes,Credit card (automatic),39.78,763.54,2,0,5.0,No
CUST-04856,Female,0,No,Yes,2,Yes,No,No,No internet service,No internet service,No internet service,No internet service,No internet service,No internet service,Month-to-month,No,Mailed check,19.49,,2,1,4.7,No
CUST-04857,Female,0,No,No,4,Yes,Yes,DSL,No,Yes,No,No,Yes,Yes,Month-to-month,Yes,Electronic check,65.53,281.52,4,4,3.5,No
CUST-04858,Female,0,Yes,No,32,Yes,Yes,DSL,Yes,No,No,No,Yes,No,One year,Yes,Mailed check,67.76,2327.89,1,0,5.0,No
CUST-04859,Male,1,No,No,48,Yes,No,Fiber optic,No,No,Yes,Yes,Yes,Yes,One year,No,Electronic check,72.92,3533.39,5,0,3.8,Yes
CUST-04860,Female,0,No,Yes,8,Yes,Yes,DSL,Yes,Yes,No,No,No,No,Month-to-month,Yes,Credit card (automatic),41.69,343.06,3,0,5.0,No
CUST-04861,Male,0,Yes,Yes,71,Yes,Yes,No,No internet service,No internet service,No internet service,No internet service,No internet service,No internet service,Two year,Yes,Mailed check,47.53,3527.11,3,1,4.2,No
CUST-04862,Female,0,No,No,56,Yes,No,Fiber optic,Yes,No,No,Yes,Yes,Yes,Month-to-month,No,Mailed check,106.15,,2,2,4.5,No
CUST-04863,Female,0,Yes,No,48,Yes,Yes,No,No internet service,No internet service,No internet service,No internet service,No internet service,No internet service,Month-to-month,Yes,Mailed check,28.62,1336.8,2,0,5.0,No
CUST-04864,Female,0,Yes,No,6,No,No phone service,Fiber optic,Yes,Yes,Yes,Yes,No,No,Month-to-month,Yes,Electronic check,110.66,645.66,7,2,2.7,Yes
CUST-04865,Female,0,Yes,No,38,Yes,No,No,No internet service,No internet service,No internet service,No internet service,No internet service,No internet service,Two year,Yes,Electronic check,35.93,1322.29,2,1,4.1,No
CUST-04866,Female,0,Yes,No,67,Yes,Yes,DSL,No,Yes,No,Yes,No,No,Two year,Yes,Mailed check,55.13,3573.38,4,2,4.1,No
CUST-04867,Male,0,No,No,18,No,No phone service,Fiber optic,Yes,No,No,No,No,No,One year,No,Bank transfer (automatic),76.04,1405.27,1,1,4.1,Yes
CUST-04868,Male,0,No,Yes,39,Yes,No,No,No internet service,No internet service,No internet service,No internet service,No internet service,No internet service,One year,No,Bank transfer (automatic),41.54,1589.38,1,0,5.0,No
CUST-04869,Female,0,Yes,No,41,Yes,Yes,Fiber optic,No,No,No,No,No,No,One year,Yes,Electronic check,83.45,3309.11,4,1,3.9,No
CUST-04870,Female,0,No,No,51,Yes,Yes,Fiber optic,No,No,No,No,No,No,One year,Yes,Credit card (automatic),96.07,5079.06,3,2,3.9,No
CUST-04871,Male,0,Yes,No,67,Yes,No,Fiber optic,No,No,Yes,Yes,Yes,No,Two year,No,Electronic check,90.03,6327.99,4,0,4.4,No
CUST-04872,Female,0,Yes,No,10,Yes,No,No,No internet service,No internet service,No internet service,No internet service,No internet service,No internet service,Month-to-month,Yes,Credit card (automatic),38.09,358.85,1,2,5.0,No
CUST-04873,Male,0,No,No,5,Yes,No,Fiber optic,No,No,No,No,No,Yes,One year,No,Mailed check,105.04,523.27,2,0,5.0,Yes
CUST-04874,Female,0,No,Yes,7,Yes,Yes,No,No internet service,No internet service,No internet service,No internet service,No internet service,No internet service,One year,No,Mailed check,19.48,132.08,5,2,3.5,No
CUST-04875,Male,0,No,Yes,20,Yes,No,Fiber optic,No,No,Yes,No,No,No,Month-to-month,Yes,Mailed check,76.16,1543.11,3,1,4.7,No
CUST-04876,Female,0,Yes,No,26,Yes,Yes,Fiber optic,Yes,Yes,No,No,No,Yes,Month-to-month,Yes,Bank transfer (automatic),84.52,2173.95,5,0,4.4,Yes
CUST-04877,Male,0,Yes,No,64,Yes,No,Fiber optic,No,Yes,Yes,No,Yes,Yes,Month-to-month,Yes,Electronic check,95.46,6189.38,5,0,4.3,No
CUST-04878,Male,0,Yes,No,38,Yes,No,Fiber optic,Yes,Yes,Yes,No,No,Yes,Two year,Yes,Bank transfer (automatic),113.02,4489.47,2,0,4.6,No
CUST-04879,Female,1,No,Yes,54,Yes,Yes,Fiber optic,Yes,No,Yes,No,Yes,No,Month-to-month,Yes,Mailed check,87.28,4644.9,6,1,3.4,Yes
CUST-04880,Female,1,Yes,No,42,Yes,No,DSL,No,Yes,No,Yes,No,Yes,Month-to-month,Yes,Bank transfer (automatic),60.98,2560.42,2,1,4.8,No
CUST-04881,Male,0,No,Yes,69,Yes,No,Fiber optic,Yes,No,Yes,No,Yes,Yes,One year,Yes,Mailed check,93.78,6271.06,6,2,2.9,No
CUST-04882,Female,0,Yes,No,24,Yes,No,Fiber optic,No,No,No,No,No,No,Month-to-month,Yes,Credit card (automatic),114.87,2575.78,1,1,3.9,Yes
CUST-04883,Male,0,Yes,Yes,49,Yes,No,DSL,No,No,No,No,No,No,One year,No,Credit card (automatic),42.6,2000.44,6,0,2.5,No
CUST-04884,Male,0,Yes,No,20,Yes,Yes,Fiber optic,No,No,Yes,No,Yes,Yes,One year,Yes,Mailed check,88.0,1684.53,3,1,4.3,No
CUST-04885,Male,0,No,No,17,Yes,No,Fiber optic,No,No,No,No,Yes,Yes,One year,Yes,Electronic check,94.49,1603.45,3,2,3.5,Yes
CUST-04886,Male,0,No,Yes,71,Yes,No,Fiber optic,Yes,Yes,No,No,No,Yes,Month-to-month,No,Electronic check,96.38,7020.37,5,1,4.1,Yes
CUST-04887,Female,0,No,No,2,Yes,Yes,No,No internet service,No internet service,No internet service,No internet service,No internet service,No internet service,One year,Yes,Mailed check,33.97,66.97,0,0,4.7,No
CUST-04888,Female,0,No,No,20,Yes,No,Fiber optic,Yes,Yes,Yes,Yes,No,No,Month-to-month,Yes,Bank transfer (automatic),86.67,1720.31,3,2,4.1,No
CUST-04889,Male,0,No,Yes,28,Yes,No,No,No internet service,No internet service,No internet service,No internet service,No internet service,No internet service,One year,Yes,Bank transfer (automatic),21.36,601.43,2,1,4.7,Yes
CUST-04890,Male,0,Yes,Yes,10,Yes,No,Fiber optic,No,No,Yes,Yes,Yes,Yes,One year,Yes,Bank transfer (automatic),73.19,708.15,3,0,4.9,No
CUST-04891,Female,0,No,No,56,Yes,Yes,Fiber optic,No,No,No,Yes,No,No,Two year,No,Electronic check,96.44,5663.17,2,0,4.1,No
CUST-04892,Female,1,No,No,26,Yes,No,Fiber optic,No,No,Yes,No,No,No,One year,Yes,Mailed check,70.84,1833.72,2,0,4.7,No
CUST-04893,Male,0,No,No,34,Yes,Yes,DSL,Yes,No,No,Yes,No,Yes,One year,Yes,Bank transfer (automatic),68.35,2308.35,0,1,4.8,No
CUST-04894,Male,0,Yes,No,22,Yes,Yes,No,No internet service,No internet service,No internet service,No internet service,No internet service,No internet service,One year,Yes,Credit card (automatic),31.12,690.43,1,0,4.9,No
CUST-04895,Male,0,Yes,No,65,Yes,Yes,Fiber optic,No,No,No,No,Yes,Yes,Month-to-month,Yes,Bank transfer (automatic),97.65,6210.59,1,5,3.8,No
CUST-04896,Male,0,No,No,31,Yes,No,DSL,Yes,Yes,No,No,No,Yes,Month-to-month,Yes,Electronic check,73.99,2146.76,3,1,4.6,No
CUST-04897,Female,0,Yes,No,57,Yes,No,Fiber optic,No,No,No,Yes,No,No,Month-to-month,Yes,Mailed check,104.46,5895.27,2,1,5.0,No
CUST-04898,Female,0,Yes,No,45,Yes,No,DSL,No,No,No,No,Yes,No,One year,Yes,Electronic check,47.71,2251.9,1,0,5.0,No
CUST-04899,Female,1,Yes,Yes,69,Yes,Yes,DSL,No,Yes,No,Yes,Yes,No,Month-to-month,Yes,Bank transfer (automatic),58.02,4316.11,2,0,5.0,No
CUST-04900,Female,0,No,Yes,44,Yes,Yes,DSL,No,No,Yes,No,Yes,Yes,One year,Yes,Mailed check,49.49,2291.11,2,0,4.3,No
CUST-04901,Male,0,Yes,No,71,Yes,No,No,No internet service,No internet service,No internet service,No internet service,No internet service,No internet service,Month-to-month,Yes,Electronic check,38.2,2608.08,3,2,5.0,No
CUST-04902,Female,0,No,No,51,Yes,No,DSL,Yes,No,Yes,No,Yes,Yes,Month-to-month,No,Electronic check,64.57,3146.16,2,3,3.2,Yes
CUST-04903,Female,1,No,No,5,Yes,Yes,Fiber optic,No,Yes,No,No,No,No,Month-to-month,Yes,Electronic check,101.69,537.61,3,3,4.1,Yes
CUST-04904,Female,0,No,Yes,12,Yes,Yes,Fiber optic,No,No,No,Yes,Yes,No,Month-to-month,Yes,Credit card (automatic),90.07,1110.21,2,0,4.8,No
CUST-04905,Male,1,Yes,No,57,Yes,Yes,No,No internet service,No internet service,No internet service,No internet service,No internet service,No internet service,Month-to-month,No,Electronic check,29.46,,5,1,4.6,No
CUST-04906,Female,0,No,No,4,Yes,No,No,No internet service,No internet service,No internet service,No internet service,No internet service,No internet service,Month-to-month,No,Mailed check,38.68,148.08,0,0,4.2,No
CUST-04907,Male,0,Yes,No,14,Yes,No,No,No internet service,No internet service,No internet service,No internet service,No internet service,No internet service,Month-to-month,No,Bank transfer (automatic),18.0,242.08,2,4,4.9,Yes
CUST-04908,Female,0,Yes,Yes,57,Yes,No,Fiber optic,Yes,No,No,No,No,No,Two year,Yes,Credit card (automatic),112.3,6401.39,2,0,4.5,No
CUST-04909,Female,0,Yes,No,26,Yes,No,Fiber optic,Yes,Yes,No,No,No,No,One year,Yes,Credit card (automatic),107.79,2725.42,4,0,4.2,No
CUST-04910,Female,0,Yes,No,16,Yes,Yes,No,No internet service,No internet service,No internet service,No internet service,No internet service,No internet service,Month-to-month,Yes,Electronic check,19.24,301.47,1,0,5.0,No
CUST-04911,Female,1,No,Yes,15,Yes,Yes,DSL,No,No,No,No,Yes,Yes,Two year,No,Electronic check,50.01,809.3,3,0,4.0,No
CUST-04912,Female,0,Yes,No,23,Yes,Yes,DSL,No,No,No,No,No,No,Month-to-month,No,Bank transfer (automatic),62.03,1398.66,0,1,4.6,No
CUST-04913,Male,0,No,Yes,61,Yes,No,No,No internet service,No internet service,No internet service,No internet service,No internet service,No internet service,One year,Yes,Mailed check,34.2,2206.05,0,0,5.0,No
CUST-04914,Female,1,Yes,No,33,Yes,No,DSL,No,Yes,No,Yes,Yes,Yes,Month-to-month,No,Mailed check,68.01,2356.1,0,3,4.8,No
CUST-04915,Female,1,No,Yes,69,Yes,Yes,Fiber optic,Yes,No,Yes,No,No,Yes,Two year,Yes,Bank transfer (automatic),96.92,6689.18,3,0,4.2,No
CUST-04916,Male,1,No,No,52,Yes,Yes,DSL,No,No,No,No,Yes,No,Month-to-month,Yes,Credit card (automatic),44.46,2476.84,1,1,5.0,No
CUST-04917,Male,1,Yes,Yes,20,Yes,Yes,DSL,No,No,No,No,No,No,Month-to-month,No,Electronic check,59.47,1168.93,4,2,4.5,No
CUST-04918,Male,0,No,No,12,Yes,Yes,No,No internet service,No internet service,No internet service,No internet service,No internet service,No internet service,Month-to-month,No,Bank transfer (automatic),23.4,277.67,2,3,4.0,Yes
CUST-04919,Female,1,Yes,Yes,68,Yes,No,DSL,No,No,Yes,Yes,No,No,Month-to-month,No,Bank transfer (automatic),45.28,2923.24,2,2,4.5,No
CUST-04920,Female,0,No,No,65,Yes,Yes,Fiber optic,Yes,No,No,Yes,No,No,Month-to-month,Yes,Bank transfer (automatic),89.06,5904.62,1,0,4.8,No
CUST-04921,Female,0,No,Yes,9,Yes,Yes,DSL,Yes,Yes,No,No,Yes,No,One year,Yes,Mailed check,61.96,538.48,1,0,4.5,No
CUST-04922,Female,0,No,No,24,Yes,No,Fiber optic,No,No,Yes,No,No,No,One year,Yes,Credit card (automatic),100.32,2386.34,4,1,4.9,No
CUST-04923,Female,0,Yes,No,54,Yes,Yes,Fiber optic,No,No,Yes,No,No,No,Month-to-month,Yes,Electronic check,92.86,5300.76,2,3,4.8,Yes
CUST-04924,Female,0,No,No,71,Yes,Yes,Fiber optic,No,No,Yes,Yes,No,Yes,Month-to-month,Yes,Credit card (automatic),90.31,6707.13,3,1,4.5,No
CUST-04925,Male,1,No,Yes,66,Yes,No,Fiber optic,No,No,No,No,No,No,Month-to-month,Yes,Bank transfer (automatic),110.85,6855.87,3,3,3.9,No
CUST-04926,Male,0,No,No,21,Yes,Yes,Fiber optic,No,No,Yes,No,No,Yes,Month-to-month,Yes,Credit card (automatic),100.88,2204.14,3,4,3.9,Yes
CUST-04927,Male,0,Yes,No,65,Yes,No,DSL,No,Yes,Yes,No,No,No,One year,No,Credit card (automatic),53.32,3543.6,0,1,4.3,No
CUST-04928,Female,0,Yes,No,53,Yes,No,Fiber optic,No,No,Yes,Yes,No,Yes,Month-to-month,Yes,Bank transfer (automatic),104.2,5739.38,4,0,4.6,No
CUST-04929,Male,0,No,No,34,Yes,Yes,No,No internet service,No internet service,No internet service,No internet service,No internet service,No internet service,Two year,Yes,Electronic check,33.11,1041.88,1,0,5.0,No
CUST-04930,Male,0,No,No,28,Yes,No,No,No internet service,No internet service,No internet service,No internet service,No internet service,No internet service,Month-to-month,Yes,Bank transfer (automatic),43.54,1236.17,0,0,5.0,No
CUST-04931,Male,0,No,No,59,Yes,Yes,DSL,No,Yes,No,No,No,No,One year,No,Electronic check,61.68,3410.93,1,1,3.9,No
CUST-04932,Female,0,No,No,61,Yes,No,No,No internet service,No internet service,No internet service,No internet service,No internet service,No internet service,Two year,Yes,Electronic check,30.06,1890.57,4,0,4.8,No
CUST-04933,Female,0,No,Yes,66,Yes,Yes,No,No internet service,No internet service,No internet service,No internet service,No internet service,No internet service,One year,No,Mailed check,18.0,1106.1,2,0,4.0,No
CUST-04934,Female,0,Yes,Yes,34,Yes,No,No,No internet service,No internet service,No internet service,No internet service,No internet service,No internet service,One year,No,Credit card (automatic),28.34,903.62,1,0,5.0,No
CUST-04935,Male,0,No,No,20,No,No phone service,No,No internet service,No internet service,No internet service,No internet service,No internet service,No internet service,One year,Yes,Credit card (automatic),40.01,756.53,1,1,4.7,No
CUST-04936,Female,0,Yes,No,63,Yes,No,No,No internet service,No internet service,No internet service,No internet service,No internet service,No internet service,Month-to-month,No,Bank transfer (automatic),28.46,1821.33,2,1,4.2,No
CUST-04937,Female,0,No,No,22,Yes,No,DSL,No,No,No,No,No,No,Two year,Yes,Electronic check,41.07,900.98,3,1,4.2,No
CUST-04938,Female,0,Yes,Yes,55,Yes,Yes,Fiber optic,Yes,No,No,No,No,No,One year,No,Mailed check,91.39,5116.39,8,0,4.1,No
CUST-04939,Male,0,No,No,37,Yes,No,No,No internet service,No internet service,No internet service,No internet service,No internet service,No internet service,Two year,No,Electronic check,47.32,1715.52,1,0,5.0,No
CUST-04940,Male,0,No,No,43,Yes,No,Fiber optic,Yes,No,Yes,No,No,Yes,Month-to-month,Yes,Credit card (automatic),85.74,3779.81,3,1,3.2,No
CUST-04941,Female,0,No,No,16,Yes,No,Fiber optic,No,Yes,No,No,No,No,Month-to-month,Yes,Electronic check,94.76,1491.58,1,1,5.0,No
CUST-04942,Male,0,Yes,No,18,Yes,Yes,Fiber optic,No,No,No,No,No,No,Two year,No,Bank transfer (automatic),110.47,1983.16,2,0,4.9,No
CUST-04943,Female,0,No,Yes,47,Yes,No,DSL,No,Yes,Yes,Yes,No,Yes,Month-to-month,No,Mailed check,74.99,3746.53,0,2,4.2,No
CUST-04944,Female,0,Yes,No,19,Yes,No,No,No internet service,No internet service,No internet service,No internet service,No internet service,No internet service,Two year,Yes,Electronic check,39.67,729.06,1,1,3.5,No
CUST-04945,Male,0,Yes,Yes,49,Yes,No,Fiber optic,No,Yes,No,Yes,Yes,Yes,Two year,Yes,Bank transfer (automatic),85.3,4293.85,3,0,5.0,No
CUST-04946,Female,0,No,No,72,Yes,No,Fiber optic,Yes,No,No,Yes,No,No,Month-to-month,No,Electronic check,99.65,6786.14,5,1,4.1,Yes
CUST-04947,Male,1,No,No,6,Yes,No,DSL,No,No,Yes,No,No,No,Two year,Yes,Electronic check,64.54,404.07,3,2,4.3,No
CUST-04948,Female,0,Yes,Yes,67,Yes,Yes,No,No internet service,No internet service,No internet service,No internet service,No internet service,No internet service,Two year,Yes,Electronic check,41.2,2607.16,2,2,3.9,No
CUST-04949,Male,0,No,No,13,Yes,Yes,DSL,Yes,Yes,No,Yes,No,Yes,Month-to-month,No,Mailed check,43.78,599.36,4,1,3.6,No
CUST-04950,Male,1,Yes,No,10,Yes,No,No,No internet service,No internet service,No internet service,No internet service,No internet service,No internet service,Two year,Yes,Credit card (automatic),24.92,230.96,1,0,5.0,No
CUST-04951,Male,0,No,No,61,Yes,No,DSL,No,No,No,No,No,Yes,One year,No,Mailed check,86.64,5106.87,2,1,4.7,No
CUST-04952,Male,0,No,No,15,Yes,No,No,No internet service,No internet service,No internet service,No internet service,No internet service,No internet service,Month-to-month,No,Bank transfer (automatic),49.22,758.7,2,2,4.2,No
CUST-04953,Female,1,No,No,47,Yes,No,Fiber optic,No,No,No,Yes,No,No,Month-to-month,Yes,Mailed check,112.02,4923.57,3,1,4.9,No
CUST-04954,Male,0,No,No,8,Yes,Yes,No,No internet service,No internet service,No internet service,No internet service,No internet service,No internet service,Two year,Yes,Electronic check,27.72,236.57,1,0,4.8,No
CUST-04955,Male,0,No,No,7,Yes,Yes,Fiber optic,No,Yes,No,No,Yes,Yes,One year,Yes,Mailed check,73.47,514.4,2,1,3.9,Yes
CUST-04956,Male,0,No,No,15,Yes,No,DSL,No,No,No,No,No,Yes,One year,Yes,Electronic check,67.46,999.06,2,0,4.0,Yes
CUST-04957,Male,0,Yes,Yes,38,Yes,Yes,DSL,No,Yes,No,No,Yes,Yes,One year,Yes,Bank transfer (automatic),79.13,3036.61,2,1,4.0,No
CUST-04958,Male,0,Yes,Yes,21,Yes,Yes,Fiber optic,No,No,Yes,No,Yes,No,One year,No,Credit card (automatic),117.2,2610.74,0,0,4.8,No
CUST-04959,Female,0,No,Yes,17,Yes,Yes,Fiber optic,No,No,No,No,No,No,Month-to-month,Yes,Mailed check,99.24,1619.64,2,3,4.2,Yes
CUST-04960,Female,1,Yes,No,61,Yes,Yes,Fiber optic,No,Yes,No,No,Yes,No,Two year,Yes,Bank transfer (automatic),73.08,4420.62,3,2,4.0,No
CUST-04961,Male,0,No,No,13,Yes,Yes,DSL,No,Yes,Yes,Yes,Yes,No,One year,Yes,Electronic check,67.77,833.6,2,0,5.0,No
CUST-04962,Female,0,Yes,Yes,7,Yes,No,No,No internet service,No internet service,No internet service,No internet service,No internet service,No internet service,Two year,Yes,Mailed check,30.36,226.64,2,0,4.7,No
CUST-04963,Female,0,No,No,8,Yes,No,Fiber optic,No,Yes,No,No,Yes,No,One year,Yes,Bank transfer (automatic),120.0,1035.1,0,1,5.0,No
CUST-04964,Male,0,No,No,64,Yes,Yes,Fiber optic,Yes,No,No,Yes,Yes,No,Month-to-month,No,Credit card (automatic),108.9,6808.45,2,0,4.6,No
CUST-04965,Female,0,No,Yes,35,Yes,No,Fiber optic,No,No,No,Yes,Yes,Yes,Month-to-month,No,Bank transfer (automatic),107.72,3870.59,4,1,4.4,No
CUST-04966,Male,0,No,No,70,Yes,No,Fiber optic,Yes,No,No,No,Yes,Yes,One year,Yes,Electronic check,106.38,7693.04,2,1,4.7,No
CUST-04967,Male,0,Yes,No,59,Yes,No,Fiber optic,No,No,Yes,Yes,Yes,No,One year,Yes,Credit card (automatic),102.83,5924.2,4,0,4.4,Yes
CUST-04968,Male,1,No,Yes,21,Yes,No,DSL,No,No,No,Yes,No,No,Two year,Yes,Credit card (automatic),65.82,1471.35,2,0,5.0,No
CUST-04969,Male,0,Yes,No,57,Yes,Yes,No,No internet service,No internet service,No internet service,No internet service,No internet service,No internet service,Two year,No,Mailed check,29.13,1659.79,1,1,3.8,No
CUST-04970,Female,0,No,Yes,33,Yes,Yes,Fiber optic,No,No,No,Yes,No,Yes,Month-to-month,No,Bank transfer (automatic),105.55,3674.47,1,0,4.9,No
CUST-04971,Female,0,No,No,41,Yes,No,Fiber optic,No,Yes,No,No,Yes,Yes,Two year,Yes,Bank transfer (automatic),119.91,4941.81,3,0,4.3,No
CUST-04972,Male,0,Yes,No,39,No,No phone service,Fiber optic,Yes,No,No,No,No,No,Two year,No,Mailed check,72.91,2940.06,4,0,4.2,No
CUST-04973,Female,0,Yes,No,55,Yes,No,Fiber optic,No,No,Yes,Yes,No,Yes,Month-to-month,Yes,Bank transfer (automatic),69.1,3715.98,4,2,3.8,No
CUST-04974,Female,0,Yes,No,15,Yes,No,Fiber optic,No,No,No,No,Yes,Yes,Month-to-month,No,Bank transfer (automatic),116.31,1774.18,2,3,3.7,No
CUST-04975,Female,0,Yes,Yes,5,Yes,No,Fiber optic,No,Yes,No,No,Yes,No,One year,No,Electronic check,83.8,448.47,2,1,4.0,Yes
CUST-04976,Female,1,No,No,53,Yes,No,No,No internet service,No internet service,No internet service,No internet service,No internet service,No internet service,Month-to-month,Yes,Electronic check,36.5,1966.44,1,1,3.9,Yes
CUST-04977,Female,0,Yes,No,69,Yes,No,DSL,No,No,Yes,No,Yes,No,Month-to-month,Yes,Electronic check,49.62,3317.88,2,1,4.2,No
CUST-04978,Male,1,No,No,42,Yes,Yes,No,No internet service,No internet service,No internet service,No internet service,No internet service,No internet service,One year,No,Mailed check,23.94,1038.09,2,0,5.0,No
CUST-04979,Female,1,No,No,9,Yes,Yes,No,No internet service,No internet service,No internet service,No internet service,No internet service,No internet service,Two year,No,Credit card (automatic),33.52,314.38,1,0,5.0,No
CUST-04980,Female,0,No,No,9,Yes,No,No,No internet service,No internet service,No internet service,No internet service,No internet service,No internet service,Two year,Yes,Credit card (automatic),20.85,198.96,1,0,5.0,No
CUST-04981,Female,0,No,Yes,40,Yes,Yes,DSL,Yes,No,No,No,No,No,Month-to-month,No,Bank transfer (automatic),43.13,1756.36,0,0,4.7,Yes
CUST-04982,Female,1,Yes,No,65,Yes,No,Fiber optic,Yes,Yes,Yes,Yes,No,Yes,Two year,Yes,Electronic check,115.56,7282.09,5,1,4.6,No
CUST-04983,Male,1,No,No,45,Yes,No,No,No internet service,No internet service,No internet service,No internet service,No internet service,No internet service,Month-to-month,Yes,Electronic check,32.73,1495.52,1,5,4.1,No
CUST-04984,Male,1,No,No,22,Yes,Yes,Fiber optic,No,Yes,No,Yes,No,Yes,Two year,No,Electronic check,86.89,1862.3,2,1,4.4,No
CUST-04985,Male,0,No,No,45,Yes,No,DSL,No,No,Yes,No,No,No,One year,Yes,Mailed check,43.38,1952.01,0,0,5.0,No
CUST-04986,Male,0,Yes,No,12,Yes,No,No,No internet service,No internet service,No internet service,No internet service,No internet service,No internet service,Month-to-month,No,Bank transfer (automatic),36.38,418.37,2,0,4.9,No
CUST-04987,Female,1,Yes,No,35,Yes,No,No,No internet service,No internet service,No internet service,No internet service,No internet service,No internet service,Two year,Yes,Credit card (automatic),33.78,1151.7,0,2,4.6,No
CUST-04988,Female,1,No,No,71,Yes,Yes,No,No internet service,No internet service,No internet service,No internet service,No internet service,No internet service,Month-to-month,No,Electronic check,29.89,2223.33,2,3,4.4,No
CUST-04989,Female,0,No,No,46,Yes,Yes,Fiber optic,No,No,No,No,Yes,No,Month-to-month,Yes,Electronic check,89.27,4142.27,3,2,4.3,Yes
CUST-04990,Female,1,Yes,No,8,Yes,No,Fiber optic,Yes,No,Yes,No,Yes,No,Month-to-month,Yes,Electronic check,115.81,945.79,4,2,3.2,Yes
CUST-04991,Female,0,No,No,15,Yes,No,Fiber optic,No,No,No,No,No,No,Month-to-month,Yes,Mailed check,74.45,1153.19,2,0,4.8,No
CUST-04992,Female,1,Yes,Yes,5,Yes,No,Fiber optic,No,No,Yes,No,Yes,No,Month-to-month,Yes,Electronic check,88.48,429.96,6,1,3.9,Yes
CUST-04993,Female,0,No,No,29,Yes,Yes,No,No internet service,No internet service,No internet service,No internet service,No internet service,No internet service,Two year,No,Credit card (automatic),29.87,829.47,3,1,4.5,No
CUST-04994,Female,1,Yes,Yes,18,Yes,Yes,DSL,No,Yes,Yes,No,No,Yes,Month-to-month,No,Bank transfer (automatic),74.75,1270.38,2,0,5.0,No
CUST-04995,Female,0,Yes,No,71,Yes,No,DSL,No,Yes,Yes,No,Yes,Yes,One year,No,Bank transfer (automatic),58.21,,1,0,5.0,No
CUST-04996,Male,0,Yes,No,23,Yes,No,No,No internet service,No internet service,No internet service,No internet service,No internet service,No internet service,Month-to-month,No,Credit card (automatic),36.93,811.51,1,1,4.8,No
CUST-04997,Female,0,Yes,No,3,Yes,No,DSL,Yes,Yes,No,Yes,No,No,Month-to-month,Yes,Bank transfer (automatic),67.77,195.16,1,1,4.8,Yes
CUST-04998,Female,0,Yes,No,32,Yes,No,DSL,No,Yes,No,No,No,Yes,Month-to-month,No,Credit card (automatic),59.91,1994.59,0,2,5.0,No
CUST-04999,Female,0,Yes,No,54,Yes,Yes,No,No internet service,No internet service,No internet service,No internet service,No internet service,No internet service,One year,No,Bank transfer (automatic),28.96,1507.79,3,1,4.5,No
CUST-05000,Male,1,Yes,Yes,50,Yes,Yes,No,No internet service,No internet service,No internet service,No internet service,No internet service,No internet service,One year,Yes,Electronic check,19.47,1036.79,1,1,5.0,No
CUST-05001,Male,0,No,No,71,Yes,Yes,No,No internet service,No internet service,No internet service,No internet service,No internet service,No internet service,Month-to-month,Yes,Electronic check,32.54,2266.44,4,1,4.4,No
CUST-05002,Male,1,No,No,27,Yes,Yes,Fiber optic,No,No,No,Yes,Yes,Yes,Month-to-month,Yes,Credit card (automatic),91.38,2491.46,2,6,2.9,Yes
CUST-05003,Female,0,No,Yes,38,Yes,Yes,Fiber optic,No,No,No,No,No,No,Month-to-month,No,Mailed check,102.78,3761.57,5,0,4.4,No
CUST-05004,Female,0,Yes,Yes,41,Yes,No,DSL,Yes,No,No,No,No,No,One year,No,Mailed check,77.64,3185.93,1,1,4.4,No
CUST-05005,Female,0,Yes,No,2,Yes,Yes,DSL,No,Yes,No,No,No,Yes,Month-to-month,No,Electronic check,73.56,136.45,1,2,4.8,No
CUST-05006,Female,0,No,No,1,Yes,No,DSL,Yes,Yes,No,No,No,Yes,One year,Yes,Electronic check,43.83,41.17,2,0,4.7,No
CUST-05007,Male,0,No,No,58,Yes,No,Fiber optic,Yes,No,No,Yes,No,No,Two year,Yes,Mailed check,95.36,5441.4,1,0,3.7,No
CUST-05008,Female,0,No,No,28,No,No phone service,Fiber optic,No,No,No,Yes,No,No,Month-to-month,No,Bank transfer (automatic),80.95,2316.31,3,0,4.7,No
CUST-05009,Female,1,No,No,50,Yes,No,DSL,No,No,Yes,No,Yes,Yes,Month-to-month,Yes,Credit card (automatic),61.15,3253.23,1,1,4.8,No
CUST-05010,Male,0,No,Yes,69,Yes,Yes,No,No internet service,No internet service,No internet service,No internet service,No internet service,No internet service,Month-to-month,Yes,Electronic check,20.87,1503.89,1,3,4.2,No
CUST-05011,Female,1,No,No,18,Yes,Yes,No,No internet service,No internet service,No internet service,No internet service,No internet service,No internet service,One year,Yes,Mailed check,32.18,603.71,3,0,5.0,No
CUST-05012,Male,0,Yes,No,56,Yes,Yes,DSL,No,No,Yes,Yes,No,No,Month-to-month,No,Credit card (automatic),66.12,3753.63,2,1,4.5,Yes
CUST-05013,Female,0,No,No,16,Yes,Yes,No,No internet service,No internet service,No internet service,No internet service,No internet service,No internet service,Month-to-month,No,Bank transfer (automatic),26.44,417.85,1,2,4.2,No
CUST-05014,Female,0,No,No,54,Yes,No,Fiber optic,No,Yes,No,No,Yes,No,One year,No,Electronic check,95.77,5521.72,3,1,4.6,No
CUST-05015,Female,0,No,Yes,12,Yes,No,Fiber optic,No,No,No,Yes,No,Yes,Month-to-month,Yes,Credit card (automatic),108.2,1202.42,6,2,3.0,Yes
CUST-05016,Female,0,Yes,Yes,22,Yes,No,Fiber optic,No,Yes,Yes,No,No,No,One year,Yes,Electronic check,102.12,2078.81,5,0,4.0,No
CUST-05017,Male,0,Yes,No,34,Yes,No,Fiber optic,No,No,No,No,Yes,Yes,Month-to-month,No,Bank transfer (automatic),115.54,4155.79,2,2,4.5,No
CUST-05018,Female,0,Yes,No,36,No,No phone service,DSL,No,No,Yes,No,Yes,No,Two year,Yes,Credit card (automatic),62.54,2388.81,1,0,4.3,No
CUST-05019,Female,0,Yes,No,3,Yes,No,Fiber optic,No,No,No,No,No,Yes,Month-to-month,No,Electronic check,78.15,224.75,5,1,4.2,Yes
CUST-05020,Female,0,No,No,61,Yes,No,DSL,No,No,Yes,No,No,Yes,Two year,Yes,Mailed check,55.39,3368.74,1,0,4.0,No
CUST-05021,Female,0,No,No,1,Yes,No,DSL,Yes,Yes,No,No,No,No,Month-to-month,Yes,Mailed check,81.32,78.62,3,2,4.8,Yes
CUST-05022,Male,0,Yes,No,64,Yes,Yes,Fiber optic,Yes,Yes,No,Yes,Yes,No,Month-to-month,No,Mailed check,94.5,5974.92,1,1,4.1,No
CUST-05023,Female,1,No,Yes,15,Yes,No,DSL,Yes,No,Yes,Yes,Yes,Yes,Month-to-month,Yes,Electronic check,66.72,1005.97,1,6,3.3,Yes
CUST-05024,Male,0,Yes,Yes,52,Yes,No,Fiber optic,No,No,Yes,Yes,Yes,No,Two year,Yes,Credit card (automatic),108.61,5937.5,5,0,4.0,Yes
CUST-05025,Female,0,No,No,52,Yes,Yes,Fiber optic,No,No,Yes,No,No,Yes,One year,Yes,Electronic check,115.36,5565.91,2,1,5.0,No
CUST-05026,Male,0,Yes,No,33,Yes,No,DSL,Yes,No,No,Yes,No,No,Month-to-month,Yes,Electronic check,71.22,2422.95,3,0,4.0,No
CUST-05027,Male,0,No,No,39,Yes,No,No,No internet service,No internet service,No internet service,No internet service,No internet service,No internet service,Two year,Yes,Electronic check,19.79,720.41,6,1,4.0,No
CUST-05028,Male,0,No,Yes,6,Yes,No,Fiber optic,No,No,Yes,No,No,Yes,Month-to-month,Yes,Electronic check,92.64,600.23,7,1,3.8,Yes
CUST-05029,Female,1,No,No,65,Yes,Yes,Fiber optic,No,No,No,Yes,No,Yes,Month-to-month,No,Bank transfer (automatic),66.15,4296.5,3,1,4.6,No
CUST-05030,Male,0,No,Yes,9,Yes,Yes,DSL,No,No,No,No,Yes,No,Month-to-month,No,Electronic check,69.33,630.28,1,2,4.8,No
CUST-05031,Male,0,Yes,Yes,48,Yes,Yes,DSL,Yes,Yes,No,Yes,No,Yes,Month-to-month,Yes,Credit card (automatic),51.31,2513.74,3,1,4.5,No
CUST-05032,Female,0,No,No,1,Yes,No,No,No internet service,No internet service,No internet service,No internet service,No internet service,No internet service,Month-to-month,No,Bank transfer (automatic),23.42,25.0,2,1,5.0,No
CUST-05033,Male,0,Yes,No,54,Yes,No,No,No internet service,No internet service,No internet service,No internet service,No internet service,No internet service,Month-to-month,Yes,Bank transfer (automatic),47.45,2425.08,3,2,3.8,No
CUST-05034,Male,0,Yes,Yes,26,Yes,No,Fiber optic,Yes,No,Yes,No,No,No,Month-to-month,Yes,Electronic check,96.67,2512.6,2,0,4.9,Yes
CUST-05035,Male,0,No,No,35,Yes,No,DSL,No,Yes,No,No,Yes,No,One year,No,Credit card (automatic),76.47,2642.39,1,0,5.0,No
CUST-05036,Male,1,No,No,2,Yes,Yes,Fiber optic,Yes,Yes,No,No,No,Yes,Month-to-month,No,Electronic check,115.4,244.18,2,2,5.0,Yes
CUST-05037,Female,0,No,No,16,Yes,Yes,DSL,No,No,No,No,No,No,Month-to-month,No,Credit card (automatic),64.81,1028.84,4,1,3.8,No
CUST-05038,Female,0,Yes,No,32,Yes,No,No,No internet service,No internet service,No internet service,No internet service,No internet service,No internet service,One year,Yes,Electronic check,37.96,1225.15,1,1,5.0,No
CUST-05039,Female,0,No,Yes,52,Yes,Yes,DSL,No,No,No,Yes,Yes,Yes,Month-to-month,Yes,Bank transfer (automatic),53.44,2815.47,2,1,4.2,No
CUST-05040,Male,0,Yes,No,44,Yes,No,DSL,No,No,Yes,No,No,No,Month-to-month,Yes,Bank transfer (automatic),77.12,3220.57,1,5,3.7,No
CUST-05041,Male,0,No,No,19,No,No phone service,DSL,No,No,Yes,Yes,Yes,Yes,One year,Yes,Mailed check,77.76,1574.95,1,0,4.7,No
CUST-05042,Male,0,No,Yes,43,Yes,No,DSL,Yes,No,No,No,No,No,Two year,Yes,Electronic check,53.63,2290.08,0,0,4.5,No
CUST-05043,Male,1,No,No,17,Yes,No,No,No internet service,No internet service,No internet service,No internet service,No internet service,No internet service,Two year,Yes,Electronic check,32.08,542.68,1,0,4.7,Yes
CUST-05044,Female,0,No,Yes,40,Yes,Yes,Fiber optic,Yes,No,No,No,Yes,Yes,Two year,Yes,Mailed check,118.41,5054.78,1,0,4.1,No
CUST-05045,Female,1,No,No,39,Yes,No,DSL,No,Yes,No,No,Yes,Yes,One year,Yes,Credit card (automatic),59.2,2190.38,1,1,4.8,No
CUST-05046,Male,0,Yes,No,17,No,No phone service,DSL,No,Yes,No,No,No,No,Month-to-month,Yes,Electronic check,48.15,811.74,1,3,3.9,No
CUST-05047,Female,0,No,No,15,Yes,Yes,DSL,Yes,No,No,No,No,Yes,One year,Yes,Bank transfer (automatic),49.15,712.91,0,1,3.9,No
CUST-05048,Female,1,No,Yes,38,Yes,No,Fiber optic,No,Yes,No,No,Yes,Yes,Two year,Yes,Electronic check,67.43,2723.94,2,0,4.7,No
CUST-05049,Male,0,Yes,Yes,43,Yes,No,Fiber optic,No,No,Yes,No,Yes,No,Month-to-month,Yes,Electronic check,109.32,4597.41,4,1,4.3,Yes
CUST-05050,Female,0,Yes,No,71,Yes,Yes,DSL,No,No,Yes,No,No,Yes,Two year,No,Electronic check,46.07,3381.83,1,1,4.4,No
CUST-05051,Male,0,Yes,Yes,36,Yes,Yes,Fiber optic,No,No,No,No,No,No,Two year,No,Credit card (automatic),86.28,3045.41,2,1,3.6,No
CUST-05052,Male,0,No,No,33,Yes,Yes,Fiber optic,Yes,Yes,Yes,No,No,No,One year,Yes,Bank transfer (automatic),119.76,4178.05,2,1,3.9,Yes
CUST-05053,Female,1,No,No,35,Yes,Yes,No,No internet service,No internet service,No internet service,No internet service,No internet service,No internet service,Month-to-month,Yes,Bank transfer (automatic),18.57,661.16,3,1,4.8,No
CUST-05054,Female,0,No,Yes,63,No,No phone service,Fiber optic,No,No,No,No,No,No,One year,Yes,Bank transfer (automatic),99.68,5804.64,5,0,4.3,No
CUST-05055,Male,1,Yes,No,23,Yes,Yes,DSL,No,No,Yes,Yes,Yes,Yes,Two year,No,Electronic check,62.55,1445.13,0,0,4.0,No
CUST-05056,Female,0,Yes,Yes,28,Yes,Yes,DSL,No,No,No,No,No,No,Month-to-month,Yes,Mailed check,70.58,1856.84,0,0,5.0,No
CUST-05057,Female,0,No,No,27,Yes,No,No,No internet service,No internet service,No internet service,No internet service,No internet service,No internet service,Month-to-month,No,Credit card (automatic),19.32,516.68,0,0,5.0,No
CUST-05058,Female,0,Yes,No,45,Yes,Yes,DSL,No,No,No,No,Yes,No,One year,No,Bank transfer (automatic),67.61,2936.03,5,0,5.0,No
CUST-05059,Male,0,Yes,No,51,Yes,No,Fiber optic,No,Yes,Yes,No,No,No,Month-to-month,Yes,Bank transfer (automatic),102.46,5620.55,2,3,3.9,Yes
CUST-05060,Female,1,Yes,No,35,Yes,Yes,Fiber optic,No,No,Yes,No,Yes,Yes,Month-to-month,Yes,Bank transfer (automatic),117.39,4361.96,3,2,3.9,Yes
CUST-05061,Female,0,Yes,No,20,Yes,No,Fiber optic,No,No,No,Yes,Yes,Yes,Month-to-month,No,Electronic check,70.56,1342.2,3,1,5.0,Yes
CUST-05062,Female,0,Yes,Yes,50,Yes,Yes,Fiber optic,Yes,No,No,No,Yes,Yes,One year,Yes,Mailed check,100.68,5241.43,3,0,5.0,No
CUST-05063,Female,0,No,Yes,20,Yes,Yes,Fiber optic,No,No,No,No,No,Yes,Month-to-month,Yes,Electronic check,82.54,1556.47,4,3,4.4,Yes
CUST-05064,Female,0,Yes,Yes,65,Yes,No,DSL,No,No,No,Yes,Yes,No,Month-to-month,Yes,Bank transfer (automatic),69.3,4608.13,2,2,4.2,No
CUST-05065,Female,1,Yes,No,45,Yes,No,Fiber optic,Yes,No,Yes,Yes,No,No,Month-to-month,Yes,Electronic check,85.57,3799.45,3,1,5.0,No
CUST-05066,Female,0,No,No,32,Yes,No,No,No internet service,No internet service,No internet service,No internet service,No internet service,No internet service,Month-to-month,Yes,Mailed check,25.26,808.61,0,2,4.8,No
CUST-05067,Female,0,No,No,17,Yes,No,DSL,No,No,No,No,Yes,Yes,Month-to-month,Yes,Electronic check,56.37,1017.6,2,3,3.6,No
CUST-05068,Male,0,No,No,55,Yes,No,DSL,No,Yes,No,Yes,Yes,No,Month-to-month,Yes,Credit card (automatic),58.8,3207.2,3,0,4.8,No
CUST-05069,Male,0,No,No,44,No,No phone service,No,No internet service,No internet service,No internet service,No internet service,No internet service,No internet service,Month-to-month,Yes,Electronic check,40.31,1689.83,3,2,3.9,No
CUST-05070,Female,1,No,Yes,64,Yes,No,DSL,No,No,No,Yes,No,No,Month-to-month,Yes,Mailed check,78.75,5050.39,0,1,3.9,No
CUST-05071,Female,0,No,Yes,51,No,No phone service,Fiber optic,Yes,Yes,No,No,No,No,One year,Yes,Mailed check,80.75,4180.11,7,0,3.9,No
CUST-05072,Female,0,No,No,57,Yes,No,DSL,No,Yes,No,No,Yes,Yes,Two year,Yes,Electronic check,68.02,3702.46,1,1,4.8,No
CUST-05073,Male,0,No,No,7,Yes,No,Fiber optic,No,Yes,Yes,No,Yes,No,Month-to-month,Yes,Credit card (automatic),120.0,791.48,5,0,4.3,Yes
CUST-05074,Female,0,No,No,2,Yes,Yes,Fiber optic,No,No,Yes,No,No,Yes,Two year,Yes,Electronic check,107.03,221.91,5,1,3.7,Yes
CUST-05075,Male,1,Yes,Yes,48,Yes,No,Fiber optic,Yes,Yes,Yes,No,No,No,Month-to-month,Yes,Electronic check,94.22,4384.05,0,2,4.5,Yes
CUST-05076,Male,0,Yes,No,1,Yes,No,Fiber optic,No,No,Yes,No,No,Yes,One year,Yes,Credit card (automatic),82.35,84.37,1,0,3.8,Yes
CUST-05077,Male,0,Yes,Yes,65,Yes,Yes,DSL,No,Yes,No,Yes,No,Yes,Month-to-month,No,Mailed check,77.39,4874.39,3,2,3.9,Yes
CUST-05078,Male,0,Yes,No,64,Yes,No,Fiber optic,No,Yes,Yes,No,Yes,No,Two year,Yes,Bank transfer (automatic),100.81,6156.35,2,1,5.0,No
CUST-05079,Female,1,Yes,Yes,43,Yes,Yes,Fiber optic,No,Yes,No,No,No,Yes,One year,Yes,Bank transfer (automatic),99.86,4023.89,3,0,4.7,No
CUST-05080,Female,1,No,Yes,53,Yes,Yes,Fiber optic,No,No,No,Yes,No,No,One year,Yes,Mailed check,73.51,4169.73,2,1,4.7,No
CUST-05081,Male,0,No,No,31,Yes,No,Fiber optic,Yes,Yes,No,Yes,No,Yes,Month-to-month,Yes,Mailed check,114.6,3670.68,1,2,4.6,No
CUST-05082,Female,0,Yes,No,69,Yes,Yes,No,No internet service,No internet service,No internet service,No internet service,No internet service,No internet service,Two year,Yes,Electronic check,24.91,1607.3,2,2,4.0,Yes
CUST-05083,Male,0,Yes,No,3,Yes,No,DSL,No,No,No,No,No,Yes,Two year,Yes,Electronic check,44.77,125.58,3,0,4.5,No
CUST-05084,Male,0,Yes,Yes,22,Yes,Yes,DSL,No,No,Yes,Yes,Yes,Yes,Month-to-month,Yes,Bank transfer (automatic),48.22,1001.96,1,2,3.8,Yes
CUST-05085,Female,0,No,No,51,Yes,Yes,No,No internet service,No internet service,No internet service,No internet service,No internet service,No internet service,Month-to-month,No,Mailed check,18.24,929.22,4,3,3.1,No
CUST-05086,Male,0,Yes,No,57,Yes,No,Fiber optic,No,No,Yes,No,No,Yes,Two year,Yes,Electronic check,113.0,6390.44,3,0,4.8,Yes
CUST-05087,Female,1,Yes,No,18,Yes,No,DSL,Yes,Yes,No,No,No,No,One year,No,Credit card (automatic),42.7,791.93,1,1,5.0,No
CUST-05088,Male,0,Yes,Yes,58,Yes,No,No,No internet service,No internet service,No internet service,No internet service,No internet service,No internet service,Month-to-month,Yes,Mailed check,37.36,2213.17,1,2,4.0,No
CUST-05089,Male,0,No,No,34,Yes,No,Fiber optic,No,Yes,Yes,Yes,No,No,Month-to-month,No,Electronic check,117.24,4190.13,2,1,4.7,No
CUST-05090,Female,0,Yes,No,62,No,No phone service,Fiber optic,No,No,No,No,No,No,One year,Yes,Mailed check,111.63,6732.45,0,1,4.1,No
CUST-05091,Female,0,No,No,20,No,No phone service,Fiber optic,No,No,Yes,No,No,No,Two year,Yes,Bank transfer (automatic),80.57,1706.14,4,0,4.0,No
CUST-05092,Male,0,No,No,50,Yes,No,Fiber optic,No,Yes,No,No,Yes,Yes,Month-to-month,No,Electronic check,92.81,4739.61,4,2,4.6,No
CUST-05093,Male,0,No,No,15,Yes,Yes,Fiber optic,No,Yes,No,No,Yes,No,Month-to-month,No,Electronic check,94.15,1350.06,2,2,4.7,Yes
CUST-05094,Female,1,No,Yes,10,Yes,No,DSL,Yes,No,No,No,Yes,Yes,Month-to-month,No,Credit card (automatic),43.81,468.26,0,1,3.4,No
CUST-05095,Male,0,Yes,Yes,51,Yes,No,Fiber optic,Yes,Yes,No,Yes,Yes,No,Two year,No,Bank transfer (automatic),114.42,6142.07,2,0,4.3,No
CUST-05096,Male,1,Yes,Yes,50,Yes,Yes,Fiber optic,No,No,Yes,No,No,No,Two year,Yes,Mailed check,99.26,4621.57,4,0,5.0,No
CUST-05097,Female,0,No,No,22,Yes,No,Fiber optic,No,No,No,Yes,Yes,Yes,One year,Yes,Credit card (automatic),110.26,2482.69,1,0,5.0,Yes
CUST-05098,Male,0,Yes,Yes,44,Yes,No,Fiber optic,Yes,No,No,No,Yes,No,Month-to-month,Yes,Electronic check,72.98,3216.52,2,0,4.7,No
CUST-05099,Female,0,No,Yes,68,No,No phone service,DSL,No,No,No,No,Yes,No,One year,No,Bank transfer (automatic),69.23,5013.2,2,1,5.0,No
CUST-05100,Male,1,No,No,25,Yes,No,Fiber optic,No,No,No,No,No,No,One year,Yes,Electronic check,86.58,2122.61,2,1,3.8,No
CUST-05101,Female,0,Yes,Yes,37,Yes,No,DSL,No,No,No,Yes,No,No,Two year,No,Electronic check,63.35,2278.75,0,2,4.6,No
CUST-05102,Female,0,Yes,No,16,Yes,Yes,No,No internet service,No internet service,No internet service,No internet service,No internet service,No internet service,One year,No,Electronic check,40.74,,2,0,5.0,No
CUST-05103,Male,0,No,No,38,Yes,No,Fiber optic,No,No,Yes,No,Yes,No,One year,Yes,Electronic check,79.12,2887.11,2,0,4.5,Yes
CUST-05104,Male,0,No,No,64,Yes,No,Fiber optic,No,Yes,Yes,Yes,No,No,Two year,Yes,Credit card (automatic),99.23,6560.56,3,0,4.2,No
CUST-05105,Male,0,No,No,46,No,No phone service,Fiber optic,Yes,No,No,No,No,No,Month-to-month,Yes,Mailed check,90.78,4079.4,0,1,4.3,No
CUST-05106,Female,0,Yes,No,11,Yes,Yes,DSL,No,No,No,No,No,No,One year,Yes,Electronic check,45.97,545.92,0,0,5.0,No
CUST-05107,Female,0,No,No,54,Yes,No,Fiber optic,No,Yes,No,No,No,Yes,Two year,No,Credit card (automatic),86.06,4990.09,5,0,4.4,No
CUST-05108,Female,0,Yes,No,31,Yes,No,DSL,No,No,Yes,No,Yes,No,Month-to-month,No,Mailed check,78.45,2516.98,0,1,5.0,Yes
CUST-05109,Male,0,Yes,No,2,Yes,No,Fiber optic,Yes,No,No,Yes,No,No,Month-to-month,No,Electronic check,97.45,195.17,2,1,4.2,No
CUST-05110,Male,0,No,Yes,45,Yes,No,DSL,Yes,No,Yes,No,Yes,Yes,Month-to-month,Yes,Mailed check,47.27,2104.21,1,1,4.6,No
CUST-05111,Female,0,No,No,22,No,No phone service,Fiber optic,No,No,Yes,Yes,Yes,No,Two year,No,Electronic check,103.27,2249.48,4,0,4.4,No
CUST-05112,Female,0,Yes,No,70,Yes,No,DSL,No,No,No,No,Yes,No,One year,No,Mailed check,59.01,4295.59,2,1,3.9,No
CUST-05113,Female,1,No,No,72,Yes,Yes,DSL,No,Yes,Yes,No,Yes,No,One year,No,Mailed check,55.55,3914.0,2,1,4.1,No
CUST-05114,Male,0,Yes,No,49,Yes,No,Fiber optic,No,Yes,No,No,Yes,Yes,One year,Yes,Credit card (automatic),115.52,6102.79,2,0,5.0,No
CUST-05115,Male,0,Yes,No,46,Yes,Yes,Fiber optic,Yes,Yes,No,No,Yes,No,Month-to-month,Yes,Bank transfer (automatic),103.59,4863.77,2,0,4.2,No
CUST-05116,Male,1,Yes,No,22,Yes,No,DSL,No,No,No,No,Yes,No,Month-to-month,Yes,Bank transfer (automatic),45.02,1023.97,0,1,5.0,No
CUST-05117,Male,0,No,No,6,Yes,Yes,Fiber optic,No,No,Yes,No,No,Yes,Month-to-month,Yes,Credit card (automatic),94.26,601.15,2,1,4.2,No
CUST-05118,Male,0,Yes,Yes,5,Yes,Yes,No,No internet service,No internet service,No internet service,No internet service,No internet service,No internet service,Month-to-month,No,Electronic check,48.29,255.43,2,1,4.2,No
CUST-05119,Female,0,No,No,34,Yes,No,Fiber optic,No,No,Yes,No,No,No,Two year,Yes,Mailed check,85.5,2968.67,2,0,4.5,No
CUST-05120,Male,0,Yes,Yes,23,Yes,Yes,Fiber optic,Yes,No,No,No,Yes,No,Two year,No,Bank transfer (automatic),81.0,1808.08,4,3,4.1,No
CUST-05121,Female,0,Yes,No,70,Yes,Yes,DSL,Yes,No,No,No,No,No,Month-to-month,Yes,Mailed check,41.25,2995.14,2,0,4.8,No
CUST-05122,Female,0,Yes,No,22,No,No phone service,DSL,Yes,No,Yes,No,Yes,No,Month-to-month,Yes,Electronic check,56.85,1248.88,1,4,3.7,No
CUST-05123,Female,0,Yes,No,16,Yes,No,DSL,Yes,No,No,No,No,No,Month-to-month,Yes,Electronic check,51.04,759.24,0,3,4.0,Yes
CUST-05124,Female,0,No,No,59,Yes,Yes,No,No internet service,No internet service,No internet service,No internet service,No internet service,No internet service,One year,Yes,Electronic check,41.3,2445.71,2,1,4.0,No
CUST-05125,Male,1,No,No,61,Yes,Yes,DSL,No,No,No,No,Yes,No,Month-to-month,Yes,Electronic check,67.66,3995.55,0,1,5.0,No
CUST-05126,Female,0,No,No,28,Yes,No,DSL,No,Yes,Yes,No,No,No,Month-to-month,No,Mailed check,69.44,1830.38,2,2,4.3,No
CUST-05127,Male,0,Yes,Yes,6,Yes,No,DSL,No,No,No,No,Yes,Yes,One year,No,Credit card (automatic),56.52,351.53,1,2,4.5,No
CUST-05128,Female,0,No,No,8,Yes,Yes,No,No internet service,No internet service,No internet service,No internet service,No internet service,No internet service,One year,No,Bank transfer (automatic),31.83,235.14,0,0,4.7,No
CUST-05129,Female,0,No,Yes,38,Yes,Yes,Fiber optic,Yes,Yes,No,No,Yes,No,Month-to-month,Yes,Credit card (automatic),69.25,2594.66,0,0,5.0,No
CUST-05130,Female,0,Yes,Yes,63,Yes,No,No,No internet service,No internet service,No internet service,No internet service,No internet service,No internet service,Month-to-month,No,Credit card (automatic),38.47,2266.58,5,1,4.2,No
CUST-05131,Male,0,No,No,28,Yes,Yes,Fiber optic,Yes,Yes,No,No,No,No,Month-to-month,Yes,Electronic check,107.9,2891.81,6,5,2.9,No
CUST-05132,Male,1,No,No,2,Yes,No,No,No internet service,No internet service,No internet service,No internet service,No internet service,No internet service,One year,Yes,Bank transfer (automatic),37.08,68.69,1,0,5.0,No
CUST-05133,Male,0,No,No,27,Yes,Yes,No,No internet service,No internet service,No internet service,No internet service,No internet service,No internet service,Month-to-month,No,Bank transfer (automatic),40.9,1120.79,1,2,4.5,No
CUST-05134,Male,0,No,Yes,1,Yes,No,Fiber optic,No,No,No,No,No,No,Month-to-month,Yes,Electronic check,119.97,125.31,0,3,4.3,No
CUST-05135,Female,0,No,No,31,Yes,No,No,No internet service,No internet service,No internet service,No internet service,No internet service,No internet service,Month-to-month,Yes,Mailed check,27.73,828.98,0,5,3.8,No
CUST-05136,Male,0,No,Yes,35,Yes,Yes,No,No internet service,No internet service,No internet service,No internet service,No internet service,No internet service,One year,Yes,Bank transfer (automatic),25.13,882.08,1,1,4.8,No
CUST-05137,Male,0,No,Yes,53,Yes,No,DSL,No,Yes,Yes,No,No,No,Month-to-month,No,Mailed check,57.05,2905.94,2,1,4.1,No
CUST-05138,Female,0,No,Yes,5,Yes,Yes,Fiber optic,No,Yes,No,No,Yes,No,Month-to-month,Yes,Mailed check,120.0,616.91,4,2,4.1,No
CUST-05139,Male,0,Yes,No,35,Yes,No,Fiber optic,Yes,Yes,Yes,No,No,No,Month-to-month,No,Mailed check,94.81,3394.9,1,1,5.0,No
CUST-05140,Female,0,No,No,13,Yes,No,No,No internet service,No internet service,No internet service,No internet service,No internet service,No internet service,Two year,Yes,Electronic check,30.41,398.43,0,0,4.9,No
CUST-05141,Male,0,No,Yes,34,No,No phone service,Fiber optic,No,No,No,Yes,No,Yes,Two year,Yes,Electronic check,85.85,2752.78,2,0,4.2,No
CUST-05142,Male,0,Yes,Yes,71,Yes,No,Fiber optic,No,Yes,Yes,Yes,No,No,Month-to-month,Yes,Electronic check,115.93,7768.86,3,3,4.2,No
CUST-05143,Female,0,No,No,54,Yes,No,DSL,Yes,No,No,Yes,Yes,Yes,Month-to-month,Yes,Mailed check,65.75,3474.0,1,1,4.5,No
CUST-05144,Female,0,No,No,61,Yes,No,No,No internet service,No internet service,No internet service,No internet service,No internet service,No internet service,One year,No,Mailed check,30.6,1945.35,1,0,4.2,No
CUST-05145,Female,0,No,Yes,3,Yes,Yes,DSL,No,No,No,No,No,No,Two year,Yes,Credit card (automatic),66.19,191.96,1,1,5.0,No
CUST-05146,Female,0,No,No,56,Yes,No,Fiber optic,No,Yes,No,Yes,No,Yes,One year,No,Credit card (automatic),97.11,5555.53,5,0,3.8,No
CUST-05147,Male,0,Yes,No,63,Yes,Yes,DSL,Yes,No,No,No,No,Yes,Month-to-month,No,Mailed check,50.14,3393.2,1,2,3.9,Yes
CUST-05148,Female,0,No,No,49,Yes,No,Fiber optic,No,No,Yes,No,Yes,No,Month-to-month,No,Credit card (automatic),92.44,4839.85,2,2,3.3,No
CUST-05149,Male,0,No,Yes,57,Yes,Yes,No,No internet service,No internet service,No internet service,No internet service,No internet service,No internet service,Month-to-month,Yes,Electronic check,23.55,1304.76,0,2,5.0,No
CUST-05150,Female,0,No,No,4,Yes,No,DSL,No,No,No,No,Yes,No,Month-to-month,Yes,Electronic check,74.65,291.56,1,3,3.2,Yes
CUST-05151,Male,0,Yes,No,54,No,No phone service,No,No internet service,No internet service,No internet service,No internet service,No internet service,No internet service,One year,Yes,Mailed check,18.0,1045.91,1,0,4.5,No
CUST-05152,Female,0,Yes,No,61,Yes,Yes,No,No internet service,No internet service,No internet service,No internet service,No internet service,No internet service,One year,No,Mailed check,49.2,3034.37,1,1,4.9,No
CUST-05153,Male,0,No,No,17,Yes,No,DSL,No,Yes,Yes,No,No,No,Month-to-month,No,Mailed check,76.88,1325.43,2,3,4.3,Yes
CUST-05154,Female,1,Yes,No,34,Yes,No,Fiber optic,No,No,Yes,No,No,No,Month-to-month,Yes,Electronic check,105.12,3544.5,4,3,4.3,No
CUST-05155,Female,0,Yes,No,31,Yes,Yes,DSL,No,No,Yes,No,Yes,No,Month-to-month,Yes,Bank transfer (automatic),60.76,1763.64,0,3,4.3,No
CUST-05156,Female,1,No,No,8,Yes,No,DSL,No,No,No,No,No,No,Two year,Yes,Electronic check,72.91,539.02,0,1,5.0,No
CUST-05157,Female,1,No,Yes,10,Yes,No,No,No internet service,No internet service,No internet service,No internet service,No internet service,No internet service,Month-to-month,Yes,Electronic check,47.25,477.42,0,2,4.6,No
CUST-05158,Male,0,No,No,22,No,No phone service,DSL,No,No,Yes,No,Yes,No,Month-to-month,No,Credit card (automatic),47.68,1024.11,2,2,3.9,Yes
CUST-05159,Male,0,No,No,8,No,No phone service,Fiber optic,Yes,Yes,No,No,No,Yes,Two year,No,Credit card (automatic),104.57,841.98,4,1,4.3,No
CUST-05160,Female,0,No,No,37,No,No phone service,DSL,Yes,No,No,No,Yes,No,One year,Yes,Mailed check,61.84,2443.74,1,0,5.0,No
CUST-05161,Male,0,No,No,5,Yes,Yes,DSL,No,Yes,Yes,No,No,No,Month-to-month,No,Mailed check,76.3,407.61,2,2,4.5,Yes
CUST-05162,Male,0,No,Yes,1,Yes,No,Fiber optic,No,No,Yes,No,No,No,Two year,No,Credit card (automatic),85.04,81.47,4,1,5.0,No
CUST-05163,Male,0,No,No,46,Yes,No,Fiber optic,No,No,No,Yes,No,No,One year,No,Bank transfer (automatic),115.95,5696.69,5,0,4.8,No
CUST-05164,Female,0,No,No,19,Yes,Yes,No,No internet service,No internet service,No internet service,No internet service,No internet service,No internet service,Two year,No,Electronic check,37.05,650.56,0,1,5.0,No
CUST-05165,Male,0,Yes,No,28,Yes,No,DSL,No,Yes,Yes,Yes,Yes,No,One year,Yes,Mailed check,52.32,1510.74,2,1,4.2,No
CUST-05166,Male,0,Yes,No,25,Yes,No,Fiber optic,No,Yes,Yes,Yes,Yes,No,Two year,No,Mailed check,120.0,2877.93,1,0,4.5,No
CUST-05167,Female,0,No,Yes,34,Yes,No,Fiber optic,No,Yes,Yes,No,No,No,One year,Yes,Mailed check,88.63,2875.06,4,0,4.9,No
CUST-05168,Male,1,No,Yes,34,Yes,No,Fiber optic,No,Yes,Yes,No,No,No,One year,No,Electronic check,99.71,3354.13,2,0,5.0,No
CUST-05169,Male,0,No,No,10,Yes,Yes,Fiber optic,No,No,No,No,No,No,Two year,No,Bank transfer (automatic),98.57,935.82,5,0,4.6,No
CUST-05170,Male,0,No,No,1,No,No phone service,DSL,No,No,Yes,No,No,No,Month-to-month,Yes,Bank transfer (automatic),38.86,40.77,0,2,4.9,No
CUST-05171,Female,1,No,No,32,Yes,Yes,Fiber optic,Yes,Yes,No,No,No,Yes,Month-to-month,Yes,Credit card (automatic),87.72,2677.06,6,1,3.5,Yes
CUST-05172,Male,0,Yes,No,41,Yes,No,Fiber optic,No,Yes,No,No,No,No,Month-to-month,Yes,Bank transfer (automatic),106.94,4729.9,2,3,4.7,No
CUST-05173,Female,0,No,No,56,Yes,No,No,No internet service,No internet service,No internet service,No internet service,No internet service,No internet service,Month-to-month,Yes,Electronic check,33.36,1935.19,2,3,4.5,No
CUST-05174,Male,0,No,No,15,Yes,No,DSL,Yes,No,No,Yes,No,Yes,Month-to-month,Yes,Electronic check,52.98,802.36,0,2,4.5,Yes
CUST-05175,Male,0,Yes,No,7,No,No phone service,DSL,No,Yes,No,No,No,No,Month-to-month,No,Mailed check,63.47,421.45,3,4,5.0,No
CUST-05176,Male,1,No,No,44,Yes,No,Fiber optic,No,No,Yes,No,No,No,One year,No,Mailed check,87.21,4012.66,1,0,5.0,No
CUST-05177,Male,0,No,No,65,Yes,Yes,Fiber optic,No,Yes,Yes,No,No,No,Two year,Yes,Bank transfer (automatic),111.97,7382.87,1,0,4.7,No
CUST-05178,Male,0,No,No,18,Yes,No,DSL,No,No,Yes,Yes,No,Yes,Month-to-month,No,Electronic check,48.39,832.69,1,4,4.2,No
CUST-05179,Male,0,Yes,No,7,Yes,Yes,DSL,No,No,No,Yes,No,Yes,Month-to-month,No,Electronic check,62.73,412.46,3,2,4.2,Yes
CUST-05180,Male,0,Yes,No,29,Yes,Yes,DSL,Yes,Yes,No,Yes,No,No,Two year,Yes,Electronic check,66.8,2088.7,2,0,5.0,No
CUST-05181,Female,0,No,Yes,41,Yes,Yes,DSL,No,Yes,Yes,No,No,No,Month-to-month,Yes,Bank transfer (automatic),51.2,2125.13,4,2,3.5,No
CUST-05182,Female,0,No,No,45,Yes,No,DSL,No,Yes,No,Yes,No,No,Month-to-month,No,Electronic check,50.71,2317.46,3,0,4.6,No
CUST-05183,Female,0,No,No,9,Yes,No,No,No internet service,No internet service,No internet service,No internet service,No internet service,No internet service,Two year,Yes,Electronic check,21.46,187.44,1,2,3.8,No
CUST-05184,Female,0,Yes,No,48,Yes,Yes,No,No internet service,No internet service,No internet service,No internet service,No internet service,No internet service,Month-to-month,No,Credit card (automatic),43.35,2001.5,4,1,4.1,No
CUST-05185,Female,0,No,Yes,25,Yes,No,Fiber optic,Yes,Yes,Yes,No,No,No,Two year,No,Bank transfer (automatic),76.99,1876.85,5,1,3.8,No
CUST-05186,Female,1,Yes,No,3,Yes,No,DSL,Yes,No,No,Yes,Yes,Yes,Month-to-month,No,Mailed check,54.83,155.67,1,1,5.0,No
CUST-05187,Female,0,Yes,Yes,67,Yes,No,DSL,No,No,Yes,Yes,No,No,Month-to-month,Yes,Mailed check,57.24,3957.63,1,3,4.3,No
CUST-05188,Male,0,Yes,No,39,Yes,Yes,No,No internet service,No internet service,No internet service,No internet service,No internet service,No internet service,Two year,Yes,Electronic check,37.3,1524.3,2,0,5.0,No
CUST-05189,Female,0,No,No,22,Yes,Yes,No,No internet service,No internet service,No internet service,No internet service,No internet service,No internet service,Two year,Yes,Credit card (automatic),35.69,787.49,2,0,4.5,No
CUST-05190,Male,0,No,No,59,Yes,Yes,DSL,No,No,Yes,No,Yes,No,Month-to-month,Yes,Electronic check,67.74,4301.79,1,5,3.7,No
CUST-05191,Female,0,Yes,No,58,Yes,No,DSL,No,Yes,No,No,Yes,No,Month-to-month,No,Electronic check,48.96,2869.58,1,4,3.1,Yes
CUST-05192,Female,1,No,No,15,Yes,No,DSL,No,No,No,No,Yes,No,Month-to-month,No,Electronic check,69.85,1011.62,1,5,4.8,No
CUST-05193,Male,0,No,No,70,Yes,Yes,Fiber optic,No,Yes,No,No,No,No,Month-to-month,Yes,Electronic check,84.74,5778.63,6,2,3.6,No
CUST-05194,Male,1,No,No,39,Yes,Yes,DSL,Yes,Yes,No,No,No,Yes,Month-to-month,Yes,Credit card (automatic),82.48,3217.59,3,2,4.9,Yes
CUST-05195,Male,1,No,No,19,Yes,No,Fiber optic,No,Yes,No,No,No,Yes,Month-to-month,Yes,Electronic check,113.23,2262.83,4,0,4.5,Yes
CUST-05196,Male,0,No,No,33,Yes,No,DSL,No,Yes,No,No,No,No,One year,Yes,Mailed check,85.75,3051.63,2,1,4.8,No
CUST-05197,Female,0,Yes,No,14,Yes,Yes,DSL,No,Yes,Yes,Yes,No,No,Two year,Yes,Bank transfer (automatic),51.59,669.5,1,1,5.0,No
CUST-05198,Female,0,Yes,Yes,62,Yes,No,Fiber optic,Yes,Yes,No,Yes,No,No,Two year,Yes,Electronic check,107.08,6638.68,2,2,3.5,No
CUST-05199,Female,0,No,No,20,Yes,No,Fiber optic,No,No,Yes,No,Yes,No,Month-to-month,Yes,Mailed check,86.53,1617.19,2,1,4.2,No
CUST-05200,Female,0,No,No,32,Yes,No,DSL,No,No,No,No,Yes,No,Two year,Yes,Mailed check,47.38,1443.57,1,1,5.0,Yes
CUST-05201,Male,0,No,Yes,5,Yes,No,Fiber optic,No,No,Yes,No,Yes,No,Month-to-month,Yes,Bank transfer (automatic),109.0,554.36,3,3,3.6,No
CUST-05202,Male,1,No,Yes,68,No,No phone service,DSL,Yes,No,No,No,No,No,Two year,Yes,Credit card (automatic),45.07,2852.46,2,1,4.1,No
CUST-05203,Female,0,No,No,22,Yes,No,DSL,Yes,Yes,Yes,Yes,No,No,One year,Yes,Electronic check,70.12,1570.4,2,1,4.2,No
CUST-05204,Female,0,No,No,47,Yes,No,DSL,No,No,Yes,No,No,No,Month-to-month,Yes,Electronic check,58.47,2887.24,0,0,5.0,No
CUST-05205,Female,0,No,No,26,Yes,Yes,DSL,No,Yes,No,No,No,No,Two year,Yes,Bank transfer (automatic),46.89,1129.72,2,1,4.0,No
CUST-05206,Male,0,Yes,No,41,Yes,Yes,DSL,Yes,Yes,No,No,No,No,Month-to-month,No,Credit card (automatic),55.11,2191.66,0,3,4.4,No
CUST-05207,Female,0,No,No,41,No,No phone service,Fiber optic,No,Yes,No,No,No,Yes,One year,Yes,Credit card (automatic),102.49,4106.43,2,0,4.7,No
CUST-05208,Female,0,No,No,22,Yes,Yes,No,No internet service,No internet service,No internet service,No internet service,No internet service,No internet service,One year,Yes,Credit card (automatic),23.31,,3,0,4.1,No
CUST-05209,Male,0,Yes,Yes,32,Yes,No,DSL,Yes,No,Yes,No,Yes,Yes,Month-to-month,Yes,Credit card (automatic),63.01,2076.37,1,1,4.9,No
CUST-05210,Male,1,Yes,No,43,Yes,Yes,DSL,No,Yes,Yes,No,No,No,Month-to-month,Yes,Electronic check,54.45,2378.95,2,1,3.9,No
CUST-05211,Male,0,No,No,16,Yes,No,Fiber optic,Yes,No,No,No,No,No,Month-to-month,No,Credit card (automatic),115.14,1815.79,1,1,4.8,Yes
CUST-05212,Male,1,No,No,10,Yes,No,Fiber optic,Yes,No,Yes,No,Yes,Yes,Month-to-month,No,Electronic check,63.19,607.62,3,5,2.8,Yes
CUST-05213,Male,0,Yes,Yes,13,Yes,No,No,No internet service,No internet service,No internet service,No internet service,No internet service,No internet service,Two year,Yes,Mailed check,28.31,361.05,1,0,4.1,No
CUST-05214,Female,0,Yes,No,30,Yes,Yes,DSL,No,Yes,Yes,No,Yes,No,Month-to-month,Yes,Bank transfer (automatic),51.57,1608.36,4,1,4.5,Yes
CUST-05215,Female,0,Yes,No,16,Yes,Yes,Fiber optic,No,No,Yes,Yes,No,Yes,One year,No,Bank transfer (automatic),84.99,1435.8,1,1,4.8,No
CUST-05216,Male,0,Yes,No,21,Yes,Yes,Fiber optic,No,Yes,Yes,No,No,Yes,Month-to-month,Yes,Electronic check,73.48,1488.17,6,1,4.2,No
CUST-05217,Female,1,No,No,50,Yes,No,No,No internet service,No internet service,No internet service,No internet service,No internet service,No internet service,Month-to-month,No,Bank transfer (automatic),25.1,1341.24,1,0,3.9,No
CUST-05218,Female,0,No,No,49,Yes,Yes,DSL,No,Yes,No,No,Yes,Yes,Month-to-month,No,Electronic check,36.23,1673.49,0,2,4.6,No
CUST-05219,Male,0,No,No,68,Yes,Yes,DSL,No,Yes,No,No,Yes,No,Month-to-month,No,Credit card (automatic),73.43,4701.98,0,3,4.5,No
CUST-05220,Male,0,Yes,No,56,Yes,Yes,DSL,No,Yes,Yes,No,No,No,Two year,Yes,Mailed check,81.53,4699.55,0,0,4.7,No
CUST-05221,Male,0,Yes,Yes,31,Yes,No,Fiber optic,No,Yes,Yes,No,Yes,No,Month-to-month,Yes,Electronic check,108.05,3277.0,6,0,3.7,Yes
CUST-05222,Female,0,Yes,No,67,No,No phone service,Fiber optic,No,Yes,Yes,No,No,Yes,Month-to-month,Yes,Electronic check,100.95,6521.72,2,4,4.4,No
CUST-05223,Female,0,No,No,67,Yes,No,Fiber optic,No,Yes,No,No,No,No,Two year,No,Credit card (automatic),111.09,7436.08,4,2,4.2,No
CUST-05224,Female,1,No,No,16,Yes,Yes,DSL,Yes,No,No,No,Yes,Yes,Two year,No,Bank transfer (automatic),73.45,1242.24,0,0,5.0,No
CUST-05225,Female,0,Yes,No,13,Yes,Yes,DSL,No,No,No,Yes,No,Yes,One year,Yes,Mailed check,56.14,762.94,1,1,4.2,No
CUST-05226,Male,0,No,No,64,No,No phone service,Fiber optic,No,No,No,No,No,Yes,Two year,Yes,Bank transfer (automatic),107.27,7158.86,2,1,4.2,No
CUST-05227,Male,0,Yes,No,65,Yes,Yes,DSL,No,Yes,No,No,Yes,Yes,Two year,Yes,Credit card (automatic),57.82,3830.56,3,0,4.3,No
CUST-05228,Female,0,Yes,No,61,Yes,Yes,No,No internet service,No internet service,No internet service,No internet service,No internet service,No internet service,Month-to-month,Yes,Mailed check,30.21,1825.56,0,1,5.0,No
CUST-05229,Male,1,No,Yes,34,Yes,No,No,No internet service,No internet service,No internet service,No internet service,No internet service,No internet service,Month-to-month,Yes,Credit card (automatic),46.71,1540.03,0,3,3.4,No
CUST-05230,Male,0,Yes,No,63,Yes,No,DSL,No,Yes,No,No,No,Yes,Month-to-month,Yes,Electronic check,57.31,3651.99,1,3,3.8,No
CUST-05231,Male,0,No,Yes,56,Yes,Yes,Fiber optic,No,No,Yes,No,Yes,Yes,One year,Yes,Credit card (automatic),109.56,6429.9,4,2,3.0,No
CUST-05232,Male,0,Yes,No,54,Yes,No,DSL,No,No,Yes,No,No,Yes,Two year,Yes,Bank transfer (automatic),49.83,,0,0,5.0,No
CUST-05233,Male,1,No,No,44,Yes,Yes,No,No internet service,No internet service,No internet service,No internet service,No internet service,No internet service,Month-to-month,No,Credit card (automatic),48.16,1963.87,1,1,4.6,No
CUST-05234,Male,0,Yes,No,20,Yes,Yes,Fiber optic,No,Yes,No,No,No,No,Month-to-month,No,Credit card (automatic),114.89,2362.68,2,0,5.0,No
CUST-05235,Male,1,Yes,Yes,54,Yes,Yes,DSL,No,No,Yes,Yes,No,No,Month-to-month,Yes,Credit card (automatic),57.82,3099.98,0,1,4.7,No
CUST-05236,Female,0,Yes,No,64,Yes,Yes,Fiber optic,No,No,No,Yes,Yes,No,Two year,No,Bank transfer (automatic),65.4,4286.83,4,0,4.2,No
CUST-05237,Female,1,No,No,64,Yes,Yes,DSL,No,Yes,No,No,No,No,One year,Yes,Bank transfer (automatic),48.82,3341.63,1,0,5.0,No
CUST-05238,Female,0,No,No,44,Yes,No,DSL,Yes,No,No,No,No,No,Month-to-month,Yes,Mailed check,60.27,2775.78,2,4,4.3,Yes
CUST-05239,Female,0,No,No,3,Yes,No,DSL,No,Yes,No,No,No,No,One year,Yes,Mailed check,55.36,157.8,3,0,4.2,No
CUST-05240,Female,0,Yes,No,54,Yes,No,Fiber optic,No,No,No,Yes,Yes,No,One year,Yes,Bank transfer (automatic),101.11,5318.19,4,0,5.0,No
CUST-05241,Male,0,Yes,No,19,Yes,No,DSL,Yes,Yes,No,No,Yes,Yes,Month-to-month,No,Electronic check,40.35,827.26,1,2,5.0,No
CUST-05242,Female,1,Yes,Yes,15,Yes,Yes,No,No internet service,No internet service,No internet service,No internet service,No internet service,No internet service,Two year,No,Electronic check,33.9,472.61,0,1,4.9,No
CUST-05243,Female,1,No,Yes,6,Yes,Yes,Fiber optic,No,No,No,No,Yes,No,Month-to-month,Yes,Mailed check,86.45,479.96,2,1,3.8,Yes
CUST-05244,Female,0,Yes,No,12,Yes,Yes,No,No internet service,No internet service,No internet service,No internet service,No internet service,No internet service,One year,No,Credit card (automatic),45.5,507.58,2,0,3.9,No
CUST-05245,Male,1,Yes,No,36,Yes,No,DSL,Yes,Yes,No,Yes,Yes,Yes,Month-to-month,No,Electronic check,67.61,2539.21,0,1,4.4,No
CUST-05246,Male,0,No,Yes,20,Yes,Yes,No,No internet service,No internet service,No internet service,No internet service,No internet service,No internet service,One year,Yes,Electronic check,30.93,627.49,1,0,4.9,No
CUST-05247,Female,0,No,Yes,28,Yes,Yes,Fiber optic,Yes,No,No,No,No,Yes,Two year,Yes,Credit card (automatic),83.4,2222.46,3,1,4.6,No
CUST-05248,Female,0,Yes,No,37,Yes,No,Fiber optic,No,Yes,No,No,Yes,No,One year,No,Mailed check,104.29,3987.52,4,0,4.4,No
CUST-05249,Female,0,Yes,Yes,38,Yes,Yes,No,No internet service,No internet service,No internet service,No internet service,No internet service,No internet service,One year,Yes,Mailed check,46.21,1832.48,3,1,4.9,No
CUST-05250,Female,0,Yes,No,30,Yes,No,Fiber optic,No,No,No,Yes,No,No,One year,No,Electronic check,88.81,2760.18,0,1,4.5,No
CUST-05251,Male,0,No,No,33,Yes,Yes,Fiber optic,No,No,Yes,No,Yes,No,One year,No,Bank transfer (automatic),115.01,3672.14,3,0,3.6,No
CUST-05252,Male,0,Yes,No,64,Yes,No,No,No internet service,No internet service,No internet service,No internet service,No internet service,No internet service,Two year,No,Bank transfer (automatic),46.7,2874.32,1,0,5.0,No
CUST-05253,Female,0,No,No,21,Yes,No,DSL,No,Yes,No,No,Yes,Yes,Two year,Yes,Electronic check,86.23,1731.07,0,0,5.0,No
CUST-05254,Female,0,Yes,Yes,1,Yes,Yes,DSL,Yes,No,No,Yes,Yes,Yes,One year,Yes,Bank transfer (automatic),75.54,74.13,1,2,4.0,No
CUST-05255,Male,0,No,Yes,58,Yes,Yes,No,No internet service,No internet service,No internet service,No internet service,No internet service,No internet service,Month-to-month,Yes,Credit card (automatic),26.9,1455.05,0,3,5.0,No
CUST-05256,Male,0,No,Yes,6,Yes,No,No,No internet service,No internet service,No internet service,No internet service,No internet service,No internet service,Month-to-month,Yes,Mailed check,34.74,210.97,2,1,4.5,No
CUST-05257,Male,0,Yes,No,56,Yes,No,Fiber optic,Yes,No,Yes,No,No,No,Month-to-month,Yes,Electronic check,89.56,4808.25,4,2,4.3,Yes
CUST-05258,Male,0,Yes,No,24,Yes,Yes,No,No internet service,No internet service,No internet service,No internet service,No internet service,No internet service,Month-to-month,No,Bank transfer (automatic),19.81,478.62,1,0,4.9,No
CUST-05259,Female,0,Yes,Yes,61,No,No phone service,No,No internet service,No internet service,No internet service,No internet service,No internet service,No internet service,Two year,Yes,Electronic check,30.31,1707.96,3,0,4.2,No
CUST-05260,Male,0,No,No,13,Yes,Yes,Fiber optic,Yes,No,No,No,Yes,No,Month-to-month,Yes,Electronic check,87.01,1089.24,2,2,5.0,Yes
CUST-05261,Female,0,No,No,12,Yes,Yes,DSL,No,No,No,No,No,Yes,Month-to-month,Yes,Bank transfer (automatic),53.87,597.15,1,0,5.0,Yes
CUST-05262,Male,0,No,Yes,30,Yes,No,Fiber optic,No,Yes,No,Yes,Yes,No,Month-to-month,No,Credit card (automatic),74.39,2161.6,4,1,4.8,Yes
CUST-05263,Female,0,Yes,Yes,31,Yes,Yes,Fiber optic,No,No,Yes,No,No,No,Month-to-month,No,Electronic check,74.27,2245.15,5,3,3.1,Yes
CUST-05264,Male,1,Yes,No,52,Yes,No,DSL,Yes,No,Yes,No,Yes,No,Month-to-month,No,Mailed check,51.72,2667.04,2,4,3.7,No
CUST-05265,Female,0,No,No,47,Yes,No,No,No internet service,No internet service,No internet service,No internet service,No internet service,No internet service,Month-to-month,Yes,Bank transfer (automatic),38.07,1698.07,0,1,4.9,No
CUST-05266,Female,1,No,No,72,Yes,No,Fiber optic,No,No,No,No,No,No,One year,No,Bank transfer (automatic),95.39,7267.24,3,0,4.6,No
CUST-05267,Female,1,No,Yes,49,Yes,Yes,No,No internet service,No internet service,No internet service,No internet service,No internet service,No internet service,Two year,Yes,Electronic check,44.12,2258.92,0,0,5.0,No
CUST-05268,Female,0,No,No,15,No,No phone service,Fiber optic,No,Yes,No,Yes,No,Yes,One year,No,Electronic check,116.04,1832.8,6,0,3.9,No
CUST-05269,Female,0,No,Yes,7,Yes,No,DSL,No,No,Yes,No,No,Yes,One year,No,Bank transfer (automatic),55.56,391.83,3,1,5.0,No
CUST-05270,Female,0,No,No,20,Yes,Yes,Fiber optic,No,No,No,No,No,Yes,One year,Yes,Credit card (automatic),93.36,1905.28,2,0,4.2,No
CUST-05271,Male,0,No,No,71,Yes,Yes,Fiber optic,Yes,No,No,Yes,Yes,Yes,Two year,Yes,Credit card (automatic),74.22,5089.33,1,1,5.0,No
CUST-05272,Male,0,No,No,56,No,No phone service,Fiber optic,Yes,No,No,No,Yes,No,One year,No,Credit card (automatic),72.21,3938.44,6,0,4.5,Yes
CUST-05273,Male,1,No,Yes,54,Yes,No,DSL,No,Yes,Yes,No,No,No,Month-to-month,No,Credit card (automatic),68.57,3876.43,1,2,4.0,No
CUST-05274,Male,0,No,Yes,20,No,No phone service,No,No internet service,No internet service,No internet service,No internet service,No internet service,No internet service,Month-to-month,Yes,Electronic check,30.75,620.74,2,1,4.2,No
CUST-05275,Female,0,Yes,No,34,Yes,No,DSL,No,Yes,No,No,No,No,Month-to-month,Yes,Electronic check,48.17,1704.26,2,2,4.6,No
CUST-05276,Male,0,No,Yes,51,Yes,Yes,Fiber optic,No,Yes,Yes,No,No,No,Month-to-month,Yes,Electronic check,107.6,5423.09,10,2,3.1,Yes
CUST-05277,Male,0,No,No,69,Yes,Yes,Fiber optic,Yes,No,Yes,No,Yes,Yes,Two year,Yes,Bank transfer (automatic),108.26,8048.35,1,0,5.0,No
CUST-05278,Female,0,Yes,Yes,43,Yes,Yes,No,No internet service,No internet service,No internet service,No internet service,No internet service,No internet service,Month-to-month,Yes,Mailed check,23.94,1013.9,4,3,4.2,No
CUST-05279,Male,1,No,Yes,2,Yes,Yes,DSL,No,No,No,Yes,Yes,No,Month-to-month,Yes,Credit card (automatic),62.18,130.97,2,1,4.2,No
CUST-05280,Male,0,Yes,No,62,Yes,No,DSL,No,No,Yes,Yes,Yes,No,Month-to-month,Yes,Electronic check,78.17,4590.41,0,2,4.4,No
CUST-05281,Female,0,Yes,Yes,68,Yes,Yes,No,No internet service,No internet service,No internet service,No internet service,No internet service,No internet service,Month-to-month,Yes,Electronic check,28.09,1793.05,0,3,4.4,No
CUST-05282,Female,0,Yes,No,3,Yes,Yes,No,No internet service,No internet service,No internet service,No internet service,No internet service,No internet service,Month-to-month,Yes,Electronic check,35.11,110.23,1,1,5.0,No
CUST-05283,Female,0,No,No,29,Yes,No,DSL,No,No,Yes,No,No,No,One year,Yes,Electronic check,55.26,,3,2,4.3,Yes
CUST-05284,Female,0,No,Yes,71,Yes,No,No,No internet service,No internet service,No internet service,No internet service,No internet service,No internet service,Month-to-month,Yes,Mailed check,40.59,2690.4,3,1,3.9,Yes
CUST-05285,Female,0,No,No,69,Yes,No,No,No internet service,No internet service,No internet service,No internet service,No internet service,No internet service,Month-to-month,No,Mailed check,21.35,,2,0,4.4,No
CUST-05286,Female,0,Yes,No,70,Yes,Yes,DSL,No,No,No,No,Yes,Yes,One year,No,Electronic check,44.05,3076.54,1,0,4.8,No
CUST-05287,Male,0,No,No,71,Yes,Yes,Fiber optic,No,Yes,No,Yes,No,Yes,Two year,Yes,Bank transfer (automatic),117.52,8682.87,3,1,4.8,No
CUST-05288,Female,1,Yes,No,2,Yes,No,DSL,No,Yes,No,No,No,No,Month-to-month,Yes,Electronic check,52.68,97.12,3,2,4.0,No
CUST-05289,Male,0,Yes,No,11,Yes,Yes,No,No internet service,No internet service,No internet service,No internet service,No internet service,No internet service,Month-to-month,Yes,Electronic check,22.63,244.35,1,0,5.0,No
CUST-05290,Male,0,Yes,No,36,Yes,Yes,DSL,No,No,No,No,No,No,Month-to-month,Yes,Mailed check,57.51,1993.51,4,3,3.1,No
CUST-05291,Female,0,No,No,44,Yes,No,Fiber optic,Yes,No,Yes,No,No,Yes,Month-to-month,No,Credit card (automatic),79.05,3475.37,2,0,4.9,No
CUST-05292,Female,1,Yes,No,29,Yes,No,No,No internet service,No internet service,No internet service,No internet service,No internet service,No internet service,Month-to-month,Yes,Credit card (automatic),27.39,855.8,1,1,4.5,No
CUST-05293,Male,0,No,No,20,Yes,No,DSL,Yes,No,Yes,Yes,No,Yes,Two year,No,Electronic check,55.82,1092.21,1,2,4.0,No
CUST-05294,Female,0,No,Yes,19,Yes,Yes,Fiber optic,No,No,No,No,No,No,Month-to-month,No,Electronic check,89.94,1725.14,1,1,4.3,Yes
CUST-05295,Female,0,Yes,Yes,44,No,No phone service,DSL,No,No,Yes,No,No,Yes,Month-to-month,No,Bank transfer (automatic),56.55,2638.16,2,1,5.0,No
CUST-05296,Female,0,No,Yes,71,Yes,Yes,DSL,No,Yes,Yes,No,No,Yes,One year,No,Credit card (automatic),50.51,3711.87,2,1,5.0,No
CUST-05297,Male,0,Yes,Yes,60,Yes,No,No,No internet service,No internet service,No internet service,No internet service,No internet service,No internet service,Two year,Yes,Mailed check,26.83,1679.56,1,0,5.0,No
CUST-05298,Female,0,Yes,No,13,Yes,Yes,No,No internet service,No internet service,No internet service,No internet service,No internet service,No internet service,Month-to-month,Yes,Bank transfer (automatic),43.36,536.55,1,3,4.0,No
CUST-05299,Male,0,Yes,No,11,No,No phone service,Fiber optic,Yes,No,No,No,No,No,Month-to-month,Yes,Bank transfer (automatic),90.0,991.83,0,3,4.5,No
CUST-05300,Female,0,No,Yes,19,Yes,No,No,No internet service,No internet service,No internet service,No internet service,No internet service,No internet service,Month-to-month,No,Bank transfer (automatic),29.4,597.9,1,0,4.8,No
CUST-05301,Male,0,No,No,53,Yes,No,DSL,No,Yes,No,No,No,No,Two year,Yes,Credit card (automatic),51.05,2622.75,0,3,5.0,No
CUST-05302,Female,0,No,No,1,Yes,No,Fiber optic,No,No,Yes,No,No,No,Two year,No,Bank transfer (automatic),100.33,97.13,4,0,4.0,No
CUST-05303,Male,0,No,No,51,Yes,Yes,No,No internet service,No internet service,No internet service,No internet service,No internet service,No internet service,Two year,No,Electronic check,31.14,1481.3,2,0,4.9,No
CUST-05304,Male,0,Yes,No,42,Yes,No,No,No internet service,No internet service,No internet service,No internet service,No internet service,No internet service,Month-to-month,Yes,Credit card (automatic),27.23,1158.59,2,1,4.8,No
CUST-05305,Male,0,No,No,48,Yes,Yes,Fiber optic,No,No,Yes,Yes,No,Yes,Month-to-month,Yes,Mailed check,105.33,5062.42,9,1,3.0,No
CUST-05306,Female,0,Yes,No,62,No,No phone service,DSL,Yes,No,No,No,Yes,No,Month-to-month,Yes,Electronic check,79.15,5202.6,2,4,3.2,No
CUST-05307,Male,0,Yes,Yes,43,Yes,Yes,Fiber optic,No,No,No,Yes,No,Yes,Month-to-month,Yes,Bank transfer (automatic),112.76,4828.28,5,2,3.7,No
CUST-05308,Female,0,No,Yes,45,Yes,Yes,DSL,No,Yes,Yes,No,Yes,No,Month-to-month,Yes,Credit card (automatic),71.29,3256.16,0,1,4.7,No
CUST-05309,Male,0,Yes,No,35,Yes,Yes,No,No internet service,No internet service,No internet service,No internet service,No internet service,No internet service,Month-to-month,Yes,Bank transfer (automatic),32.57,1172.72,0,0,5.0,No
CUST-05310,Male,1,Yes,Yes,47,Yes,No,DSL,No,No,No,Yes,Yes,Yes,Two year,Yes,Electronic check,66.75,3236.76,0,1,4.8,No
CUST-05311,Female,1,Yes,Yes,28,Yes,Yes,Fiber optic,No,No,No,No,No,Yes,One year,Yes,Mailed check,119.64,3616.57,2,3,4.3,No
CUST-05312,Female,0,Yes,Yes,5,Yes,No,DSL,Yes,Yes,Yes,No,No,No,Month-to-month,No,Bank transfer (automatic),70.94,337.37,2,3,4.7,No
CUST-05313,Male,0,No,No,2,Yes,Yes,Fiber optic,No,No,No,No,No,Yes,Month-to-month,No,Mailed check,107.9,209.03,5,0,3.8,Yes
CUST-05314,Male,0,No,No,52,Yes,Yes,No,No internet service,No internet service,No internet service,No internet service,No internet service,No internet service,Two year,No,Electronic check,28.45,1531.54,1,0,4.4,No
CUST-05315,Male,0,No,No,46,No,No phone service,Fiber optic,No,Yes,No,No,No,No,Two year,Yes,Credit card (automatic),120.0,5560.91,2,0,3.6,No
CUST-05316,Female,0,Yes,No,30,Yes,Yes,No,No internet service,No internet service,No internet service,No internet service,No internet service,No internet service,Month-to-month,No,Electronic check,27.27,801.73,2,2,5.0,Yes
CUST-05317,Female,1,No,No,54,Yes,No,Fiber optic,Yes,No,No,No,No,No,Two year,No,Electronic check,114.95,5900.18,2,0,5.0,No
CUST-05318,Male,1,No,No,35,Yes,No,DSL,No,No,No,No,No,No,Month-to-month,No,Bank transfer (automatic),49.96,1699.9,0,2,4.2,No
CUST-05319,Female,0,No,No,19,Yes,No,No,No internet service,No internet service,No internet service,No internet service,No internet service,No internet service,One year,Yes,Electronic check,47.74,971.21,0,1,4.7,No
CUST-05320,Male,0,No,Yes,43,Yes,Yes,DSL,Yes,Yes,Yes,No,No,No,One year,Yes,Credit card (automatic),57.63,2500.9,3,1,3.6,No
CUST-05321,Male,0,No,Yes,28,Yes,Yes,DSL,No,No,No,No,No,No,One year,Yes,Credit card (automatic),42.12,1227.9,0,1,5.0,No
CUST-05322,Female,0,No,No,71,No,No phone service,Fiber optic,No,No,No,Yes,No,No,Month-to-month,No,Mailed check,103.01,7053.36,3,3,3.0,No
CUST-05323,Female,0,No,No,52,Yes,No,DSL,No,No,No,No,Yes,No,Month-to-month,Yes,Mailed check,35.57,1853.17,1,0,4.7,No
CUST-05324,Male,1,Yes,No,54,Yes,No,No,No internet service,No internet service,No internet service,No internet service,No internet service,No internet service,Month-to-month,Yes,Credit card (automatic),28.05,1438.15,4,0,4.4,No
CUST-05325,Female,1,Yes,No,50,No,No phone service,Fiber optic,No,No,No,Yes,Yes,Yes,Month-to-month,Yes,Bank transfer (automatic),75.23,3799.34,5,1,4.7,No
CUST-05326,Male,0,No,No,50,Yes,Yes,DSL,No,No,No,No,Yes,No,Month-to-month,No,Bank transfer (automatic),53.01,2501.15,1,0,4.8,No
CUST-05327,Female,0,Yes,Yes,56,Yes,No,Fiber optic,Yes,No,No,No,Yes,No,One year,No,Bank transfer (automatic),97.25,5738.28,4,0,4.6,No
CUST-05328,Male,0,Yes,No,32,Yes,Yes,DSL,No,No,No,Yes,Yes,Yes,Month-to-month,No,Credit card (automatic),59.89,1802.61,1,3,5.0,Yes
CUST-05329,Male,0,No,No,60,Yes,Yes,Fiber optic,Yes,No,No,No,No,Yes,Month-to-month,No,Electronic check,77.16,4857.46,3,1,4.2,Yes
CUST-05330,Male,0,Yes,No,3,Yes,No,DSL,No,No,No,No,No,No,Month-to-month,Yes,Electronic check,50.95,142.33,2,1,4.4,No
CUST-05331,Female,0,Yes,Yes,48,Yes,Yes,No,No internet service,No internet service,No internet service,No internet service,No internet service,No internet service,One year,No,Electronic check,36.82,1886.47,2,0,5.0,No
CUST-05332,Female,0,No,Yes,39,Yes,No,DSL,Yes,No,No,Yes,No,No,Month-to-month,No,Mailed check,71.34,2935.04,1,1,4.4,No
CUST-05333,Male,0,Yes,No,1,Yes,Yes,DSL,No,No,No,No,Yes,No,Month-to-month,Yes,Electronic check,42.58,43.92,0,4,3.5,Yes
CUST-05334,Female,0,Yes,Yes,48,Yes,No,Fiber optic,No,Yes,No,Yes,Yes,No,Month-to-month,Yes,Bank transfer (automatic),99.6,4910.06,4,1,3.8,Yes
CUST-05335,Female,0,Yes,Yes,1,Yes,No,Fiber optic,No,No,No,No,No,No,Month-to-month,Yes,Mailed check,79.13,77.76,2,0,4.5,No
CUST-05336,Male,0,Yes,No,51,Yes,No,Fiber optic,No,No,No,No,No,No,Two year,Yes,Electronic check,120.0,6605.59,5,0,4.4,No
CUST-05337,Female,0,Yes,No,38,Yes,No,Fiber optic,No,Yes,No,No,No,Yes,Month-to-month,Yes,Credit card (automatic),107.07,3745.94,2,4,4.0,No
CUST-05338,Female,0,No,Yes,44,Yes,Yes,DSL,No,No,No,No,No,No,One year,Yes,Mailed check,57.57,2349.66,3,0,4.7,No
CUST-05339,Male,0,Yes,No,44,Yes,Yes,Fiber optic,Yes,No,Yes,No,Yes,No,Two year,Yes,Electronic check,87.55,3986.72,3,1,3.5,Yes
CUST-05340,Male,0,Yes,Yes,22,Yes,Yes,No,No internet service,No internet service,No internet service,No internet service,No internet service,No internet service,Month-to-month,Yes,Credit card (automatic),32.97,736.58,1,3,3.8,Yes
CUST-05341,Male,0,No,No,45,Yes,No,DSL,No,No,Yes,Yes,No,Yes,One year,No,Mailed check,70.02,3029.56,0,0,4.8,No
CUST-05342,Female,0,Yes,No,16,No,No phone service,Fiber optic,Yes,Yes,Yes,No,Yes,No,Month-to-month,Yes,Mailed check,90.81,1426.66,4,1,3.7,Yes
CUST-05343,Female,0,Yes,No,55,Yes,No,DSL,No,Yes,No,No,Yes,No,Two year,No,Bank transfer (automatic),58.69,3278.98,1,0,4.6,No
CUST-05344,Male,0,Yes,Yes,7,Yes,No,No,No internet service,No internet service,No internet service,No internet service,No internet service,No internet service,Month-to-month,Yes,Credit card (automatic),18.0,124.23,1,6,3.4,No
CUST-05345,Male,0,Yes,No,11,Yes,Yes,DSL,No,Yes,No,No,No,No,Month-to-month,No,Bank transfer (automatic),67.71,692.65,0,1,4.9,No
CUST-05346,Male,0,Yes,No,51,Yes,No,DSL,No,No,No,No,No,No,Month-to-month,Yes,Credit card (automatic),72.78,3435.98,2,4,3.7,Yes
CUST-05347,Male,0,Yes,No,5,Yes,No,Fiber optic,Yes,No,No,No,No,No,Two year,Yes,Credit card (automatic),81.22,402.44,0,1,5.0,No
CUST-05348,Male,0,No,No,70,Yes,No,Fiber optic,No,No,Yes,No,Yes,No,Month-to-month,No,Credit card (automatic),105.52,7356.14,1,4,4.7,Yes
CUST-05349,Male,0,No,Yes,3,Yes,Yes,DSL,No,No,No,Yes,No,No,Two year,Yes,Bank transfer (automatic),58.04,178.81,1,1,4.2,No
CUST-05350,Female,0,No,Yes,38,Yes,Yes,No,No internet service,No internet service,No internet service,No internet service,No internet service,No internet service,Two year,Yes,Mailed check,36.18,1481.37,0,0,5.0,No
CUST-05351,Male,1,Yes,No,71,Yes,No,DSL,No,No,No,No,Yes,No,Two year,No,Mailed check,63.0,4171.19,0,1,4.4,No
CUST-05352,Female,1,No,No,49,Yes,Yes,No,No internet service,No internet service,No internet service,No internet service,No internet service,No internet service,Month-to-month,Yes,Bank transfer (automatic),30.32,1433.38,0,4,3.4,Yes
CUST-05353,Male,0,No,No,46,Yes,No,No,No internet service,No internet service,No internet service,No internet service,No internet service,No internet service,One year,No,Mailed check,30.22,1408.38,4,1,3.9,No
CUST-05354,Male,0,Yes,Yes,50,Yes,No,Fiber optic,Yes,No,Yes,Yes,No,No,Month-to-month,Yes,Mailed check,74.62,3640.16,4,3,3.7,No
CUST-05355,Female,0,No,Yes,51,Yes,No,Fiber optic,No,No,Yes,No,No,No,Month-to-month,No,Credit card (automatic),97.98,4833.46,2,0,4.1,Yes
CUST-05356,Female,0,No,Yes,12,Yes,Yes,Fiber optic,No,No,No,Yes,Yes,No,Month-to-month,Yes,Credit card (automatic),96.67,1124.26,2,0,4.6,No
CUST-05357,Female,0,Yes,Yes,23,Yes,Yes,No,No internet service,No internet service,No internet service,No internet service,No internet service,No internet service,Two year,No,Electronic check,40.28,884.2,2,0,4.1,No
CUST-05358,Female,0,No,No,14,Yes,No,DSL,No,No,Yes,Yes,No,No,Month-to-month,Yes,Bank transfer (automatic),55.14,786.36,1,0,4.4,No
CUST-05359,Male,1,Yes,Yes,16,Yes,Yes,No,No internet service,No internet service,No internet service,No internet service,No internet service,No internet service,Two year,Yes,Credit card (automatic),38.08,622.34,2,0,4.9,No
CUST-05360,Male,0,Yes,No,15,Yes,Yes,Fiber optic,No,Yes,No,Yes,Yes,Yes,Month-to-month,Yes,Credit card (automatic),116.07,1798.69,3,2,4.3,Yes
CUST-05361,Female,0,Yes,Yes,46,Yes,No,No,No internet service,No internet service,No internet service,No internet service,No internet service,No internet service,Two year,No,Electronic check,49.01,2121.95,2,1,4.8,No
CUST-05362,Female,1,Yes,No,68,Yes,No,Fiber optic,Yes,No,No,No,No,No,Two year,No,Credit card (automatic),64.25,4145.21,1,0,5.0,No
CUST-05363,Female,0,No,No,41,Yes,Yes,Fiber optic,No,No,No,Yes,No,No,Month-to-month,Yes,Credit card (automatic),102.31,4528.2,4,4,3.3,Yes
CUST-05364,Female,0,No,Yes,2,No,No phone service,Fiber optic,No,No,No,No,Yes,No,One year,No,Electronic check,90.75,174.13,4,0,3.9,No
CUST-05365,Male,0,Yes,Yes,50,Yes,No,Fiber optic,No,No,No,No,No,Yes,Month-to-month,Yes,Credit card (automatic),95.62,4867.23,1,2,5.0,No
CUST-05366,Male,1,No,No,39,Yes,Yes,Fiber optic,No,Yes,No,Yes,No,Yes,Month-to-month,Yes,Mailed check,99.59,3627.49,1,0,5.0,Yes
CUST-05367,Male,0,No,Yes,56,Yes,Yes,Fiber optic,No,No,Yes,No,No,No,One year,Yes,Bank transfer (automatic),83.61,4861.83,4,2,3.8,No
CUST-05368,Female,0,No,Yes,28,Yes,No,DSL,No,Yes,Yes,Yes,No,No,One year,No,Electronic check,57.77,1524.09,3,0,3.8,No
CUST-05369,Female,0,No,No,31,Yes,Yes,No,No internet service,No internet service,No internet service,No internet service,No internet service,No internet service,One year,No,Electronic check,31.69,966.63,3,1,3.8,No
CUST-05370,Male,0,No,No,48,Yes,No,No,No internet service,No internet service,No internet service,No internet service,No internet service,No internet service,Two year,Yes,Mailed check,29.57,1355.87,3,0,4.7,No
CUST-05371,Female,0,No,No,51,Yes,Yes,No,No internet service,No internet service,No internet service,No internet service,No internet service,No internet service,One year,Yes,Electronic check,18.57,935.97,1,0,5.0,No
CUST-05372,Female,0,Yes,Yes,16,Yes,No,No,No internet service,No internet service,No internet service,No internet service,No internet service,No internet service,Month-to-month,Yes,Bank transfer (automatic),48.25,825.07,0,3,4.6,No
CUST-05373,Male,0,No,Yes,43,Yes,No,Fiber optic,No,No,No,No,No,Yes,Two year,Yes,Electronic check,84.9,3509.85,5,0,5.0,No
CUST-05374,Male,0,Yes,No,70,Yes,No,No,No internet service,No internet service,No internet service,No internet service,No internet service,No internet service,Two year,No,Electronic check,25.04,1662.06,2,0,4.7,No
CUST-05375,Female,0,Yes,No,5,Yes,Yes,Fiber optic,No,No,No,Yes,No,Yes,Month-to-month,No,Bank transfer (automatic),96.64,450.47,3,2,3.9,Yes
CUST-05376,Female,0,Yes,Yes,24,Yes,No,DSL,Yes,No,Yes,No,No,No,Two year,Yes,Mailed check,72.37,1651.6,3,2,3.1,No
CUST-05377,Male,0,Yes,No,39,Yes,No,DSL,Yes,No,No,No,Yes,No,Two year,No,Electronic check,76.3,3110.4,1,0,4.3,No
CUST-05378,Male,0,No,No,67,Yes,Yes,DSL,No,No,No,Yes,No,Yes,One year,Yes,Electronic check,39.53,2525.41,1,0,4.8,No
CUST-05379,Male,0,No,No,70,No,No phone service,DSL,No,No,No,No,Yes,No,Two year,No,Electronic check,39.14,2937.89,2,1,4.9,No
CUST-05380,Female,0,No,No,43,Yes,Yes,Fiber optic,Yes,Yes,Yes,No,No,Yes,Month-to-month,Yes,Electronic check,79.5,3302.05,3,4,3.5,Yes
CUST-05381,Male,0,No,No,40,Yes,Yes,No,No internet service,No internet service,No internet service,No internet service,No internet service,No internet service,Month-to-month,Yes,Credit card (automatic),28.03,1076.29,2,1,4.5,No
CUST-05382,Female,0,Yes,No,30,No,No phone service,DSL,No,Yes,No,No,Yes,No,Month-to-month,Yes,Bank transfer (automatic),80.63,2543.75,1,0,5.0,Yes
CUST-05383,Male,0,No,Yes,33,Yes,No,No,No internet service,No internet service,No internet service,No internet service,No internet service,No internet service,Month-to-month,Yes,Electronic check,36.51,1224.28,1,5,4.3,No
CUST-05384,Male,0,Yes,No,53,Yes,No,No,No internet service,No internet service,No internet service,No internet service,No internet service,No internet service,One year,Yes,Credit card (automatic),30.11,1584.8,0,0,5.0,No
CUST-05385,Male,0,Yes,No,40,Yes,No,No,No internet service,No internet service,No internet service,No internet service,No internet service,No internet service,Month-to-month,Yes,Credit card (automatic),48.67,1845.31,2,0,3.8,No
CUST-05386,Female,0,No,No,40,Yes,Yes,No,No internet service,No internet service,No internet service,No internet service,No internet service,No internet service,Month-to-month,No,Credit card (automatic),18.0,744.15,2,2,4.4,No
CUST-05387,Male,1,No,No,61,Yes,No,No,No internet service,No internet service,No internet service,No internet service,No internet service,No internet service,Month-to-month,No,Bank transfer (automatic),45.89,2856.19,3,2,3.9,No
CUST-05388,Female,0,Yes,Yes,10,Yes,Yes,DSL,Yes,No,No,Yes,No,Yes,Month-to-month,Yes,Bank transfer (automatic),49.9,534.7,2,0,4.1,No
CUST-05389,Male,0,Yes,No,69,Yes,Yes,Fiber optic,No,Yes,Yes,Yes,Yes,Yes,Two year,Yes,Mailed check,71.08,5268.02,2,0,4.7,No
CUST-05390,Female,0,Yes,No,51,Yes,No,Fiber optic,No,Yes,No,No,No,No,Two year,Yes,Electronic check,120.0,6218.89,4,0,4.7,Yes
CUST-05391,Male,0,No,No,43,Yes,Yes,DSL,No,No,No,Yes,Yes,No,Month-to-month,No,Mailed check,47.63,1976.01,1,1,4.8,No
CUST-05392,Male,0,Yes,No,42,No,No phone service,Fiber optic,No,Yes,Yes,No,No,Yes,One year,Yes,Bank transfer (automatic),103.22,4610.85,4,0,3.7,Yes
CUST-05393,Female,0,Yes,Yes,42,No,No phone service,Fiber optic,No,Yes,No,No,Yes,No,One year,Yes,Mailed check,74.1,2950.34,0,0,5.0,No
CUST-05394,Female,0,No,No,41,Yes,No,No,No internet service,No internet service,No internet service,No internet service,No internet service,No internet service,One year,Yes,Electronic check,32.34,1347.46,2,0,5.0,No
CUST-05395,Female,0,No,No,26,Yes,No,DSL,No,No,No,Yes,No,No,Month-to-month,Yes,Electronic check,61.53,1517.47,1,3,3.6,Yes
CUST-05396,Male,0,Yes,No,54,Yes,Yes,No,No internet service,No internet service,No internet service,No internet service,No internet service,No internet service,Month-to-month,Yes,Bank transfer (automatic),27.42,1471.62,2,2,3.9,No
CUST-05397,Female,0,No,Yes,19,No,No phone service,DSL,No,No,No,No,No,No,Month-to-month,No,Bank transfer (automatic),57.64,1034.52,0,3,4.7,No
CUST-05398,Male,0,Yes,No,48,Yes,Yes,Fiber optic,No,Yes,Yes,Yes,Yes,No,One year,No,Mailed check,91.99,4762.1,3,1,4.5,No
CUST-05399,Female,1,Yes,Yes,38,Yes,Yes,DSL,No,No,Yes,Yes,Yes,No,Month-to-month,Yes,Electronic check,62.68,2255.88,1,0,5.0,No
CUST-05400,Female,0,No,No,27,Yes,No,No,No internet service,No internet service,No internet service,No internet service,No internet service,No internet service,One year,Yes,Mailed check,24.67,676.83,4,1,4.1,No
CUST-05401,Female,0,Yes,Yes,58,Yes,No,Fiber optic,No,No,No,No,No,Yes,One year,No,Electronic check,73.93,4146.48,8,0,3.6,Yes
CUST-05402,Female,0,Yes,No,23,Yes,No,DSL,No,No,Yes,No,No,No,One year,No,Electronic check,78.21,1921.29,1,0,5.0,Yes
CUST-05403,Female,0,No,Yes,48,Yes,No,No,No internet service,No internet service,No internet service,No internet service,No internet service,No internet service,One year,Yes,Electronic check,28.84,1475.56,1,0,5.0,No
CUST-05404,Female,0,No,Yes,19,No,No phone service,DSL,Yes,No,No,No,No,No,Month-to-month,No,Electronic check,72.02,1447.56,0,8,2.9,Yes
CUST-05405,Male,1,No,No,15,No,No phone service,No,No internet service,No internet service,No internet service,No internet service,No internet service,No internet service,One year,Yes,Electronic check,18.0,274.59,1,1,4.4,No
CUST-05406,Male,0,No,No,42,Yes,Yes,DSL,No,No,No,No,No,Yes,Month-to-month,Yes,Electronic check,44.33,1825.0,3,3,3.5,No
CUST-05407,Female,0,Yes,No,71,Yes,No,DSL,Yes,No,No,No,No,No,Month-to-month,Yes,Credit card (automatic),92.13,6700.74,0,2,4.1,No
CUST-05408,Female,0,No,No,22,Yes,No,DSL,No,Yes,No,Yes,No,No,Two year,Yes,Electronic check,74.61,1532.49,3,1,4.2,No
CUST-05409,Female,1,Yes,No,9,Yes,No,Fiber optic,No,No,Yes,No,Yes,Yes,One year,Yes,Credit card (automatic),81.26,674.09,3,1,4.0,No
CUST-05410,Female,0,No,No,9,Yes,No,No,No internet service,No internet service,No internet service,No internet service,No internet service,No internet service,One year,No,Bank transfer (automatic),36.12,324.36,2,0,4.3,No
CUST-05411,Male,0,Yes,Yes,36,Yes,No,Fiber optic,No,Yes,No,No,Yes,No,Month-to-month,No,Electronic check,88.99,3144.16,1,1,4.6,No
CUST-05412,Male,0,Yes,Yes,57,Yes,Yes,DSL,Yes,No,No,No,No,No,One year,Yes,Mailed check,64.46,3889.1,2,0,4.1,No
CUST-05413,Female,0,Yes,No,52,Yes,No,Fiber optic,No,No,No,Yes,No,No,Month-to-month,No,Bank transfer (automatic),92.75,4989.77,5,2,4.0,No
CUST-05414,Female,0,No,No,16,Yes,No,Fiber optic,Yes,No,No,No,No,Yes,Month-to-month,Yes,Electronic check,84.11,1434.83,2,0,4.3,No
CUST-05415,Male,0,Yes,Yes,61,Yes,Yes,Fiber optic,No,No,Yes,No,Yes,No,Month-to-month,No,Electronic check,77.01,4382.81,3,4,4.3,No
CUST-05416,Male,0,No,No,12,Yes,Yes,Fiber optic,No,No,No,No,No,Yes,One year,Yes,Electronic check,111.61,1385.21,7,0,4.7,Yes
CUST-05417,Male,1,No,No,41,Yes,Yes,Fiber optic,No,Yes,No,No,Yes,Yes,Month-to-month,Yes,Bank transfer (automatic),104.73,4317.49,3,2,4.5,Yes
CUST-05418,Male,1,No,No,62,Yes,Yes,Fiber optic,No,No,No,Yes,No,Yes,Month-to-month,Yes,Electronic check,94.72,5403.08,3,3,5.0,No
CUST-05419,Female,0,Yes,Yes,59,Yes,No,Fiber optic,No,No,Yes,Yes,Yes,No,Month-to-month,Yes,Bank transfer (automatic),74.28,4070.29,2,2,4.4,No
CUST-05420,Female,0,Yes,No,51,Yes,No,DSL,No,No,Yes,Yes,No,Yes,Month-to-month,Yes,Electronic check,67.4,3701.06,0,2,5.0,No
CUST-05421,Female,0,No,No,24,Yes,No,No,No internet service,No internet service,No internet service,No internet service,No internet service,No internet service,Month-to-month,Yes,Bank transfer (automatic),41.6,957.66,2,2,4.7,No
CUST-05422,Female,1,No,No,56,Yes,Yes,No,No internet service,No internet service,No internet service,No internet service,No internet service,No internet service,One year,Yes,Electronic check,18.0,947.07,3,0,4.5,No
CUST-05423,Male,0,Yes,No,28,Yes,Yes,No,No internet service,No internet service,No internet service,No internet service,No internet service,No internet service,Month-to-month,Yes,Mailed check,31.25,886.06,1,1,4.4,No
CUST-05424,Male,1,No,Yes,26,Yes,Yes,No,No internet service,No internet service,No internet service,No internet service,No internet service,No internet service,One year,No,Credit card (automatic),33.74,824.93,0,1,4.7,No
CUST-05425,Male,0,Yes,No,39,No,No phone service,Fiber optic,Yes,No,No,No,Yes,No,Month-to-month,Yes,Bank transfer (automatic),84.53,3375.42,6,1,3.8,No
CUST-05426,Male,0,Yes,No,45,Yes,No,No,No internet service,No internet service,No internet service,No internet service,No internet service,No internet service,Month-to-month,Yes,Mailed check,47.43,2090.5,1,2,5.0,No
CUST-05427,Female,0,Yes,No,16,Yes,No,Fiber optic,Yes,Yes,No,Yes,No,No,Month-to-month,Yes,Electronic check,84.98,1414.47,1,2,5.0,No
CUST-05428,Male,0,Yes,No,68,Yes,No,Fiber optic,Yes,No,Yes,No,No,Yes,Month-to-month,No,Bank transfer (automatic),74.68,5040.62,1,2,5.0,No
CUST-05429,Male,1,Yes,No,63,No,No phone service,No,No internet service,No internet service,No internet service,No internet service,No internet service,No internet service,Two year,No,Mailed check,35.06,2305.44,1,2,4.6,No
CUST-05430,Female,0,No,Yes,21,Yes,No,No,No internet service,No internet service,No internet service,No internet service,No internet service,No internet service,Month-to-month,No,Electronic check,22.07,472.13,2,0,4.5,No
CUST-05431,Female,0,Yes,Yes,18,Yes,Yes,Fiber optic,Yes,No,No,No,No,No,Two year,Yes,Credit card (automatic),77.77,1453.99,2,2,3.8,No
CUST-05432,Male,0,No,No,5,Yes,Yes,No,No internet service,No internet service,No internet service,No internet service,No internet service,No internet service,Month-to-month,No,Mailed check,25.81,137.3,1,1,4.6,No
CUST-05433,Male,1,No,No,30,No,No phone service,Fiber optic,Yes,No,Yes,No,No,No,Month-to-month,Yes,Credit card (automatic),91.53,2782.62,4,0,3.6,No
CUST-05434,Female,0,No,No,13,Yes,Yes,Fiber optic,No,No,No,No,No,No,Month-to-month,Yes,Mailed check,75.93,958.51,2,7,3.4,Yes
CUST-05435,Female,0,Yes,No,67,Yes,No,No,No internet service,No internet service,No internet service,No internet service,No internet service,No internet service,Month-to-month,No,Mailed check,28.66,1964.5,0,1,5.0,No
CUST-05436,Female,0,No,No,65,No,No phone service,Fiber optic,No,Yes,No,No,Yes,No,Two year,Yes,Mailed check,86.31,5426.05,4,0,5.0,Yes
CUST-05437,Male,0,Yes,No,60,Yes,No,No,No internet service,No internet service,No internet service,No internet service,No internet service,No internet service,One year,No,Mailed check,34.29,2030.46,2,1,3.3,No
CUST-05438,Male,0,No,No,21,Yes,Yes,No,No internet service,No internet service,No internet service,No internet service,No internet service,No internet service,One year,No,Mailed check,23.94,482.61,2,1,3.9,No
CUST-05439,Male,1,Yes,No,50,No,No phone service,DSL,Yes,Yes,Yes,No,Yes,Yes,Month-to-month,Yes,Bank transfer (automatic),42.75,2168.24,1,4,3.4,No
CUST-05440,Female,0,No,Yes,36,Yes,No,No,No internet service,No internet service,No internet service,No internet service,No internet service,No internet service,Month-to-month,Yes,Electronic check,27.63,969.96,0,4,4.4,No
CUST-05441,Female,0,Yes,No,20,Yes,No,DSL,No,No,Yes,No,No,Yes,One year,Yes,Electronic check,67.19,1266.23,3,0,5.0,Yes
CUST-05442,Female,0,No,No,39,Yes,Yes,No,No internet service,No internet service,No internet service,No internet service,No internet service,No internet service,One year,Yes,Credit card (automatic),26.74,1063.76,1,1,4.5,No
CUST-05443,Female,0,Yes,No,12,Yes,No,Fiber optic,No,No,Yes,No,No,Yes,Month-to-month,No,Credit card (automatic),96.33,1235.45,1,3,3.9,No
CUST-05444,Female,0,Yes,No,70,Yes,No,Fiber optic,Yes,No,No,No,No,Yes,One year,Yes,Mailed check,81.92,5362.9,1,0,5.0,No
CUST-05445,Male,1,No,Yes,12,Yes,No,No,No internet service,No internet service,No internet service,No internet service,No internet service,No internet service,One year,Yes,Electronic check,45.65,591.48,1,2,4.8,No
CUST-05446,Male,0,Yes,No,22,Yes,Yes,Fiber optic,Yes,Yes,No,No,No,No,Month-to-month,Yes,Electronic check,79.63,1826.52,4,2,2.9,Yes
CUST-05447,Female,0,No,Yes,16,Yes,Yes,DSL,Yes,No,No,Yes,Yes,Yes,Month-to-month,No,Bank transfer (automatic),58.16,915.9,2,2,3.4,Yes
CUST-05448,Male,0,No,Yes,38,Yes,No,Fiber optic,No,No,Yes,No,Yes,Yes,One year,No,Credit card (automatic),114.32,4512.76,5,2,4.3,No
CUST-05449,Male,0,No,No,49,Yes,Yes,Fiber optic,No,No,No,No,No,No,Month-to-month,Yes,Bank transfer (automatic),97.0,5130.49,2,2,4.2,No
CUST-05450,Male,0,No,No,69,Yes,No,Fiber optic,No,No,No,Yes,Yes,No,Month-to-month,No,Credit card (automatic),69.18,4746.99,2,3,3.7,Yes
CUST-05451,Male,1,No,No,28,No,No phone service,DSL,Yes,Yes,No,No,Yes,No,One year,No,Mailed check,40.62,1080.65,0,0,4.8,No
CUST-05452,Female,0,No,No,15,Yes,No,Fiber optic,Yes,No,No,No,No,Yes,Two year,No,Credit card (automatic),113.69,1600.18,4,0,3.6,No
CUST-05453,Female,0,Yes,Yes,2,Yes,Yes,No,No internet service,No internet service,No internet service,No internet service,No internet service,No internet service,Month-to-month,No,Bank transfer (automatic),28.98,61.72,2,2,3.9,No
CUST-05454,Female,1,No,No,44,Yes,No,Fiber optic,Yes,Yes,Yes,No,No,No,Month-to-month,No,Bank transfer (automatic),70.13,3284.59,1,1,4.4,No
CUST-05455,Male,0,No,Yes,71,Yes,Yes,No,No internet service,No internet service,No internet service,No internet service,No internet service,No internet service,Month-to-month,Yes,Bank transfer (automatic),34.95,2550.78,2,0,3.7,No
CUST-05456,Male,0,Yes,No,5,Yes,No,Fiber optic,No,No,No,No,Yes,Yes,Month-to-month,No,Electronic check,81.16,431.08,3,0,4.6,No
CUST-05457,Male,1,Yes,No,72,Yes,No,No,No internet service,No internet service,No internet service,No internet service,No internet service,No internet service,Month-to-month,Yes,Credit card (automatic),46.97,3622.21,1,4,4.1,No
CUST-05458,Male,1,Yes,No,19,No,No phone service,No,No internet service,No internet service,No internet service,No internet service,No internet service,No internet service,Two year,Yes,Electronic check,37.19,726.57,2,0,4.7,No
CUST-05459,Female,0,No,No,66,Yes,Yes,Fiber optic,No,No,Yes,No,Yes,No,Two year,Yes,Electronic check,99.45,6042.85,2,0,5.0,No
CUST-05460,Female,0,Yes,No,5,Yes,No,Fiber optic,No,Yes,No,No,Yes,No,Month-to-month,No,Credit card (automatic),120.0,582.59,3,0,4.7,Yes
CUST-05461,Female,1,No,No,65,Yes,No,No,No internet service,No internet service,No internet service,No internet service,No internet service,No internet service,Two year,No,Electronic check,31.17,1929.5,2,1,5.0,No
CUST-05462,Male,0,No,No,24,No,No phone service,No,No internet service,No internet service,No internet service,No internet service,No internet service,No internet service,Month-to-month,Yes,Credit card (automatic),18.0,436.53,1,3,4.4,No
CUST-05463,Female,0,No,No,20,Yes,Yes,Fiber optic,No,No,No,No,No,Yes,Month-to-month,No,Credit card (automatic),101.01,2057.72,5,2,4.0,No
CUST-05464,Male,1,Yes,No,15,Yes,No,No,No internet service,No internet service,No internet service,No internet service,No internet service,No internet service,Two year,No,Bank transfer (automatic),18.0,289.52,1,1,4.3,No
CUST-05465,Male,0,No,Yes,10,Yes,Yes,No,No internet service,No internet service,No internet service,No internet service,No internet service,No internet service,Month-to-month,Yes,Credit card (automatic),30.44,325.72,0,4,4.4,No
CUST-05466,Female,0,No,No,58,Yes,Yes,DSL,Yes,Yes,Yes,No,No,No,Month-to-month,No,Credit card (automatic),67.59,3647.82,2,1,4.7,No
CUST-05467,Male,0,Yes,No,5,Yes,No,Fiber optic,Yes,No,Yes,No,Yes,Yes,Month-to-month,No,Bank transfer (automatic),113.05,587.98,0,0,5.0,No
CUST-05468,Male,0,Yes,Yes,34,Yes,Yes,Fiber optic,No,Yes,No,Yes,No,No,Month-to-month,No,Bank transfer (automatic),120.0,4057.16,2,3,4.7,No
CUST-05469,Female,0,Yes,No,69,Yes,Yes,DSL,No,No,No,No,No,No,Two year,Yes,Bank transfer (automatic),56.57,4133.23,0,1,4.9,No
CUST-05470,Male,0,No,Yes,30,Yes,No,No,No internet service,No internet service,No internet service,No internet service,No internet service,No internet service,Month-to-month,Yes,Electronic check,22.68,626.87,0,3,5.0,Yes
CUST-05471,Female,0,Yes,No,60,No,No phone service,DSL,No,No,No,Yes,No,No,Month-to-month,Yes,Bank transfer (automatic),51.08,3057.57,2,3,3.2,No
CUST-05472,Male,0,Yes,No,50,Yes,No,Fiber optic,No,Yes,No,No,No,No,Two year,No,Electronic check,103.97,5076.55,0,2,4.3,No
CUST-05473,Female,0,Yes,No,58,Yes,Yes,Fiber optic,No,Yes,No,Yes,No,No,Month-to-month,Yes,Credit card (automatic),119.2,6911.04,1,0,3.8,No
CUST-05474,Male,0,Yes,No,69,Yes,No,Fiber optic,No,Yes,No,No,No,Yes,Two year,No,Bank transfer (automatic),117.53,8431.43,5,0,3.5,No
CUST-05475,Male,0,Yes,No,8,Yes,Yes,DSL,No,No,No,Yes,Yes,Yes,Month-to-month,No,Electronic check,43.14,357.04,1,3,4.5,Yes
CUST-05476,Female,0,No,No,22,Yes,No,Fiber optic,No,Yes,No,No,No,No,Month-to-month,Yes,Credit card (automatic),88.83,1869.61,3,1,4.0,No
CUST-05477,Male,0,Yes,No,24,Yes,Yes,DSL,Yes,No,Yes,No,No,No,Two year,No,Credit card (automatic),71.52,1621.55,2,0,4.8,No
CUST-05478,Female,0,No,No,5,Yes,Yes,DSL,Yes,No,No,Yes,Yes,No,Two year,Yes,Bank transfer (automatic),42.23,212.59,1,1,5.0,No
CUST-05479,Male,0,Yes,No,8,Yes,No,No,No internet service,No internet service,No internet service,No internet service,No internet service,No internet service,Month-to-month,No,Electronic check,36.91,307.99,0,2,4.3,Yes
CUST-05480,Female,0,Yes,No,8,Yes,Yes,DSL,No,No,No,No,No,Yes,One year,Yes,Credit card (automatic),80.25,693.27,1,2,4.6,No
CUST-05481,Female,0,No,No,69,Yes,No,DSL,No,Yes,No,No,No,No,Month-to-month,Yes,Credit card (automatic),60.46,3838.18,1,0,5.0,No
CUST-05482,Male,0,No,No,62,No,No phone service,DSL,No,No,No,Yes,No,No,Month-to-month,Yes,Electronic check,71.8,4304.38,1,2,4.6,No
CUST-05483,Male,0,No,Yes,43,Yes,Yes,Fiber optic,No,No,Yes,No,Yes,No,Month-to-month,No,Mailed check,89.64,4057.06,2,2,4.3,Yes
CUST-05484,Female,0,Yes,No,61,Yes,No,DSL,No,No,Yes,No,Yes,No,Month-to-month,Yes,Credit card (automatic),73.86,4519.5,3,2,3.3,No
CUST-05485,Female,0,No,No,25,Yes,No,Fiber optic,No,No,No,No,Yes,Yes,Month-to-month,Yes,Credit card (automatic),74.82,1751.83,3,0,4.6,Yes
CUST-05486,Male,0,No,No,35,Yes,Yes,Fiber optic,Yes,No,No,Yes,No,No,Two year,Yes,Credit card (automatic),107.0,3576.31,6,0,4.3,No
CUST-05487,Male,1,Yes,No,64,Yes,Yes,DSL,No,No,No,No,Yes,Yes,Month-to-month,Yes,Bank transfer (automatic),55.76,3491.2,1,3,4.0,No
CUST-05488,Female,0,No,Yes,11,No,No phone service,DSL,No,No,No,No,No,No,Month-to-month,No,Electronic check,34.53,410.09,0,2,4.3,No
CUST-05489,Female,0,Yes,No,11,Yes,Yes,Fiber optic,Yes,No,No,No,No,No,One year,Yes,Bank transfer (automatic),83.37,926.59,3,0,3.8,No
CUST-05490,Male,0,Yes,No,38,Yes,No,No,No internet service,No internet service,No internet service,No internet service,No internet service,No internet service,Month-to-month,Yes,Mailed check,32.7,1224.99,2,1,4.3,No
CUST-05491,Male,0,No,Yes,19,Yes,No,DSL,Yes,Yes,Yes,No,Yes,No,Month-to-month,No,Bank transfer (automatic),49.14,962.55,2,2,4.6,No
CUST-05492,Female,1,No,No,49,Yes,Yes,Fiber optic,No,No,No,Yes,No,Yes,One year,No,Mailed check,100.11,4774.06,3,0,4.5,No
CUST-05493,Male,0,No,No,46,Yes,No,No,No internet service,No internet service,No internet service,No internet service,No internet service,No internet service,Month-to-month,Yes,Credit card (automatic),28.58,1277.14,1,3,4.6,No
CUST-05494,Male,1,No,No,24,No,No phone service,DSL,No,No,Yes,No,No,No,Month-to-month,Yes,Bank transfer (automatic),73.74,1665.33,2,1,5.0,No
CUST-05495,Female,0,Yes,Yes,9,Yes,Yes,DSL,Yes,No,No,Yes,No,No,Two year,Yes,Mailed check,66.38,601.95,2,0,4.8,No
CUST-05496,Male,0,No,No,6,Yes,Yes,Fiber optic,No,Yes,Yes,No,Yes,No,One year,No,Electronic check,67.28,424.3,1,1,5.0,Yes
CUST-05497,Female,0,No,No,32,Yes,Yes,No,No internet service,No internet service,No internet service,No internet service,No internet service,No internet service,Month-to-month,Yes,Bank transfer (automatic),18.0,576.95,1,2,4.6,Yes
CUST-05498,Male,1,Yes,No,24,Yes,No,DSL,Yes,No,No,No,Yes,No,Two year,Yes,Credit card (automatic),83.56,2162.62,1,1,4.7,No
CUST-05499,Female,0,Yes,Yes,3,Yes,No,Fiber optic,No,Yes,No,No,No,No,Two year,Yes,Credit card (automatic),93.82,287.62,2,1,4.5,No
CUST-05500,Male,0,No,Yes,50,Yes,No,Fiber optic,No,No,No,Yes,No,No,Month-to-month,Yes,Credit card (automatic),85.86,4321.08,5,2,2.6,Yes
CUST-05501,Female,0,Yes,No,69,Yes,No,Fiber optic,No,Yes,Yes,No,No,Yes,Two year,Yes,Electronic check,101.08,6981.43,3,0,4.2,No
CUST-05502,Male,0,No,Yes,71,Yes,No,Fiber optic,No,No,No,No,Yes,No,Month-to-month,Yes,Bank transfer (automatic),116.82,,1,2,4.4,No
CUST-05503,Male,0,No,Yes,9,Yes,Yes,Fiber optic,No,No,Yes,No,No,No,Two year,No,Bank transfer (automatic),89.49,867.44,4,2,4.0,No
CUST-05504,Female,0,No,No,14,Yes,No,No,No internet service,No internet service,No internet service,No internet service,No internet service,No internet service,Month-to-month,Yes,Electronic check,34.69,513.86,3,6,2.6,Yes
CUST-05505,Female,0,No,No,32,Yes,Yes,Fiber optic,No,Yes,No,No,No,Yes,Month-to-month,Yes,Electronic check,120.0,3627.43,5,6,2.8,No
CUST-05506,Female,0,No,No,66,Yes,Yes,Fiber optic,No,No,Yes,Yes,No,Yes,Month-to-month,No,Bank transfer (automatic),96.21,6838.1,3,3,4.5,Yes
CUST-05507,Male,0,No,Yes,42,Yes,Yes,Fiber optic,No,Yes,No,No,Yes,Yes,Month-to-month,No,Credit card (automatic),70.75,2813.22,3,2,4.6,No
CUST-05508,Male,0,Yes,No,33,Yes,Yes,DSL,No,No,Yes,Yes,No,Yes,Month-to-month,No,Electronic check,63.96,1965.86,1,4,4.3,Yes
CUST-05509,Female,1,No,No,67,Yes,No,Fiber optic,Yes,No,No,No,No,No,One year,Yes,Bank transfer (automatic),100.13,6676.88,2,0,5.0,No
CUST-05510,Female,1,No,No,48,Yes,No,DSL,Yes,No,No,No,No,Yes,Month-to-month,No,Mailed check,38.57,1769.47,1,2,5.0,No
CUST-05511,Male,0,No,Yes,71,Yes,No,Fiber optic,No,No,Yes,No,No,Yes,Month-to-month,Yes,Electronic check,78.55,5206.28,8,3,3.8,No
CUST-05512,Female,0,No,Yes,63,Yes,Yes,Fiber optic,No,No,No,Yes,Yes,Yes,One year,Yes,Electronic check,72.25,4377.48,7,0,4.3,Yes
CUST-05513,Female,0,No,No,72,Yes,Yes,No,No internet service,No internet service,No internet service,No internet service,No internet service,No internet service,One year,Yes,Credit card (automatic),37.51,2644.66,1,0,5.0,No
CUST-05514,Female,1,No,Yes,41,Yes,No,No,No internet service,No internet service,No internet service,No internet service,No internet service,No internet service,Month-to-month,No,Electronic check,31.92,1315.87,0,2,4.8,No
CUST-05515,Female,0,No,No,27,Yes,No,Fiber optic,Yes,No,No,Yes,No,No,Month-to-month,Yes,Bank transfer (automatic),108.38,3120.04,2,0,5.0,No
CUST-05516,Female,0,No,Yes,5,Yes,No,Fiber optic,No,No,No,No,Yes,No,One year,Yes,Electronic check,95.39,477.45,3,0,3.9,Yes
CUST-05517,Female,1,No,Yes,53,Yes,Yes,DSL,Yes,Yes,No,No,Yes,No,Month-to-month,Yes,Electronic check,68.21,3903.31,1,9,3.4,Yes
CUST-05518,Female,0,Yes,No,20,Yes,Yes,Fiber optic,Yes,Yes,No,No,Yes,No,Month-to-month,No,Bank transfer (automatic),73.5,1491.83,3,2,4.4,No
CUST-05519,Female,0,Yes,No,1,Yes,No,DSL,No,No,No,No,No,No,Two year,No,Mailed check,41.88,44.19,1,0,4.9,No
CUST-05520,Female,0,No,No,58,No,No phone service,DSL,No,Yes,No,No,No,Yes,Month-to-month,No,Electronic check,50.03,2915.64,0,6,4.7,No
CUST-05521,Male,0,Yes,No,31,Yes,Yes,No,No internet service,No internet service,No internet service,No internet service,No internet service,No internet service,Two year,No,Credit card (automatic),31.13,934.27,2,0,5.0,Yes
CUST-05522,Female,0,Yes,Yes,40,Yes,No,No,No internet service,No internet service,No internet service,No internet service,No internet service,No internet service,Month-to-month,Yes,Mailed check,45.74,1975.85,3,1,4.3,No
CUST-05523,Female,1,Yes,No,57,Yes,No,Fiber optic,Yes,Yes,Yes,Yes,No,No,Two year,No,Mailed check,98.75,5778.98,2,0,4.7,No
CUST-05524,Female,0,No,Yes,24,Yes,Yes,DSL,No,Yes,No,No,No,Yes,Month-to-month,Yes,Mailed check,59.91,1542.59,3,2,3.9,Yes
CUST-05525,Female,0,No,No,59,Yes,No,DSL,No,Yes,No,No,Yes,No,One year,Yes,Bank transfer (automatic),82.57,4980.14,0,0,4.4,No
CUST-05526,Male,0,No,No,42,Yes,Yes,DSL,No,Yes,No,No,No,No,Two year,Yes,Credit card (automatic),48.96,1898.43,1,2,4.0,No
CUST-05527,Female,0,No,No,41,Yes,No,No,No internet service,No internet service,No internet service,No internet service,No internet service,No internet service,Month-to-month,Yes,Electronic check,31.02,1316.53,2,1,3.5,Yes
CUST-05528,Male,0,No,Yes,20,Yes,Yes,Fiber optic,No,No,Yes,Yes,Yes,No,Month-to-month,Yes,Bank transfer (automatic),118.85,2563.67,3,2,3.8,No
CUST-05529,Male,0,Yes,No,57,No,No phone service,No,No internet service,No internet service,No internet service,No internet service,No internet service,No internet service,Month-to-month,Yes,Electronic check,41.92,2432.45,0,1,5.0,No
CUST-05530,Male,0,Yes,No,18,Yes,No,Fiber optic,No,No,Yes,Yes,Yes,No,One year,No,Electronic check,77.75,1433.83,6,1,4.1,Yes
CUST-05531,Female,0,Yes,No,45,Yes,No,Fiber optic,No,No,No,No,No,Yes,One year,Yes,Credit card (automatic),93.86,4029.84,1,1,4.6,No
CUST-05532,Female,0,Yes,Yes,60,Yes,No,Fiber optic,No,No,No,No,No,Yes,Two year,Yes,Credit card (automatic),73.02,4617.78,7,0,3.3,No
CUST-05533,Female,0,No,No,9,Yes,No,DSL,No,No,No,No,No,No,Month-to-month,No,Electronic check,46.64,386.41,2,1,5.0,No
CUST-05534,Male,1,Yes,No,29,Yes,No,Fiber optic,No,No,No,No,No,No,Month-to-month,Yes,Mailed check,107.04,3232.59,3,2,2.4,No
CUST-05535,Male,0,No,No,49,No,No phone service,No,No internet service,No internet service,No internet service,No internet service,No internet service,No internet service,Month-to-month,Yes,Bank transfer (automatic),18.0,849.65,3,3,4.0,Yes
CUST-05536,Female,0,No,No,20,Yes,Yes,DSL,No,Yes,Yes,No,Yes,No,Month-to-month,Yes,Bank transfer (automatic),62.6,1197.9,2,3,5.0,No
CUST-05537,Male,0,Yes,No,3,Yes,No,DSL,No,No,No,No,No,Yes,Month-to-month,Yes,Credit card (automatic),43.63,137.34,2,2,4.7,No
CUST-05538,Female,1,No,No,30,Yes,Yes,Fiber optic,No,No,No,No,No,Yes,Month-to-month,Yes,Mailed check,105.98,3094.88,1,1,4.3,Yes
CUST-05539,Female,0,No,No,36,Yes,No,No,No internet service,No internet service,No internet service,No internet service,No internet service,No internet service,Month-to-month,No,Bank transfer (automatic),40.71,1441.28,2,1,4.8,No
CUST-05540,Female,0,No,Yes,67,Yes,No,No,No internet service,No internet service,No internet service,No internet service,No internet service,No internet service,Month-to-month,Yes,Electronic check,41.51,2730.31,1,1,4.8,No
CUST-05541,Male,0,No,Yes,59,Yes,No,DSL,No,No,No,No,Yes,No,Month-to-month,Yes,Credit card (automatic),62.34,3753.62,3,3,4.1,No
CUST-05542,Male,0,No,No,14,Yes,No,Fiber optic,No,Yes,No,No,No,No,One year,Yes,Bank transfer (automatic),103.7,1543.72,5,0,5.0,No
CUST-05543,Male,0,No,No,20,Yes,No,No,No internet service,No internet service,No internet service,No internet service,No internet service,No internet service,Two year,Yes,Bank transfer (automatic),50.79,1068.22,0,0,5.0,No
CUST-05544,Female,1,No,No,14,Yes,No,No,No internet service,No internet service,No internet service,No internet service,No internet service,No internet service,Month-to-month,No,Electronic check,18.0,259.35,1,4,4.2,No
CUST-05545,Male,0,Yes,Yes,66,No,No phone service,DSL,No,No,No,No,Yes,Yes,One year,Yes,Electronic check,46.94,3231.77,1,0,5.0,No
CUST-05546,Female,0,No,No,26,Yes,No,No,No internet service,No internet service,No internet service,No internet service,No internet service,No internet service,Month-to-month,Yes,Electronic check,18.3,445.15,0,3,4.4,No
CUST-05547,Male,0,No,No,65,Yes,No,No,No internet service,No internet service,No internet service,No internet service,No internet service,No internet service,Two year,Yes,Electronic check,30.36,2120.69,1,0,4.5,No
CUST-05548,Male,0,Yes,No,5,Yes,No,Fiber optic,No,Yes,Yes,No,No,No,One year,Yes,Mailed check,104.83,507.98,1,0,4.6,No
CUST-05549,Male,0,Yes,No,41,Yes,No,DSL,No,Yes,Yes,No,No,No,Month-to-month,Yes,Mailed check,61.0,2347.19,2,6,3.9,No
CUST-05550,Female,0,Yes,No,6,Yes,Yes,DSL,No,No,Yes,No,No,No,Month-to-month,Yes,Electronic check,72.43,463.55,3,1,4.6,Yes
CUST-05551,Female,0,Yes,Yes,40,Yes,Yes,Fiber optic,No,No,No,No,Yes,No,One year,Yes,Mailed check,90.6,3485.29,2,0,4.4,No
CUST-05552,Male,0,Yes,No,1,Yes,No,No,No internet service,No internet service,No internet service,No internet service,No internet service,No internet service,One year,No,Mailed check,35.35,33.35,2,0,5.0,No
CUST-05553,Female,0,Yes,No,12,Yes,No,Fiber optic,Yes,No,No,No,Yes,No,Month-to-month,No,Electronic check,74.89,969.22,2,3,4.1,Yes
CUST-05554,Female,0,No,No,11,Yes,Yes,No,No internet service,No internet service,No internet service,No internet service,No internet service,No internet service,One year,Yes,Electronic check,18.0,182.77,1,0,5.0,No
CUST-05555,Female,0,No,Yes,52,Yes,No,Fiber optic,Yes,No,No,No,No,No,Month-to-month,Yes,Bank transfer (automatic),73.12,3919.22,3,3,3.7,No
CUST-05556,Female,0,No,No,47,Yes,Yes,No,No internet service,No internet service,No internet service,No internet service,No internet service,No internet service,Two year,No,Credit card (automatic),35.87,1656.21,1,1,4.7,No
CUST-05557,Male,0,Yes,Yes,41,Yes,No,No,No internet service,No internet service,No internet service,No internet service,No internet service,No internet service,Two year,Yes,Electronic check,42.36,1825.13,3,0,4.5,No
CUST-05558,Male,0,No,No,15,Yes,No,DSL,No,No,No,No,Yes,Yes,Two year,Yes,Mailed check,57.11,797.19,0,0,4.9,No
CUST-05559,Female,0,Yes,No,20,Yes,No,DSL,No,No,No,Yes,No,Yes,Two year,Yes,Electronic check,58.28,,5,0,4.0,No
CUST-05560,Male,1,Yes,No,28,No,No phone service,No,No internet service,No internet service,No internet service,No internet service,No internet service,No internet service,Two year,No,Electronic check,19.93,534.97,0,1,5.0,Yes
CUST-05561,Male,0,No,No,71,Yes,No,Fiber optic,No,No,Yes,Yes,No,No,Month-to-month,No,Electronic check,72.04,4809.01,2,1,4.5,No
CUST-05562,Male,0,No,No,51,Yes,Yes,DSL,Yes,No,No,No,No,No,Month-to-month,Yes,Mailed check,67.92,3508.5,1,1,4.6,No
CUST-05563,Female,1,No,No,3,No,No phone service,No,No internet service,No internet service,No internet service,No internet service,No internet service,No internet service,Month-to-month,No,Mailed check,49.57,144.36,0,2,3.5,No
CUST-05564,Male,0,No,No,3,Yes,Yes,DSL,Yes,Yes,No,No,Yes,No,Month-to-month,Yes,Mailed check,67.81,200.01,0,4,4.4,Yes
CUST-05565,Male,0,No,No,26,Yes,Yes,Fiber optic,No,No,No,No,No,No,Month-to-month,Yes,Mailed check,91.23,2431.16,4,0,4.4,No
CUST-05566,Female,0,No,Yes,16,No,No phone service,No,No internet service,No internet service,No internet service,No internet service,No internet service,No internet service,One year,Yes,Mailed check,22.91,341.6,3,2,3.8,Yes
CUST-05567,Male,1,No,No,30,Yes,No,DSL,Yes,No,Yes,No,No,Yes,Month-to-month,No,Mailed check,70.64,2219.92,3,1,4.2,No
CUST-05568,Male,0,Yes,No,72,No,No phone service,DSL,No,Yes,Yes,Yes,No,Yes,Two year,Yes,Electronic check,80.35,5691.47,0,1,4.1,No
CUST-05569,Male,0,Yes,No,15,Yes,No,Fiber optic,Yes,No,Yes,No,No,Yes,Two year,No,Electronic check,84.15,1214.38,2,0,4.7,No
CUST-05570,Male,0,No,No,43,Yes,No,Fiber optic,No,No,Yes,No,No,Yes,Two year,No,Electronic check,96.78,4370.89,2,2,4.3,No
CUST-05571,Female,0,No,No,35,Yes,No,DSL,No,No,No,No,No,No,Month-to-month,Yes,Bank transfer (automatic),42.49,1426.07,0,0,4.6,No
CUST-05572,Female,1,Yes,Yes,48,Yes,No,Fiber optic,No,Yes,Yes,No,Yes,No,Two year,Yes,Mailed check,115.43,,1,0,4.3,No
CUST-05573,Male,0,Yes,No,40,Yes,No,Fiber optic,No,No,No,No,No,No,Month-to-month,Yes,Electronic check,108.73,,3,0,4.3,No
CUST-05574,Female,0,Yes,No,38,Yes,Yes,No,No internet service,No internet service,No internet service,No internet service,No internet service,No internet service,Month-to-month,Yes,Electronic check,18.0,690.42,1,4,4.9,No
CUST-05575,Female,1,No,No,20,Yes,No,Fiber optic,No,No,Yes,Yes,Yes,Yes,One year,Yes,Bank transfer (automatic),95.49,1879.4,0,1,4.8,Yes
CUST-05576,Female,0,Yes,Yes,70,No,No phone service,DSL,No,No,No,No,Yes,No,Month-to-month,Yes,Credit card (automatic),45.64,3379.84,1,0,4.7,No
CUST-05577,Female,0,No,No,20,No,No phone service,DSL,No,Yes,Yes,Yes,No,Yes,Two year,No,Electronic check,43.62,858.28,1,0,4.2,No
CUST-05578,Female,0,Yes,No,11,No,No phone service,DSL,Yes,No,No,No,No,Yes,Two year,No,Bank transfer (automatic),74.51,843.9,0,0,4.3,No
CUST-05579,Male,0,Yes,Yes,7,Yes,Yes,DSL,No,No,No,No,No,No,One year,Yes,Electronic check,55.86,421.22,2,2,4.0,Yes
CUST-05580,Male,0,Yes,No,5,Yes,No,DSL,Yes,Yes,No,No,Yes,No,Month-to-month,No,Electronic check,60.99,280.67,4,3,3.7,No
CUST-05581,Female,0,No,Yes,26,Yes,No,No,No internet service,No internet service,No internet service,No internet service,No internet service,No internet service,Two year,Yes,Electronic check,21.27,516.66,1,1,4.6,No
CUST-05582,Female,0,Yes,No,59,Yes,No,No,No internet service,No internet service,No internet service,No internet service,No internet service,No internet service,One year,Yes,Mailed check,46.55,2777.76,0,0,4.4,No
CUST-05583,Female,0,Yes,Yes,12,No,No phone service,DSL,No,Yes,No,No,No,No,Month-to-month,Yes,Electronic check,68.88,793.24,1,0,4.9,No
CUST-05584,Male,0,No,Yes,1,Yes,No,No,No internet service,No internet service,No internet service,No internet service,No internet service,No internet service,Month-to-month,Yes,Mailed check,36.63,33.74,0,0,3.9,No
CUST-05585,Male,1,No,No,39,Yes,Yes,Fiber optic,No,No,No,Yes,No,No,Month-to-month,Yes,Credit card (automatic),92.47,3862.61,1,1,4.8,No
CUST-05586,Female,0,Yes,Yes,41,Yes,No,Fiber optic,No,No,No,No,No,No,Two year,No,Electronic check,120.0,4750.81,4,0,3.7,Yes
CUST-05587,Male,0,No,Yes,41,Yes,Yes,No,No internet service,No internet service,No internet service,No internet service,No internet service,No internet service,Two year,No,Bank transfer (automatic),31.97,1414.94,0,1,4.4,No
CUST-05588,Female,0,Yes,No,1,Yes,No,DSL,Yes,No,No,No,Yes,No,Month-to-month,No,Electronic check,45.27,43.17,1,3,4.0,No
CUST-05589,Female,0,No,Yes,15,Yes,No,Fiber optic,Yes,No,No,No,No,Yes,Month-to-month,Yes,Mailed check,100.47,1609.61,2,2,5.0,No
CUST-05590,Female,0,Yes,Yes,26,Yes,No,DSL,No,No,No,Yes,Yes,No,One year,No,Credit card (automatic),72.35,1731.73,3,1,3.8,Yes
CUST-05591,Male,0,No,No,54,Yes,No,No,No internet service,No internet service,No internet service,No internet service,No internet service,No internet service,Month-to-month,Yes,Electronic check,25.13,1379.5,2,2,4.9,No
CUST-05592,Female,0,No,No,47,Yes,Yes,DSL,No,No,No,Yes,Yes,No,Month-to-month,No,Mailed check,60.09,2934.6,1,1,4.8,No
CUST-05593,Female,1,No,No,59,Yes,No,Fiber optic,No,Yes,No,Yes,No,No,Two year,No,Mailed check,102.78,6252.11,5,2,3.9,No
CUST-05594,Female,0,No,No,40,Yes,Yes,DSL,No,No,Yes,No,No,Yes,Two year,Yes,Credit card (automatic),66.9,2798.32,0,1,4.1,No
CUST-05595,Female,0,Yes,No,30,Yes,Yes,Fiber optic,Yes,No,No,Yes,Yes,No,Month-to-month,Yes,Electronic check,83.1,2639.09,6,1,3.9,Yes
CUST-05596,Male,0,No,No,41,Yes,Yes,Fiber optic,No,No,Yes,Yes,Yes,No,Two year,No,Electronic check,110.61,4418.61,5,0,4.3,No
CUST-05597,Female,0,Yes,No,28,Yes,No,Fiber optic,Yes,No,No,No,No,No,Month-to-month,No,Electronic check,86.64,2465.07,4,4,3.1,Yes
CUST-05598,Female,0,Yes,No,12,No,No phone service,DSL,No,Yes,No,No,No,No,Month-to-month,Yes,Bank transfer (automatic),47.42,588.43,2,2,4.2,No
CUST-05599,Female,0,No,No,42,Yes,No,DSL,No,No,No,No,No,Yes,One year,No,Mailed check,78.84,3500.77,3,0,4.1,No
CUST-05600,Female,0,No,No,22,Yes,No,DSL,No,No,Yes,No,No,No,Month-to-month,No,Mailed check,67.05,1362.53,4,3,3.7,No
CUST-05601,Male,0,No,No,20,Yes,No,DSL,No,No,No,No,Yes,Yes,One year,Yes,Electronic check,55.89,1032.81,0,0,5.0,No
CUST-05602,Female,0,No,No,52,Yes,Yes,DSL,Yes,Yes,Yes,No,No,Yes,Month-to-month,Yes,Mailed check,52.08,2922.11,2,1,3.9,No
CUST-05603,Male,0,No,Yes,5,Yes,No,Fiber optic,Yes,No,No,No,No,No,Month-to-month,Yes,Credit card (automatic),83.84,394.01,4,0,4.4,Yes
CUST-05604,Male,1,No,No,2,Yes,Yes,Fiber optic,Yes,Yes,Yes,No,No,No,One year,Yes,Bank transfer (automatic),120.0,230.69,3,0,4.0,No
CUST-05605,Female,0,No,No,26,Yes,No,No,No internet service,No internet service,No internet service,No internet service,No internet service,No internet service,Month-to-month,Yes,Credit card (automatic),33.06,829.39,1,3,3.9,Yes
CUST-05606,Male,0,No,No,43,Yes,No,Fiber optic,No,No,No,Yes,No,No,Month-to-month,Yes,Bank transfer (automatic),73.89,3132.16,1,0,4.5,No
CUST-05607,Male,0,Yes,No,61,Yes,Yes,DSL,Yes,No,No,No,No,Yes,Month-to-month,Yes,Bank transfer (automatic),44.63,2828.18,1,0,4.1,No
CUST-05608,Female,0,No,Yes,38,Yes,Yes,No,No internet service,No internet service,No internet service,No internet service,No internet service,No internet service,One year,Yes,Credit card (automatic),40.96,1665.48,4,0,5.0,No
CUST-05609,Female,0,No,Yes,19,Yes,Yes,DSL,No,No,No,No,Yes,No,One year,Yes,Mailed check,55.45,1061.08,2,0,4.5,No
CUST-05610,Male,0,No,No,25,Yes,No,No,No internet service,No internet service,No internet service,No internet service,No internet service,No internet service,One year,Yes,Bank transfer (automatic),32.24,815.48,2,0,4.9,No
CUST-05611,Male,0,Yes,No,28,Yes,Yes,Fiber optic,No,Yes,No,No,Yes,No,Month-to-month,Yes,Electronic check,112.07,3086.48,1,0,4.4,Yes
CUST-05612,Male,0,Yes,No,25,Yes,No,DSL,No,No,No,No,Yes,No,Month-to-month,Yes,Electronic check,68.3,,2,1,5.0,No
CUST-05613,Female,0,Yes,Yes,49,Yes,Yes,No,No internet service,No internet service,No internet service,No internet service,No internet service,No internet service,Month-to-month,Yes,Mailed check,41.14,1867.93,1,3,4.1,No
CUST-05614,Male,0,Yes,Yes,58,Yes,No,Fiber optic,No,Yes,Yes,No,No,No,Month-to-month,No,Mailed check,104.99,6125.89,3,1,3.9,No
CUST-05615,Female,0,No,No,52,Yes,No,No,No internet service,No internet service,No internet service,No internet service,No internet service,No internet service,Month-to-month,No,Electronic check,41.22,2290.23,1,1,4.6,No
CUST-05616,Female,0,Yes,Yes,28,Yes,Yes,Fiber optic,No,Yes,No,Yes,No,No,Two year,Yes,Electronic check,109.96,3215.85,5,0,4.2,No
CUST-05617,Female,0,Yes,No,21,Yes,No,Fiber optic,No,No,No,No,Yes,No,One year,Yes,Bank transfer (automatic),115.62,2384.02,4,0,4.6,Yes
CUST-05618,Male,0,No,No,6,Yes,Yes,Fiber optic,No,No,No,No,Yes,No,Month-to-month,Yes,Bank transfer (automatic),88.78,557.24,2,0,4.7,No
CUST-05619,Female,0,Yes,No,58,Yes,Yes,Fiber optic,No,Yes,Yes,No,No,Yes,One year,No,Electronic check,118.43,6588.98,2,0,5.0,No
CUST-05620,Male,0,Yes,No,70,Yes,No,No,No internet service,No internet service,No internet service,No internet service,No internet service,No internet service,Two year,Yes,Credit card (automatic),32.63,2361.35,1,0,4.0,No
CUST-05621,Male,1,No,No,4,Yes,Yes,DSL,No,No,No,Yes,No,No,Two year,No,Bank transfer (automatic),77.92,299.34,1,1,4.5,No
CUST-05622,Male,0,No,No,10,Yes,No,Fiber optic,Yes,No,No,No,No,No,Two year,Yes,Electronic check,99.73,1034.98,3,0,4.8,No
CUST-05623,Male,0,No,No,16,Yes,No,DSL,No,No,No,Yes,Yes,No,Month-to-month,Yes,Electronic check,67.93,1041.26,1,6,3.5,Yes
CUST-05624,Female,0,No,No,58,Yes,No,Fiber optic,No,No,No,No,Yes,No,One year,No,Credit card (automatic),103.6,5855.81,5,0,4.1,No
CUST-05625,Male,0,No,No,16,Yes,Yes,DSL,No,No,No,No,Yes,No,One year,No,Mailed check,76.12,1175.83,0,0,5.0,No
CUST-05626,Female,0,Yes,Yes,2,Yes,No,Fiber optic,No,Yes,No,Yes,No,Yes,Month-to-month,Yes,Electronic check,100.37,212.67,1,3,3.3,Yes
CUST-05627,Male,0,No,Yes,25,Yes,No,Fiber optic,No,Yes,No,No,No,No,Month-to-month,Yes,Electronic check,85.9,2255.72,3,1,5.0,Yes
CUST-05628,Male,1,No,No,27,Yes,Yes,Fiber optic,No,Yes,Yes,No,No,Yes,Month-to-month,No,Electronic check,95.18,2657.83,1,5,3.3,No
CUST-05629,Male,0,No,No,29,Yes,No,No,No internet service,No internet service,No internet service,No internet service,No internet service,No internet service,Month-to-month,Yes,Bank transfer (automatic),18.0,498.8,2,2,3.7,No
CUST-05630,Male,1,Yes,No,38,Yes,No,DSL,No,No,No,No,No,No,Month-to-month,No,Bank transfer (automatic),69.06,2635.08,2,4,4.1,No
CUST-05631,Male,0,Yes,No,18,Yes,No,Fiber optic,No,No,No,No,Yes,Yes,Month-to-month,No,Mailed check,120.0,2265.85,2,2,3.5,Yes
CUST-05632,Female,0,Yes,No,3,Yes,No,Fiber optic,No,Yes,Yes,No,No,No,Month-to-month,No,Electronic check,102.75,312.36,0,9,2.6,Yes
CUST-05633,Female,0,No,No,8,Yes,Yes,Fiber optic,No,Yes,Yes,No,No,No,Month-to-month,No,Credit card (automatic),70.79,543.36,2,3,4.2,Yes
CUST-05634,Male,0,No,No,53,Yes,No,Fiber optic,No,No,No,No,No,No,Two year,No,Bank transfer (automatic),103.18,5235.94,6,0,4.3,No
CUST-05635,Female,0,Yes,Yes,48,Yes,No,DSL,No,Yes,No,Yes,Yes,Yes,Month-to-month,Yes,Bank transfer (automatic),65.21,3231.12,1,1,3.9,No
CUST-05636,Female,0,No,No,19,Yes,No,Fiber optic,Yes,No,Yes,Yes,No,No,Month-to-month,Yes,Electronic check,82.05,1600.55,5,2,4.9,Yes
CUST-05637,Male,0,No,Yes,68,Yes,Yes,DSL,Yes,No,No,No,Yes,Yes,Month-to-month,No,Credit card (automatic),64.49,4074.38,1,3,3.1,No
CUST-05638,Male,0,No,Yes,39,Yes,Yes,DSL,No,No,Yes,No,No,No,Month-to-month,Yes,Bank transfer (automatic),63.6,2338.23,1,0,4.9,No
CUST-05639,Male,0,Yes,Yes,58,Yes,Yes,No,No internet service,No internet service,No internet service,No internet service,No internet service,No internet service,Month-to-month,No,Electronic check,34.08,1905.39,1,2,4.5,Yes
CUST-05640,Female,0,No,No,58,Yes,Yes,No,No internet service,No internet service,No internet service,No internet service,No internet service,No internet service,Two year,Yes,Credit card (automatic),18.0,1035.9,2,2,4.8,No
CUST-05641,Female,0,No,No,22,Yes,No,Fiber optic,No,No,No,Yes,No,No,One year,Yes,Mailed check,114.59,2341.34,2,0,5.0,No
CUST-05642,Male,1,No,No,43,Yes,No,DSL,No,No,No,No,No,No,Month-to-month,No,Electronic check,43.55,1849.66,1,1,5.0,No
CUST-05643,Female,0,No,No,43,Yes,No,Fiber optic,No,No,No,No,Yes,No,Two year,No,Mailed check,81.3,3685.21,3,0,4.5,No
CUST-05644,Female,0,No,No,33,Yes,Yes,Fiber optic,No,No,No,Yes,Yes,Yes,Month-to-month,Yes,Credit card (automatic),92.68,3244.67,1,0,4.6,No
CUST-05645,Female,0,Yes,No,46,Yes,No,Fiber optic,No,Yes,Yes,No,No,Yes,Month-to-month,Yes,Mailed check,81.36,3614.55,2,1,5.0,No
CUST-05646,Male,0,No,Yes,25,No,No phone service,No,No internet service,No internet service,No internet service,No internet service,No internet service,No internet service,Month-to-month,Yes,Mailed check,34.69,904.16,2,2,4.3,Yes
CUST-05647,Female,0,Yes,No,8,Yes,No,Fiber optic,No,Yes,No,No,Yes,No,Month-to-month,Yes,Mailed check,108.35,899.55,3,1,4.5,No
CUST-05648,Female,0,No,No,4,Yes,No,Fiber optic,No,No,No,No,Yes,Yes,One year,Yes,Credit card (automatic),95.34,393.7,0,1,4.7,Yes
CUST-05649,Female,0,No,No,33,Yes,No,DSL,No,Yes,No,Yes,No,Yes,Month-to-month,Yes,Electronic check,52.16,1810.04,2,7,2.9,No
CUST-05650,Female,0,No,Yes,66,Yes,No,Fiber optic,No,No,Yes,No,Yes,No,Month-to-month,No,Electronic check,110.23,7688.52,2,3,3.8,No
CUST-05651,Female,0,No,Yes,16,Yes,No,Fiber optic,Yes,Yes,No,No,No,Yes,One year,Yes,Bank transfer (automatic),88.92,1446.33,4,1,3.9,Yes
CUST-05652,Female,1,Yes,No,43,Yes,Yes,Fiber optic,No,No,No,Yes,No,No,Month-to-month,Yes,Electronic check,107.06,4768.86,6,0,5.0,Yes
CUST-05653,Male,1,Yes,No,12,No,No phone service,Fiber optic,No,No,No,Yes,No,No,One year,Yes,Mailed check,77.53,858.26,4,1,4.6,No
CUST-05654,Male,0,No,No,46,Yes,No,DSL,No,Yes,No,No,No,No,Two year,Yes,Credit card (automatic),60.09,2606.84,3,0,4.7,No
CUST-05655,Male,0,Yes,No,14,No,No phone service,No,No internet service,No internet service,No internet service,No internet service,No internet service,No internet service,Month-to-month,No,Electronic check,36.35,473.95,1,2,4.0,Yes
CUST-05656,Male,0,Yes,No,32,Yes,No,No,No internet service,No internet service,No internet service,No internet service,No internet service,No internet service,Month-to-month,No,Electronic check,19.04,589.24,0,0,5.0,No
CUST-05657,Female,0,No,No,59,Yes,Yes,Fiber optic,No,Yes,No,No,No,Yes,Month-to-month,No,Electronic check,102.01,5760.27,1,2,4.1,No
CUST-05658,Female,0,Yes,No,27,Yes,Yes,DSL,Yes,No,No,No,No,No,Month-to-month,Yes,Bank transfer (automatic),51.33,1476.72,0,2,4.2,No
CUST-05659,Female,0,Yes,Yes,68,Yes,No,DSL,Yes,Yes,No,No,No,No,Two year,Yes,Mailed check,42.85,2812.39,0,0,4.5,No
CUST-05660,Female,0,Yes,No,4,Yes,No,DSL,No,Yes,Yes,No,Yes,No,Month-to-month,No,Credit card (automatic),48.92,183.28,1,2,4.4,Yes
CUST-05661,Male,0,No,No,7,Yes,No,Fiber optic,No,Yes,No,No,Yes,Yes,Month-to-month,Yes,Electronic check,91.74,630.51,1,2,4.4,Yes
CUST-05662,Male,0,Yes,No,13,Yes,No,DSL,Yes,No,No,No,No,Yes,One year,Yes,Electronic check,65.56,847.01,0,2,4.8,No
CUST-05663,Female,1,No,No,18,Yes,No,No,No internet service,No internet service,No internet service,No internet service,No internet service,No internet service,One year,Yes,Credit card (automatic),49.52,940.65,3,0,4.7,No
CUST-05664,Male,1,No,Yes,31,Yes,No,Fiber optic,No,No,No,No,Yes,No,Month-to-month,Yes,Mailed check,83.07,2581.14,4,3,4.5,No
CUST-05665,Female,0,Yes,No,66,Yes,Yes,Fiber optic,Yes,No,No,No,Yes,No,Month-to-month,Yes,Mailed check,84.65,5233.38,3,2,4.6,Yes
CUST-05666,Male,0,No,No,18,Yes,No,No,No internet service,No internet service,No internet service,No internet service,No internet service,No internet service,Month-to-month,Yes,Credit card (automatic),32.43,569.95,2,4,3.8,No
CUST-05667,Male,0,Yes,No,26,Yes,No,Fiber optic,No,No,No,No,Yes,Yes,Month-to-month,Yes,Electronic check,99.37,2764.22,1,2,4.7,No
CUST-05668,Female,0,No,No,4,Yes,No,Fiber optic,No,No,No,No,Yes,Yes,Month-to-month,Yes,Bank transfer (automatic),77.81,334.98,0,2,5.0,Yes
CUST-05669,Female,0,Yes,No,52,Yes,No,No,No internet service,No internet service,No internet service,No internet service,No internet service,No internet service,Month-to-month,Yes,Bank transfer (automatic),27.7,1452.0,2,0,4.7,No
CUST-05670,Female,1,Yes,No,40,No,No phone service,Fiber optic,No,No,No,No,Yes,No,Month-to-month,No,Mailed check,82.97,3326.27,5,0,4.2,No
CUST-05671,Male,0,Yes,No,4,Yes,Yes,Fiber optic,Yes,No,No,No,No,No,Two year,No,Electronic check,87.55,332.46,0,0,4.7,No
CUST-05672,Female,0,Yes,Yes,34,Yes,No,Fiber optic,No,No,No,Yes,Yes,Yes,Month-to-month,Yes,Electronic check,110.11,,1,2,4.7,Yes
CUST-05673,Female,1,No,No,16,Yes,No,Fiber optic,No,No,Yes,No,Yes,No,Two year,No,Bank transfer (automatic),114.04,1792.31,2,0,4.7,No
CUST-05674,Female,0,Yes,Yes,31,Yes,Yes,Fiber optic,Yes,Yes,No,Yes,No,No,Month-to-month,Yes,Electronic check,88.38,2681.32,1,3,4.7,No
CUST-05675,Male,0,No,No,21,Yes,No,Fiber optic,Yes,No,Yes,No,No,No,Month-to-month,Yes,Electronic check,78.82,1643.16,3,3,3.3,Yes
CUST-05676,Male,0,Yes,No,57,Yes,Yes,DSL,Yes,No,No,No,No,No,Two year,Yes,Electronic check,62.83,3402.28,2,1,4.7,No
CUST-05677,Female,0,No,No,5,Yes,No,No,No internet service,No internet service,No internet service,No internet service,No internet service,No internet service,One year,Yes,Bank transfer (automatic),34.78,181.78,3,0,4.4,No
CUST-05678,Male,0,No,No,44,Yes,No,Fiber optic,Yes,Yes,No,No,No,No,Month-to-month,No,Credit card (automatic),95.49,4290.55,2,1,4.7,No
CUST-05679,Female,0,Yes,No,58,Yes,No,No,No internet service,No internet service,No internet service,No internet service,No internet service,No internet service,Two year,Yes,Bank transfer (automatic),36.51,2136.86,4,1,4.9,No
CUST-05680,Male,0,No,No,1,Yes,Yes,DSL,No,Yes,No,No,No,No,One year,Yes,Mailed check,49.43,46.93,2,0,4.5,No
CUST-05681,Male,0,No,No,66,Yes,Yes,Fiber optic,No,Yes,No,No,Yes,No,One year,No,Electronic check,99.78,6106.84,1,2,3.9,No
CUST-05682,Female,0,No,No,55,Yes,Yes,No,No internet service,No internet service,No internet service,No internet service,No internet service,No internet service,Month-to-month,No,Electronic check,41.45,2270.0,1,4,4.3,No
CUST-05683,Male,0,No,No,21,Yes,Yes,Fiber optic,No,Yes,No,No,No,No,Month-to-month,Yes,Electronic check,77.45,1627.33,7,1,4.1,No
CUST-05684,Male,1,No,No,35,Yes,Yes,DSL,No,Yes,Yes,Yes,Yes,No,Two year,Yes,Bank transfer (automatic),60.95,2154.27,0,1,5.0,No
CUST-05685,Female,0,Yes,Yes,50,Yes,No,Fiber optic,No,No,No,No,Yes,No,Month-to-month,Yes,Bank transfer (automatic),72.61,3403.68,3,0,4.2,No
CUST-05686,Male,0,No,No,38,Yes,No,DSL,Yes,No,No,Yes,No,Yes,Month-to-month,No,Electronic check,85.39,2988.89,1,6,3.3,Yes
CUST-05687,Female,0,Yes,No,55,Yes,Yes,Fiber optic,No,Yes,No,No,Yes,No,One year,Yes,Bank transfer (automatic),112.47,6296.02,3,1,4.5,No
CUST-05688,Male,0,No,No,65,Yes,No,DSL,No,No,No,No,Yes,No,Month-to-month,Yes,Bank transfer (automatic),59.98,4153.93,0,1,4.3,No
CUST-05689,Female,0,No,No,26,Yes,Yes,DSL,Yes,No,No,No,No,No,One year,No,Bank transfer (automatic),52.41,1309.48,0,0,4.6,Yes
CUST-05690,Male,0,No,No,8,Yes,No,DSL,Yes,No,Yes,No,Yes,No,Month-to-month,No,Credit card (automatic),47.74,387.59,1,2,4.7,No
CUST-05691,Male,0,No,No,32,Yes,No,Fiber optic,Yes,No,No,No,Yes,Yes,Two year,Yes,Electronic check,94.04,2838.59,7,1,4.3,No
CUST-05692,Female,0,Yes,Yes,44,Yes,No,Fiber optic,No,No,No,No,No,Yes,Month-to-month,No,Bank transfer (automatic),77.1,3300.61,1,1,4.1,No
CUST-05693,Female,0,No,Yes,56,Yes,Yes,DSL,No,Yes,No,Yes,Yes,No,Month-to-month,Yes,Electronic check,66.89,3516.42,3,1,4.0,No
CUST-05694,Male,0,Yes,No,21,Yes,No,Fiber optic,No,Yes,No,No,No,No,Two year,Yes,Electronic check,57.76,1167.32,1,1,3.1,No
CUST-05695,Female,0,No,No,67,Yes,No,Fiber optic,No,No,No,No,Yes,Yes,One year,Yes,Electronic check,113.17,7776.4,3,0,5.0,No
CUST-05696,Male,0,No,No,3,Yes,No,No,No internet service,No internet service,No internet service,No internet service,No internet service,No internet service,Month-to-month,Yes,Electronic check,27.75,78.94,0,3,5.0,No
CUST-05697,Male,0,Yes,No,42,Yes,Yes,No,No internet service,No internet service,No internet service,No internet service,No internet service,No internet service,Two year,No,Electronic check,32.9,1428.31,2,0,4.7,No
CUST-05698,Female,0,No,No,32,Yes,No,No,No internet service,No internet service,No internet service,No internet service,No internet service,No internet service,Month-to-month,No,Credit card (automatic),18.0,559.75,2,4,2.9,No
CUST-05699,Female,0,Yes,No,51,Yes,No,No,No internet service,No internet service,No internet service,No internet service,No internet service,No internet service,Month-to-month,Yes,Mailed check,31.4,1685.39,1,0,5.0,No
CUST-05700,Male,0,No,No,21,Yes,No,Fiber optic,No,No,No,No,Yes,No,Two year,No,Bank transfer (automatic),100.71,2080.63,1,0,5.0,No
CUST-05701,Female,0,No,No,68,Yes,No,DSL,No,Yes,No,Yes,No,Yes,One year,Yes,Bank transfer (automatic),81.11,5679.94,3,0,3.9,No
CUST-05702,Male,0,No,No,1,Yes,No,No,No internet service,No internet service,No internet service,No internet service,No internet service,No internet service,Month-to-month,No,Credit card (automatic),38.18,38.15,1,0,5.0,No
CUST-05703,Male,0,No,No,59,Yes,Yes,Fiber optic,No,No,Yes,No,Yes,Yes,Two year,No,Electronic check,94.32,5476.74,3,0,4.0,No
CUST-05704,Male,0,Yes,No,36,Yes,Yes,DSL,No,No,No,No,No,Yes,One year,No,Electronic check,59.99,2015.58,1,0,5.0,No
CUST-05705,Male,0,Yes,No,38,Yes,No,DSL,Yes,No,Yes,No,No,No,Two year,No,Bank transfer (automatic),79.84,2912.14,3,1,3.9,Yes
CUST-05706,Female,0,Yes,No,23,Yes,Yes,Fiber optic,Yes,No,No,No,Yes,No,One year,Yes,Credit card (automatic),82.1,1940.0,4,1,4.2,No
CUST-05707,Male,0,Yes,No,29,No,No phone service,DSL,No,Yes,Yes,No,No,Yes,Month-to-month,No,Electronic check,48.96,1415.77,1,2,4.4,No
CUST-05708,Male,0,Yes,Yes,32,Yes,Yes,No,No internet service,No internet service,No internet service,No internet service,No internet service,No internet service,Two year,Yes,Mailed check,24.16,822.08,0,0,4.8,No
CUST-05709,Female,0,No,No,23,Yes,Yes,DSL,No,Yes,Yes,No,Yes,No,Two year,Yes,Mailed check,48.59,1161.98,3,0,4.2,No
CUST-05710,Female,0,No,No,1,Yes,Yes,DSL,Yes,Yes,Yes,No,No,No,One year,No,Credit card (automatic),48.89,45.12,0,1,5.0,Yes
CUST-05711,Male,0,Yes,No,29,Yes,No,DSL,No,Yes,No,No,No,Yes,Month-to-month,Yes,Bank transfer (automatic),74.92,2213.11,1,2,5.0,No
CUST-05712,Female,0,No,No,29,No,No phone service,Fiber optic,No,No,Yes,No,Yes,Yes,Two year,No,Credit card (automatic),115.88,3098.68,7,1,4.6,No
CUST-05713,Male,0,No,No,52,Yes,Yes,Fiber optic,Yes,No,Yes,No,No,No,One year,Yes,Mailed check,102.19,5699.88,4,0,4.6,No
CUST-05714,Female,0,Yes,No,34,Yes,Yes,Fiber optic,No,No,No,Yes,Yes,No,Month-to-month,No,Electronic check,88.16,2995.49,4,2,4.1,Yes
CUST-05715,Female,0,No,No,40,Yes,Yes,DSL,No,No,No,Yes,No,No,Month-to-month,No,Bank transfer (automatic),79.41,3201.66,1,1,4.0,No
CUST-05716,Male,0,Yes,Yes,34,Yes,Yes,No,No internet service,No internet service,No internet service,No internet service,No internet service,No internet service,Two year,Yes,Bank transfer (automatic),18.0,595.23,1,2,4.5,No
CUST-05717,Male,0,No,No,31,Yes,No,Fiber optic,Yes,No,No,No,Yes,No,One year,Yes,Mailed check,86.32,2600.87,5,0,3.7,No
CUST-05718,Female,0,No,No,52,Yes,No,DSL,No,Yes,No,No,Yes,No,One year,Yes,Electronic check,50.38,2714.11,1,1,4.6,No
CUST-05719,Male,0,Yes,No,49,Yes,Yes,DSL,No,No,No,Yes,Yes,Yes,One year,Yes,Electronic check,70.54,3421.53,1,0,3.8,No
CUST-05720,Male,0,Yes,Yes,72,Yes,Yes,Fiber optic,No,No,No,No,No,No,Month-to-month,Yes,Bank transfer (automatic),107.74,7236.04,3,3,3.6,No
CUST-05721,Female,0,No,Yes,36,Yes,Yes,Fiber optic,No,No,No,Yes,Yes,Yes,One year,Yes,Electronic check,109.3,3965.32,2,0,4.5,No
CUST-05722,Male,0,Yes,No,3,No,No phone service,Fiber optic,No,No,No,No,No,Yes,Month-to-month,Yes,Electronic check,90.61,253.14,4,2,4.5,Yes
CUST-05723,Female,0,No,Yes,43,Yes,Yes,DSL,No,No,No,No,No,No,Month-to-month,Yes,Bank transfer (automatic),46.51,2054.38,4,0,4.3,No
CUST-05724,Female,0,No,Yes,29,Yes,No,No,No internet service,No internet service,No internet service,No internet service,No internet service,No internet service,Two year,No,Bank transfer (automatic),44.63,1268.1,1,1,4.5,No
CUST-05725,Male,0,Yes,No,7,Yes,Yes,DSL,No,Yes,No,Yes,No,No,Month-to-month,No,Mailed check,36.09,232.51,1,4,4.3,No
CUST-05726,Male,1,No,No,62,Yes,Yes,DSL,Yes,Yes,No,No,No,No,Month-to-month,Yes,Bank transfer (automatic),46.88,2837.15,0,1,4.6,No
CUST-05727,Female,1,No,No,46,Yes,No,Fiber optic,Yes,No,No,No,No,Yes,Month-to-month,No,Mailed check,101.01,4970.93,2,1,4.9,No
CUST-05728,Male,0,Yes,No,46,Yes,Yes,Fiber optic,No,No,No,Yes,No,No,Two year,Yes,Mailed check,77.01,3603.96,1,1,4.3,No
CUST-05729,Male,0,No,No,46,Yes,No,No,No internet service,No internet service,No internet service,No internet service,No internet service,No internet service,Month-to-month,No,Credit card (automatic),18.0,840.56,2,2,4.0,No
CUST-05730,Male,0,No,No,71,Yes,No,Fiber optic,No,Yes,Yes,Yes,No,Yes,One year,Yes,Electronic check,104.22,7779.03,1,1,5.0,No
CUST-05731,Female,0,No,No,50,Yes,Yes,DSL,No,Yes,No,No,No,No,Month-to-month,Yes,Electronic check,50.93,2593.7,1,1,4.7,No
CUST-05732,Male,0,Yes,Yes,52,Yes,No,No,No internet service,No internet service,No internet service,No internet service,No internet service,No internet service,Month-to-month,Yes,Mailed check,25.9,1352.46,2,0,5.0,No
CUST-05733,Female,0,Yes,No,55,Yes,Yes,Fiber optic,Yes,No,Yes,No,Yes,No,Month-to-month,Yes,Mailed check,110.42,6452.05,4,1,4.7,No
CUST-05734,Male,0,No,No,53,No,No phone service,Fiber optic,No,No,No,No,No,No,Two year,Yes,Credit card (automatic),69.81,3424.27,0,1,5.0,No
CUST-05735,Female,0,No,Yes,51,Yes,No,DSL,No,Yes,No,Yes,No,No,Month-to-month,Yes,Mailed check,53.38,2840.24,1,0,4.9,No
CUST-05736,Female,0,Yes,No,6,Yes,No,DSL,No,No,Yes,Yes,Yes,Yes,Month-to-month,Yes,Bank transfer (automatic),55.33,353.28,1,3,4.6,Yes
CUST-05737,Male,0,No,No,29,No,No phone service,No,No internet service,No internet service,No internet service,No internet service,No internet service,No internet service,Month-to-month,No,Bank transfer (automatic),34.56,926.85,2,0,4.8,No
CUST-05738,Female,0,No,No,20,Yes,Yes,No,No internet service,No internet service,No internet service,No internet service,No internet service,No internet service,One year,Yes,Mailed check,25.67,545.58,1,1,4.6,No
CUST-05739,Male,0,Yes,No,65,Yes,No,No,No internet service,No internet service,No internet service,No internet service,No internet service,No internet service,Month-to-month,No,Credit card (automatic),40.18,2417.35,3,1,3.8,No
CUST-05740,Male,0,No,No,43,Yes,No,No,No internet service,No internet service,No internet service,No internet service,No internet service,No internet service,One year,Yes,Electronic check,30.15,1237.69,1,1,4.9,No
CUST-05741,Female,0,No,No,38,Yes,No,Fiber optic,Yes,Yes,No,No,No,No,Month-to-month,No,Bank transfer (automatic),77.12,3123.93,4,2,4.1,No
CUST-05742,Female,0,No,No,38,Yes,No,Fiber optic,Yes,Yes,No,No,No,No,One year,Yes,Bank transfer (automatic),114.43,4066.99,0,0,5.0,Yes
CUST-05743,Female,0,No,Yes,50,Yes,No,DSL,No,Yes,Yes,No,No,Yes,Month-to-month,No,Credit card (automatic),46.91,2195.25,2,4,4.5,No
CUST-05744,Male,0,No,Yes,55,No,No phone service,No,No internet service,No internet service,No internet service,No internet service,No internet service,No internet service,One year,Yes,Electronic check,38.38,2208.24,1,0,5.0,No
CUST-05745,Male,0,No,Yes,15,Yes,Yes,Fiber optic,No,Yes,Yes,No,Yes,Yes,Month-to-month,Yes,Electronic check,105.98,1711.39,5,2,3.5,Yes
CUST-05746,Male,0,No,No,72,Yes,Yes,Fiber optic,No,No,No,No,No,No,Two year,Yes,Electronic check,104.48,8091.37,0,0,5.0,No
CUST-05747,Male,0,Yes,Yes,55,No,No phone service,Fiber optic,No,Yes,No,Yes,No,No,Two year,No,Electronic check,79.55,4045.29,2,0,4.6,No
CUST-05748,Male,1,Yes,Yes,15,Yes,No,DSL,No,No,No,No,No,Yes,Month-to-month,No,Credit card (automatic),47.72,739.84,0,2,5.0,No
CUST-05749,Female,0,No,No,44,No,No phone service,No,No internet service,No internet service,No internet service,No internet service,No internet service,No internet service,One year,Yes,Bank transfer (automatic),19.77,800.72,0,0,5.0,No
CUST-05750,Male,0,No,No,31,No,No phone service,No,No internet service,No internet service,No internet service,No internet service,No internet service,No internet service,Two year,Yes,Mailed check,19.9,637.27,3,0,5.0,No
CUST-05751,Female,0,Yes,No,28,No,No phone service,Fiber optic,No,No,No,No,No,Yes,Month-to-month,No,Bank transfer (automatic),70.28,2095.48,2,1,5.0,No
CUST-05752,Male,0,Yes,No,63,Yes,Yes,DSL,Yes,Yes,Yes,No,No,Yes,Month-to-month,No,Electronic check,66.68,4025.06,0,4,4.4,No
CUST-05753,Male,0,Yes,Yes,21,Yes,No,No,No internet service,No internet service,No internet service,No internet service,No internet service,No internet service,Month-to-month,Yes,Mailed check,46.34,958.08,1,1,4.3,No
CUST-05754,Male,0,No,No,61,Yes,No,Fiber optic,No,No,No,No,No,No,Month-to-month,Yes,Mailed check,84.97,4935.16,2,2,4.8,No
CUST-05755,Male,0,No,No,46,Yes,No,Fiber optic,No,No,No,No,No,No,One year,No,Credit card (automatic),104.65,4573.26,3,0,5.0,No
CUST-05756,Male,0,No,No,59,Yes,No,No,No internet service,No internet service,No internet service,No internet service,No internet service,No internet service,Two year,Yes,Electronic check,43.11,2712.04,1,0,4.6,No
CUST-05757,Male,0,Yes,No,54,Yes,No,Fiber optic,Yes,Yes,Yes,No,No,No,Month-to-month,Yes,Electronic check,99.2,5063.92,3,1,4.5,Yes
CUST-05758,Female,0,No,No,45,Yes,Yes,Fiber optic,No,Yes,No,No,No,No,Two year,No,Credit card (automatic),98.99,4513.3,2,2,4.7,No
CUST-05759,Female,0,Yes,Yes,14,Yes,No,Fiber optic,No,No,Yes,No,No,Yes,Month-to-month,No,Credit card (automatic),81.82,1066.62,2,2,4.3,Yes
CUST-05760,Male,0,Yes,Yes,72,No,No phone service,Fiber optic,No,No,No,Yes,No,No,Two year,Yes,Bank transfer (automatic),64.98,4647.91,2,1,5.0,No
CUST-05761,Male,0,Yes,Yes,47,Yes,No,DSL,No,Yes,Yes,No,No,No,Month-to-month,Yes,Electronic check,60.88,2999.47,2,3,4.5,Yes
CUST-05762,Male,0,No,No,26,Yes,No,DSL,No,No,No,Yes,No,No,Two year,Yes,Electronic check,66.83,1622.28,1,1,4.2,No
CUST-05763,Male,0,No,Yes,19,Yes,Yes,Fiber optic,No,No,No,No,No,No,Two year,Yes,Electronic check,93.49,1728.51,3,2,4.2,Yes
CUST-05764,Male,0,Yes,No,9,Yes,Yes,DSL,No,No,No,No,No,No,Month-to-month,No,Credit card (automatic),47.18,398.97,0,1,4.4,No
CUST-05765,Male,0,Yes,Yes,23,Yes,Yes,No,No internet service,No internet service,No internet service,No internet service,No internet service,No internet service,Month-to-month,Yes,Credit card (automatic),24.88,577.67,0,1,4.1,No
CUST-05766,Female,0,No,No,10,Yes,Yes,Fiber optic,Yes,No,No,No,No,No,Month-to-month,Yes,Bank transfer (automatic),85.01,915.4,1,2,4.0,No
CUST-05767,Male,0,Yes,No,64,Yes,Yes,Fiber optic,Yes,No,Yes,No,No,Yes,Month-to-month,Yes,Credit card (automatic),95.96,5910.42,4,2,4.6,No
CUST-05768,Male,1,No,Yes,32,Yes,Yes,DSL,No,Yes,Yes,No,No,Yes,Two year,No,Mailed check,48.74,1463.8,0,0,5.0,No
CUST-05769,Male,0,Yes,Yes,46,Yes,Yes,Fiber optic,No,Yes,No,No,Yes,Yes,One year,Yes,Electronic check,93.64,4095.54,2,0,4.5,No
CUST-05770,Female,0,Yes,No,58,Yes,No,Fiber optic,No,No,Yes,Yes,No,No,One year,No,Bank transfer (automatic),106.51,5736.24,3,0,3.9,No
CUST-05771,Male,0,Yes,Yes,70,Yes,No,Fiber optic,Yes,No,No,No,No,Yes,One year,Yes,Credit card (automatic),112.81,7534.03,3,0,4.2,No
CUST-05772,Male,1,No,Yes,33,Yes,No,DSL,Yes,No,No,Yes,Yes,Yes,Month-to-month,No,Credit card (automatic),40.31,1313.27,1,2,5.0,No
CUST-05773,Male,0,Yes,No,4,Yes,Yes,Fiber optic,No,No,No,No,Yes,No,One year,Yes,Electronic check,112.33,424.39,4,0,4.9,Yes
CUST-05774,Male,0,Yes,No,45,Yes,No,No,No internet service,No internet service,No internet service,No internet service,No internet service,No internet service,Month-to-month,No,Credit card (automatic),44.85,1859.04,2,0,5.0,No
CUST-05775,Male,0,No,No,69,Yes,Yes,Fiber optic,No,Yes,No,No,No,No,One year,Yes,Mailed check,105.71,7332.56,0,0,5.0,No
CUST-05776,Female,0,Yes,No,26,Yes,No,Fiber optic,No,No,No,Yes,No,No,One year,No,Mailed check,90.69,2279.29,2,0,4.3,Yes
CUST-05777,Male,0,No,No,8,Yes,No,Fiber optic,No,No,No,Yes,No,No,One year,No,Mailed check,95.06,800.56,4,1,4.3,No
CUST-05778,Male,0,Yes,No,52,Yes,No,Fiber optic,No,No,Yes,No,Yes,No,Month-to-month,Yes,Electronic check,99.21,5175.79,4,3,4.5,Yes
CUST-05779,Female,1,No,No,45,Yes,No,Fiber optic,Yes,No,No,Yes,No,Yes,One year,Yes,Mailed check,81.83,3663.98,4,0,5.0,No
CUST-05780,Male,0,Yes,No,12,Yes,Yes,Fiber optic,Yes,No,No,No,No,No,Month-to-month,No,Bank transfer (automatic),104.22,1327.13,3,3,4.2,No
CUST-05781,Male,0,No,No,1,Yes,No,DSL,Yes,No,No,Yes,No,Yes,Month-to-month,Yes,Credit card (automatic),50.09,48.43,2,2,4.7,No
CUST-05782,Male,0,No,No,38,Yes,No,DSL,No,Yes,No,No,No,No,Two year,No,Credit card (automatic),72.11,2758.23,3,0,5.0,No
CUST-05783,Female,1,No,No,11,Yes,No,Fiber optic,Yes,No,No,No,No,No,Month-to-month,Yes,Electronic check,110.39,1211.7,2,4,4.2,Yes
CUST-05784,Female,0,No,No,14,Yes,Yes,No,No internet service,No internet service,No internet service,No internet service,No internet service,No internet service,Month-to-month,Yes,Electronic check,47.26,616.4,1,4,4.3,No
CUST-05785,Female,0,Yes,No,23,Yes,No,Fiber optic,No,No,No,No,No,No,Two year,Yes,Electronic check,120.0,2692.96,6,0,3.6,No
CUST-05786,Female,0,Yes,No,34,Yes,No,Fiber optic,Yes,No,No,No,Yes,No,Month-to-month,No,Electronic check,120.0,4200.51,0,1,5.0,No
CUST-05787,Female,0,No,Yes,59,Yes,No,No,No internet service,No internet service,No internet service,No internet service,No internet service,No internet service,Month-to-month,Yes,Mailed check,32.69,2074.29,1,3,4.6,No
CUST-05788,Female,0,No,No,31,Yes,No,Fiber optic,No,No,No,No,No,No,Month-to-month,Yes,Mailed check,97.27,3064.92,5,2,3.8,No
CUST-05789,Female,0,No,No,61,Yes,No,DSL,No,Yes,Yes,Yes,No,Yes,Month-to-month,Yes,Electronic check,79.27,4477.49,0,3,4.5,No
CUST-05790,Female,0,No,No,44,Yes,Yes,DSL,No,No,Yes,No,No,No,Month-to-month,No,Electronic check,76.92,3366.91,1,1,4.1,No
CUST-05791,Female,1,No,No,29,Yes,No,No,No internet service,No internet service,No internet service,No internet service,No internet service,No internet service,Month-to-month,Yes,Bank transfer (automatic),38.78,1069.51,1,1,4.4,Yes
CUST-05792,Male,1,No,No,37,Yes,No,Fiber optic,No,No,No,No,No,No,Month-to-month,No,Credit card (automatic),88.4,3235.74,0,2,5.0,No
CUST-05793,Male,0,No,No,11,Yes,No,Fiber optic,No,Yes,No,No,No,No,Month-to-month,Yes,Credit card (automatic),96.36,1133.97,2,1,5.0,No
CUST-05794,Female,0,No,No,71,Yes,Yes,Fiber optic,No,No,No,No,No,Yes,Month-to-month,No,Electronic check,110.14,8325.48,3,3,4.1,No
CUST-05795,Male,0,Yes,Yes,22,Yes,No,Fiber optic,No,No,No,Yes,No,No,Two year,No,Mailed check,75.25,1616.88,4,0,4.1,No
CUST-05796,Male,0,No,No,65,No,No phone service,Fiber optic,Yes,Yes,Yes,No,No,Yes,Month-to-month,No,Credit card (automatic),120.0,8305.81,2,1,4.0,No
CUST-05797,Female,0,No,No,47,Yes,No,Fiber optic,No,Yes,Yes,No,Yes,No,Month-to-month,Yes,Credit card (automatic),111.51,4865.19,3,3,3.4,No
CUST-05798,Female,0,Yes,Yes,22,Yes,No,DSL,No,No,Yes,No,No,No,One year,Yes,Credit card (automatic),64.21,1501.03,3,0,4.9,No
CUST-05799,Female,0,No,No,36,Yes,Yes,DSL,No,Yes,No,No,Yes,No,Month-to-month,No,Credit card (automatic),55.54,2063.77,4,1,4.2,No
CUST-05800,Male,0,No,No,9,Yes,No,Fiber optic,Yes,Yes,No,No,Yes,No,Month-to-month,No,Bank transfer (automatic),60.2,578.68,1,1,4.7,No
CUST-05801,Male,0,Yes,Yes,45,Yes,Yes,DSL,No,No,Yes,Yes,No,No,Month-to-month,No,Credit card (automatic),78.09,3443.13,3,1,4.3,No
CUST-05802,Male,0,No,No,5,Yes,No,No,No internet service,No internet service,No internet service,No internet service,No internet service,No internet service,Two year,No,Credit card (automatic),33.47,169.36,0,0,4.9,No
CUST-05803,Male,0,Yes,No,47,Yes,No,DSL,No,Yes,Yes,No,No,Yes,Month-to-month,No,Bank transfer (automatic),62.06,3080.74,5,1,3.8,No
CUST-05804,Female,0,Yes,No,15,Yes,Yes,Fiber optic,No,Yes,Yes,Yes,Yes,No,Month-to-month,Yes,Electronic check,112.93,1718.39,1,5,4.2,Yes
CUST-05805,Male,0,No,Yes,10,Yes,Yes,Fiber optic,Yes,No,No,Yes,No,No,Month-to-month,Yes,Electronic check,90.99,870.27,2,4,3.6,Yes
CUST-05806,Male,0,No,No,16,Yes,No,Fiber optic,Yes,No,No,Yes,No,No,Month-to-month,No,Bank transfer (automatic),120.0,1976.55,6,2,3.4,Yes
CUST-05807,Male,0,No,No,7,Yes,Yes,DSL,Yes,Yes,No,No,No,No,Month-to-month,No,Bank transfer (automatic),85.56,568.92,0,0,5.0,No
CUST-05808,Female,0,Yes,No,64,Yes,Yes,No,No internet service,No internet service,No internet service,No internet service,No internet service,No internet service,One year,Yes,Mailed check,32.87,2008.31,0,0,4.8,No
CUST-05809,Male,1,No,Yes,68,Yes,No,Fiber optic,No,Yes,No,No,No,No,Two year,No,Electronic check,102.24,6557.89,1,0,4.3,No
CUST-05810,Male,1,Yes,Yes,67,Yes,Yes,DSL,No,Yes,No,Yes,No,Yes,One year,Yes,Electronic check,68.08,4281.55,2,0,5.0,No
CUST-05811,Female,0,No,No,52,Yes,Yes,DSL,Yes,No,No,No,No,No,Month-to-month,No,Credit card (automatic),66.82,3385.83,2,3,3.7,No
CUST-05812,Female,1,Yes,No,17,Yes,No,No,No internet service,No internet service,No internet service,No internet service,No internet service,No internet service,Month-to-month,Yes,Electronic check,31.97,564.04,0,2,4.7,No
CUST-05813,Male,0,No,Yes,55,No,No phone service,Fiber optic,No,No,No,No,Yes,No,Month-to-month,No,Credit card (automatic),67.44,3843.24,2,4,3.4,Yes
CUST-05814,Female,1,Yes,No,55,Yes,Yes,Fiber optic,No,Yes,No,No,No,No,Two year,Yes,Bank transfer (automatic),83.54,4626.36,2,0,4.1,No
CUST-05815,Female,1,Yes,No,18,Yes,No,DSL,No,No,Yes,No,No,No,Month-to-month,Yes,Electronic check,36.63,702.41,2,0,5.0,No
CUST-05816,Male,0,Yes,No,61,Yes,Yes,Fiber optic,No,No,No,No,Yes,No,Two year,No,Mailed check,98.49,5795.6,3,0,4.6,No
CUST-05817,Male,1,No,No,72,Yes,No,DSL,No,No,No,Yes,No,No,Two year,No,Credit card (automatic),74.83,5186.11,2,0,3.2,No
CUST-05818,Female,0,No,No,28,Yes,No,DSL,No,No,No,No,No,No,Month-to-month,No,Bank transfer (automatic),70.76,2061.73,1,1,5.0,No
CUST-05819,Male,0,No,No,43,Yes,No,Fiber optic,No,No,No,No,Yes,No,Two year,No,Credit card (automatic),75.51,3358.85,5,1,3.4,No
CUST-05820,Female,1,Yes,No,63,Yes,No,No,No internet service,No internet service,No internet service,No internet service,No internet service,No internet service,Two year,Yes,Credit card (automatic),37.22,2281.04,1,1,4.2,No
CUST-05821,Female,0,Yes,No,19,Yes,No,Fiber optic,Yes,Yes,No,No,Yes,Yes,One year,Yes,Credit card (automatic),109.53,2219.66,8,0,4.3,No
CUST-05822,Female,0,No,Yes,72,Yes,No,DSL,No,Yes,Yes,Yes,Yes,No,Two year,Yes,Bank transfer (automatic),68.33,5167.69,1,0,4.9,No
CUST-05823,Female,0,Yes,No,22,Yes,No,Fiber optic,No,Yes,No,No,No,Yes,Month-to-month,No,Electronic check,69.57,1473.19,4,3,4.6,No
CUST-05824,Male,0,No,No,70,Yes,Yes,No,No internet service,No internet service,No internet service,No internet service,No internet service,No internet service,One year,Yes,Bank transfer (automatic),22.33,1552.23,3,2,3.7,No
CUST-05825,Female,1,No,No,17,Yes,Yes,Fiber optic,No,Yes,Yes,Yes,No,No,Month-to-month,Yes,Bank transfer (automatic),91.27,1492.41,2,2,4.6,Yes
CUST-05826,Female,1,No,Yes,54,Yes,Yes,DSL,No,No,No,Yes,Yes,Yes,Two year,Yes,Mailed check,36.24,1876.85,3,0,5.0,No
CUST-05827,Male,0,No,No,38,Yes,No,Fiber optic,No,No,Yes,No,No,No,Month-to-month,No,Credit card (automatic),99.38,4025.22,0,1,5.0,No
CUST-05828,Female,1,Yes,No,27,Yes,No,Fiber optic,No,Yes,No,Yes,No,Yes,Month-to-month,No,Mailed check,93.83,2581.15,5,1,4.1,No
CUST-05829,Male,0,Yes,No,32,Yes,Yes,DSL,No,Yes,Yes,Yes,No,Yes,One year,No,Bank transfer (automatic),60.12,1813.76,1,1,4.1,No
CUST-05830,Male,1,No,No,17,Yes,Yes,No,No internet service,No internet service,No internet service,No internet service,No internet service,No internet service,One year,No,Bank transfer (automatic),49.21,784.33,0,0,4.0,No
CUST-05831,Male,0,Yes,No,49,Yes,No,DSL,Yes,No,No,No,No,No,Two year,No,Bank transfer (automatic),56.3,2707.95,0,1,5.0,No
CUST-05832,Male,0,No,Yes,72,No,No phone service,Fiber optic,No,No,No,No,No,Yes,Month-to-month,Yes,Mailed check,71.12,4996.44,1,1,4.8,No
CUST-05833,Female,0,No,Yes,43,Yes,No,Fiber optic,No,No,No,No,No,No,One year,No,Electronic check,107.17,4940.5,3,1,4.2,Yes
CUST-05834,Male,0,Yes,No,20,Yes,No,Fiber optic,No,No,No,Yes,Yes,Yes,Month-to-month,No,Bank transfer (automatic),100.83,2117.89,1,2,4.7,No
CUST-05835,Male,0,No,Yes,49,Yes,No,DSL,No,No,No,No,Yes,No,One year,No,Mailed check,57.04,3011.9,2,0,4.5,No
CUST-05836,Female,0,Yes,No,32,Yes,Yes,Fiber optic,Yes,Yes,No,No,No,No,Month-to-month,Yes,Credit card (automatic),89.32,3055.9,4,1,4.3,Yes
CUST-05837,Female,0,No,No,67,Yes,No,Fiber optic,No,No,No,No,Yes,No,Month-to-month,Yes,Credit card (automatic),88.08,6153.81,2,3,4.7,Yes
CUST-05838,Male,0,Yes,No,20,Yes,Yes,No,No internet service,No internet service,No internet service,No internet service,No internet service,No internet service,Month-to-month,No,Credit card (automatic),31.77,644.83,5,3,3.5,Yes
CUST-05839,Male,0,No,No,38,Yes,No,DSL,No,No,Yes,Yes,No,Yes,Month-to-month,Yes,Mailed check,38.76,1447.22,1,5,3.1,No
CUST-05840,Female,0,Yes,No,36,Yes,Yes,DSL,Yes,No,Yes,No,Yes,No,One year,No,Credit card (automatic),65.74,2486.63,0,1,4.8,No
CUST-05841,Female,0,Yes,No,64,Yes,No,No,No internet service,No internet service,No internet service,No internet service,No internet service,No internet service,Month-to-month,No,Electronic check,41.77,2548.15,5,4,3.5,Yes
CUST-05842,Female,0,Yes,Yes,8,Yes,No,Fiber optic,No,Yes,Yes,No,Yes,Yes,Two year,Yes,Bank transfer (automatic),78.32,656.24,2,0,4.6,No
CUST-05843,Female,0,Yes,Yes,45,Yes,No,Fiber optic,Yes,No,No,Yes,No,Yes,Month-to-month,Yes,Credit card (automatic),102.34,4521.61,3,1,4.9,Yes
CUST-05844,Male,0,No,No,59,No,No phone service,Fiber optic,No,No,Yes,No,Yes,No,Month-to-month,Yes,Electronic check,120.0,7374.23,3,4,3.9,Yes
CUST-05845,Female,0,Yes,No,27,Yes,Yes,DSL,No,No,Yes,Yes,No,Yes,Two year,Yes,Bank transfer (automatic),71.61,1925.28,0,1,5.0,No
CUST-05846,Male,0,Yes,No,37,Yes,No,No,No internet service,No internet service,No internet service,No internet service,No internet service,No internet service,Month-to-month,Yes,Bank transfer (automatic),18.0,660.85,1,0,5.0,No
CUST-05847,Male,0,Yes,No,22,Yes,Yes,Fiber optic,No,Yes,No,Yes,No,No,Month-to-month,Yes,Electronic check,109.57,2566.59,2,4,4.5,Yes
CUST-05848,Female,0,Yes,No,31,Yes,Yes,No,No internet service,No internet service,No internet service,No internet service,No internet service,No internet service,Month-to-month,No,Electronic check,41.38,1217.28,2,3,4.3,No
CUST-05849,Female,0,Yes,Yes,69,Yes,Yes,Fiber optic,Yes,Yes,Yes,No,No,Yes,Month-to-month,Yes,Electronic check,98.3,6326.09,3,6,3.9,No
CUST-05850,Male,1,Yes,Yes,27,Yes,No,No,No internet service,No internet service,No internet service,No internet service,No internet service,No internet service,Month-to-month,Yes,Bank transfer (automatic),42.71,1151.38,5,3,2.8,Yes
CUST-05851,Male,0,No,No,15,Yes,No,DSL,Yes,No,Yes,No,No,No,Two year,No,Credit card (automatic),63.93,901.08,1,0,4.2,Yes
CUST-05852,Female,0,No,No,42,Yes,No,DSL,No,Yes,No,No,No,Yes,Month-to-month,Yes,Credit card (automatic),75.63,3141.51,1,1,4.3,No
CUST-05853,Male,0,No,No,34,Yes,No,Fiber optic,No,No,Yes,No,Yes,No,Month-to-month,No,Bank transfer (automatic),81.36,2550.49,3,2,4.0,No
CUST-05854,Female,0,Yes,No,57,Yes,No,No,No internet service,No internet service,No internet service,No internet service,No internet service,No internet service,One year,Yes,Credit card (automatic),19.08,1101.08,0,1,4.5,No
CUST-05855,Male,0,No,No,3,Yes,No,Fiber optic,No,No,No,Yes,No,No,Two year,No,Mailed check,79.45,,3,1,4.7,No
CUST-05856,Female,0,No,No,65,Yes,Yes,Fiber optic,No,Yes,No,Yes,No,No,Two year,Yes,Electronic check,114.91,6952.37,2,1,4.7,No
CUST-05857,Male,1,No,Yes,51,Yes,No,DSL,Yes,No,No,Yes,No,Yes,Month-to-month,Yes,Mailed check,67.55,3429.04,2,2,4.0,No
CUST-05858,Male,1,Yes,Yes,61,Yes,No,Fiber optic,No,Yes,Yes,No,No,No,Two year,Yes,Electronic check,96.13,5705.84,2,0,3.8,No
CUST-05859,Male,0,Yes,Yes,30,Yes,Yes,Fiber optic,No,No,No,Yes,No,No,Month-to-month,Yes,Credit card (automatic),114.96,3635.87,1,1,4.5,Yes
CUST-05860,Female,0,Yes,Yes,33,Yes,No,Fiber optic,No,Yes,No,No,No,Yes,Month-to-month,Yes,Mailed check,119.7,3894.84,2,0,5.0,No
CUST-05861,Female,0,Yes,No,25,Yes,Yes,Fiber optic,Yes,No,No,No,No,No,Month-to-month,Yes,Credit card (automatic),97.22,2331.77,3,0,5.0,No
CUST-05862,Female,0,No,No,61,Yes,No,DSL,No,No,No,No,No,No,One year,Yes,Credit card (automatic),66.09,3813.01,2,0,5.0,No
CUST-05863,Female,1,Yes,Yes,6,Yes,No,Fiber optic,No,No,No,No,No,Yes,Month-to-month,Yes,Mailed check,97.4,615.62,4,4,3.7,Yes
CUST-05864,Male,0,Yes,Yes,39,Yes,No,DSL,No,Yes,No,No,Yes,No,One year,No,Electronic check,59.7,2207.78,3,0,5.0,No
CUST-05865,Female,0,Yes,Yes,19,Yes,Yes,DSL,No,Yes,Yes,No,No,No,Month-to-month,Yes,Electronic check,57.8,1167.98,3,2,4.2,No
CUST-05866,Female,0,Yes,Yes,46,Yes,Yes,DSL,No,Yes,No,No,Yes,Yes,Month-to-month,No,Bank transfer (automatic),58.29,2624.2,1,0,4.4,No
CUST-05867,Female,0,Yes,Yes,70,Yes,No,No,No internet service,No internet service,No internet service,No internet service,No internet service,No internet service,Two year,No,Electronic check,30.66,2102.45,2,0,4.4,No
CUST-05868,Female,0,Yes,Yes,49,Yes,No,DSL,No,Yes,Yes,No,Yes,No,Month-to-month,No,Electronic check,38.44,1937.73,2,0,4.5,No
CUST-05869,Female,0,No,Yes,4,Yes,No,DSL,Yes,No,No,No,No,No,One year,Yes,Bank transfer (automatic),67.19,248.11,1,1,5.0,No
CUST-05870,Female,0,Yes,No,29,No,No phone service,Fiber optic,Yes,No,No,Yes,No,No,Month-to-month,Yes,Mailed check,100.23,2813.72,6,0,4.2,Yes
CUST-05871,Female,0,No,No,3,Yes,No,Fiber optic,Yes,No,No,No,Yes,No,Month-to-month,No,Electronic check,117.65,365.33,2,1,4.6,No
CUST-05872,Male,1,No,Yes,35,Yes,No,No,No internet service,No internet service,No internet service,No internet service,No internet service,No internet service,Month-to-month,No,Mailed check,21.07,783.01,0,0,5.0,No
CUST-05873,Female,0,No,No,13,Yes,Yes,Fiber optic,Yes,Yes,Yes,No,No,Yes,One year,No,Mailed check,111.0,1465.41,1,1,4.8,No
CUST-05874,Male,0,No,Yes,50,Yes,Yes,Fiber optic,No,No,No,Yes,Yes,No,Month-to-month,Yes,Bank transfer (automatic),65.97,3077.04,3,2,4.0,No
CUST-05875,Female,0,Yes,No,39,No,No phone service,DSL,Yes,No,No,No,Yes,No,One year,Yes,Mailed check,69.94,2895.91,1,0,4.2,No
CUST-05876,Male,0,No,No,23,Yes,No,DSL,Yes,No,Yes,No,No,No,Month-to-month,No,Credit card (automatic),74.88,1827.24,2,0,4.9,No
CUST-05877,Female,1,No,No,62,Yes,Yes,DSL,No,No,No,No,No,No,Month-to-month,Yes,Electronic check,48.83,3172.32,0,2,4.4,No
CUST-05878,Male,0,No,No,54,Yes,No,Fiber optic,No,No,Yes,No,Yes,Yes,One year,Yes,Mailed check,101.88,5422.53,4,0,4.2,No
CUST-05879,Female,0,Yes,No,46,Yes,No,DSL,No,No,No,Yes,No,No,Month-to-month,Yes,Credit card (automatic),42.28,1945.81,3,0,3.8,No
CUST-05880,Male,0,No,Yes,26,Yes,No,No,No internet service,No internet service,No internet service,No internet service,No internet service,No internet service,Two year,Yes,Electronic check,23.2,586.8,4,0,3.9,Yes
CUST-05881,Male,0,Yes,No,20,Yes,No,No,No internet service,No internet service,No internet service,No internet service,No internet service,No internet service,One year,Yes,Electronic check,29.62,568.99,5,1,4.9,No
CUST-05882,Female,1,No,No,43,Yes,Yes,Fiber optic,No,Yes,Yes,No,Yes,Yes,Month-to-month,Yes,Bank transfer (automatic),104.05,4550.12,2,3,4.5,No
CUST-05883,Female,0,Yes,No,57,Yes,Yes,Fiber optic,Yes,No,No,No,No,No,Month-to-month,Yes,Mailed check,120.0,6671.1,2,4,3.8,No
CUST-05884,Male,0,Yes,Yes,61,Yes,No,No,No internet service,No internet service,No internet service,No internet service,No internet service,No internet service,One year,Yes,Credit card (automatic),34.34,1963.53,1,0,4.5,No
CUST-05885,Male,0,No,No,56,Yes,No,DSL,No,No,No,No,No,No,Month-to-month,Yes,Credit card (automatic),60.22,3112.02,1,0,4.6,No
CUST-05886,Female,0,No,No,2,No,No phone service,No,No internet service,No internet service,No internet service,No internet service,No internet service,No internet service,Month-to-month,No,Electronic check,29.77,60.5,2,0,5.0,No
CUST-05887,Female,0,No,No,71,Yes,No,Fiber optic,No,No,No,No,No,No,One year,Yes,Electronic check,95.07,6853.79,2,0,4.1,No
CUST-05888,Male,0,No,No,18,Yes,Yes,Fiber optic,Yes,No,No,Yes,No,Yes,One year,Yes,Electronic check,120.0,2028.61,1,0,5.0,No
CUST-05889,Female,0,No,No,1,Yes,Yes,DSL,Yes,Yes,No,No,Yes,Yes,Month-to-month,No,Mailed check,43.04,45.71,6,0,4.6,No
CUST-05890,Male,0,Yes,No,41,Yes,Yes,Fiber optic,Yes,No,No,No,Yes,Yes,One year,No,Electronic check,85.01,3310.27,3,0,4.6,No
CUST-05891,Female,0,No,No,33,Yes,No,DSL,Yes,No,No,No,No,No,Month-to-month,No,Electronic check,44.54,1449.15,2,3,3.9,Yes
CUST-05892,Male,0,Yes,Yes,8,No,No phone service,DSL,Yes,No,No,No,No,No,One year,No,Credit card (automatic),52.81,455.36,3,0,5.0,No
CUST-05893,Male,0,Yes,Yes,16,Yes,No,Fiber optic,Yes,Yes,Yes,Yes,Yes,No,Month-to-month,No,Bank transfer (automatic),108.38,1676.2,2,1,4.3,No
CUST-05894,Male,0,No,No,15,Yes,Yes,DSL,No,No,Yes,Yes,No,Yes,One year,No,Electronic check,73.89,1057.62,1,3,4.2,No
CUST-05895,Female,0,Yes,No,32,Yes,No,DSL,Yes,No,Yes,No,No,No,Month-to-month,Yes,Electronic check,57.61,1927.72,2,1,4.5,Yes
CUST-05896,Female,0,No,No,54,Yes,Yes,No,No internet service,No internet service,No internet service,No internet service,No internet service,No internet service,Month-to-month,Yes,Mailed check,35.45,2005.22,1,1,4.6,No
CUST-05897,Male,0,Yes,No,50,Yes,Yes,DSL,No,No,Yes,No,No,Yes,Month-to-month,Yes,Electronic check,65.58,3223.57,1,6,3.9,No
CUST-05898,Female,0,Yes,No,2,Yes,No,Fiber optic,Yes,No,No,No,Yes,No,Two year,No,Electronic check,69.57,146.11,5,0,3.8,No
CUST-05899,Female,0,Yes,No,13,Yes,No,DSL,No,Yes,Yes,No,Yes,No,Two year,Yes,Electronic check,45.68,626.1,2,1,4.1,No
CUST-05900,Female,0,No,Yes,44,Yes,Yes,Fiber optic,No,No,Yes,No,Yes,Yes,Month-to-month,Yes,Mailed check,84.34,3439.35,3,1,4.0,No
CUST-05901,Female,0,No,No,58,Yes,Yes,No,No internet service,No internet service,No internet service,No internet service,No internet service,No internet service,One year,Yes,Mailed check,29.84,1794.95,1,0,5.0,No
CUST-05902,Male,1,Yes,No,3,Yes,No,Fiber optic,No,Yes,No,No,No,No,Two year,Yes,Bank transfer (automatic),79.5,248.12,4,2,2.9,No
CUST-05903,Male,0,Yes,Yes,25,Yes,Yes,No,No internet service,No internet service,No internet service,No internet service,No internet service,No internet service,Month-to-month,Yes,Mailed check,35.02,924.16,2,2,4.1,No
CUST-05904,Female,0,Yes,No,9,Yes,No,Fiber optic,No,Yes,Yes,Yes,No,No,Month-to-month,Yes,Bank transfer (automatic),86.96,821.74,1,0,4.5,No
CUST-05905,Male,1,Yes,Yes,35,Yes,No,Fiber optic,No,No,Yes,Yes,No,Yes,Month-to-month,Yes,Bank transfer (automatic),82.13,2703.86,5,0,4.2,No
CUST-05906,Male,0,No,Yes,29,Yes,No,DSL,No,No,No,No,Yes,Yes,Month-to-month,No,Electronic check,66.05,1806.85,4,3,3.4,Yes
CUST-05907,Male,0,No,No,13,No,No phone service,No,No internet service,No internet service,No internet service,No internet service,No internet service,No internet service,Month-to-month,Yes,Electronic check,44.42,554.87,1,0,5.0,No
CUST-05908,Female,0,Yes,No,70,Yes,No,No,No internet service,No internet service,No internet service,No internet service,No internet service,No internet service,Two year,No,Bank transfer (automatic),20.7,1487.21,1,1,4.7,No
CUST-05909,Female,0,Yes,Yes,55,Yes,No,DSL,Yes,No,No,No,No,No,One year,No,Electronic check,58.97,3394.35,3,0,5.0,No
CUST-05910,Female,0,No,No,40,Yes,No,DSL,No,Yes,No,No,No,Yes,One year,No,Electronic check,72.5,2930.69,0,0,3.9,No
CUST-05911,Male,0,Yes,Yes,56,Yes,Yes,Fiber optic,No,No,Yes,No,No,Yes,One year,Yes,Electronic check,74.73,4068.08,6,0,3.6,No
CUST-05912,Male,0,Yes,No,23,Yes,No,DSL,No,No,No,No,No,Yes,Month-to-month,Yes,Electronic check,68.6,1695.95,3,4,3.4,Yes
CUST-05913,Female,0,No,No,68,Yes,No,DSL,No,No,No,No,No,Yes,One year,No,Credit card (automatic),65.69,4771.77,0,0,5.0,No
CUST-05914,Male,0,Yes,No,30,Yes,Yes,No,No internet service,No internet service,No internet service,No internet service,No internet service,No internet service,One year,No,Mailed check,24.68,699.8,1,0,5.0,No
CUST-05915,Female,0,Yes,No,28,Yes,Yes,No,No internet service,No internet service,No internet service,No internet service,No internet service,No internet service,Month-to-month,Yes,Electronic check,43.09,1184.17,1,2,4.4,Yes
CUST-05916,Male,0,Yes,No,41,Yes,Yes,Fiber optic,No,No,No,No,No,No,Month-to-month,No,Bank transfer (automatic),73.47,2991.86,4,2,4.4,No
CUST-05917,Male,0,No,No,42,Yes,Yes,DSL,Yes,No,No,No,No,No,Month-to-month,Yes,Electronic check,51.33,2062.38,1,4,3.2,No
CUST-05918,Male,0,Yes,Yes,45,Yes,No,Fiber optic,No,Yes,Yes,No,No,Yes,Two year,No,Credit card (automatic),72.83,3350.23,2,2,4.8,No
CUST-05919,Female,1,No,Yes,60,Yes,Yes,No,No internet service,No internet service,No internet service,No internet service,No internet service,No internet service,One year,Yes,Credit card (automatic),23.01,1302.73,0,0,5.0,No
CUST-05920,Female,0,Yes,No,20,Yes,Yes,No,No internet service,No internet service,No internet service,No internet service,No internet service,No internet service,Month-to-month,No,Bank transfer (automatic),26.9,575.87,2,2,4.5,No
CUST-05921,Male,0,Yes,No,51,Yes,No,No,No internet service,No internet service,No internet service,No internet service,No internet service,No internet service,Month-to-month,Yes,Electronic check,18.0,957.33,2,5,3.7,No
CUST-05922,Female,0,No,Yes,15,Yes,Yes,Fiber optic,Yes,No,No,Yes,No,No,One year,Yes,Credit card (automatic),73.54,1105.44,3,1,4.7,No
CUST-05923,Female,0,Yes,No,18,Yes,No,Fiber optic,No,Yes,No,No,No,No,Month-to-month,No,Electronic check,105.85,1950.9,5,1,4.1,Yes
CUST-05924,Female,0,Yes,No,36,No,No phone service,DSL,No,No,No,Yes,Yes,Yes,One year,Yes,Electronic check,70.75,2403.52,2,2,4.3,No
CUST-05925,Female,0,Yes,No,38,Yes,Yes,No,No internet service,No internet service,No internet service,No internet service,No internet service,No internet service,One year,Yes,Bank transfer (automatic),34.1,1391.02,3,1,4.3,No
CUST-05926,Male,0,No,No,47,Yes,Yes,Fiber optic,No,No,No,No,No,No,Two year,Yes,Bank transfer (automatic),72.0,3560.71,4,1,3.9,No
CUST-05927,Female,0,Yes,No,11,Yes,Yes,Fiber optic,No,No,No,No,Yes,No,Month-to-month,No,Electronic check,86.88,968.53,3,5,3.3,Yes
CUST-05928,Female,1,No,No,59,Yes,No,Fiber optic,No,No,No,No,No,Yes,One year,No,Bank transfer (automatic),76.73,4203.96,3,0,4.1,No
CUST-05929,Male,0,Yes,No,41,Yes,Yes,DSL,Yes,No,Yes,No,No,Yes,Two year,Yes,Credit card (automatic),69.11,3023.34,2,0,5.0,No
CUST-05930,Male,0,Yes,Yes,43,Yes,No,DSL,No,No,Yes,Yes,Yes,No,Month-to-month,No,Credit card (automatic),81.08,3617.75,1,1,5.0,No
CUST-05931,Female,0,Yes,No,54,Yes,No,No,No internet service,No internet service,No internet service,No internet service,No internet service,No internet service,One year,Yes,Electronic check,27.93,1407.39,2,0,4.5,No
CUST-05932,Female,0,Yes,No,50,Yes,No,Fiber optic,No,No,No,No,No,No,Month-to-month,Yes,Mailed check,91.67,4647.61,5,1,3.5,Yes
CUST-05933,Male,0,No,No,31,Yes,No,DSL,No,Yes,Yes,No,Yes,No,One year,Yes,Credit card (automatic),69.38,2027.22,0,0,4.5,No
CUST-05934,Male,1,Yes,No,35,Yes,Yes,Fiber optic,Yes,No,Yes,No,Yes,Yes,One year,Yes,Mailed check,94.94,3121.32,5,0,3.3,Yes
CUST-05935,Female,0,No,No,17,Yes,No,DSL,No,Yes,Yes,No,Yes,No,Two year,Yes,Credit card (automatic),67.83,1156.44,4,0,4.6,No
CUST-05936,Male,1,Yes,No,41,Yes,No,Fiber optic,No,No,No,No,Yes,No,Two year,Yes,Electronic check,112.35,4841.05,3,2,3.6,No
CUST-05937,Male,0,No,Yes,15,Yes,No,Fiber optic,No,No,No,No,No,No,Two year,Yes,Electronic check,106.03,1618.61,1,0,5.0,No
CUST-05938,Female,0,Yes,No,46,Yes,No,Fiber optic,Yes,No,No,No,No,No,One year,No,Electronic check,101.62,4465.26,2,1,4.5,No
CUST-05939,Female,0,No,No,31,Yes,Yes,No,No internet service,No internet service,No internet service,No internet service,No internet service,No internet service,One year,No,Electronic check,51.0,1506.51,3,1,4.3,No
CUST-05940,Male,1,Yes,Yes,18,Yes,No,DSL,No,Yes,No,No,Yes,No,One year,Yes,Credit card (automatic),47.69,840.24,1,3,4.0,No
CUST-05941,Male,0,No,No,35,Yes,No,No,No internet service,No internet service,No internet service,No internet service,No internet service,No internet service,One year,Yes,Electronic check,22.9,793.07,1,1,4.7,No
CUST-05942,Male,0,No,No,68,Yes,No,Fiber optic,Yes,Yes,No,No,Yes,No,Two year,No,Credit card (automatic),112.5,8093.18,5,0,4.7,No
CUST-05943,Male,0,No,No,41,No,No phone service,No,No internet service,No internet service,No internet service,No internet service,No internet service,No internet service,Month-to-month,No,Bank transfer (automatic),28.52,1224.79,2,1,5.0,No
CUST-05944,Female,0,Yes,No,25,Yes,No,No,No internet service,No internet service,No internet service,No internet service,No internet service,No internet service,One year,No,Mailed check,26.21,644.21,0,1,4.3,No
CUST-05945,Male,0,No,No,33,Yes,No,DSL,No,Yes,No,Yes,No,No,Month-to-month,No,Mailed check,74.16,2553.63,2,2,4.4,No
CUST-05946,Male,0,Yes,No,44,Yes,Yes,Fiber optic,No,Yes,Yes,No,Yes,Yes,Month-to-month,Yes,Bank transfer (automatic),89.93,4186.35,1,0,4.3,No
CUST-05947,Male,0,Yes,No,12,Yes,Yes,DSL,No,No,Yes,No,No,Yes,Two year,Yes,Electronic check,42.24,506.75,2,0,4.7,No
CUST-05948,Female,0,No,No,41,Yes,Yes,Fiber optic,No,Yes,No,Yes,No,Yes,One year,No,Credit card (automatic),113.03,4829.45,2,1,2.6,No
CUST-05949,Female,0,No,Yes,3,Yes,Yes,DSL,No,No,No,No,No,No,Month-to-month,Yes,Electronic check,53.95,156.85,0,2,4.1,Yes
CUST-05950,Female,0,Yes,Yes,62,No,No phone service,DSL,No,No,No,No,Yes,Yes,Month-to-month,Yes,Electronic check,59.82,3486.67,0,2,5.0,No
CUST-05951,Male,0,No,No,44,Yes,Yes,No,No internet service,No internet service,No internet service,No internet service,No internet service,No internet service,Month-to-month,No,Bank transfer (automatic),29.18,1339.18,2,1,3.0,No
CUST-05952,Female,0,No,No,9,Yes,No,No,No internet service,No internet service,No internet service,No internet service,No internet service,No internet service,One year,Yes,Electronic check,34.12,325.24,0,2,5.0,No
CUST-05953,Male,0,Yes,No,34,Yes,No,Fiber optic,Yes,No,Yes,No,Yes,No,Month-to-month,No,Electronic check,68.63,2161.94,3,3,4.5,Yes
CUST-05954,Female,1,Yes,Yes,64,Yes,No,Fiber optic,No,No,No,Yes,Yes,Yes,One year,No,Bank transfer (automatic),116.39,7624.66,5,0,4.3,No
CUST-05955,Female,0,No,Yes,70,No,No phone service,No,No internet service,No internet service,No internet service,No internet service,No internet service,No internet service,Month-to-month,Yes,Credit card (automatic),18.0,1259.26,0,0,5.0,No
CUST-05956,Female,0,Yes,No,10,Yes,No,No,No internet service,No internet service,No internet service,No internet service,No internet service,No internet service,One year,No,Bank transfer (automatic),40.15,413.49,0,1,4.1,No
CUST-05957,Male,0,Yes,Yes,20,Yes,No,DSL,No,No,Yes,Yes,No,No,Month-to-month,No,Mailed check,31.08,598.7,2,2,3.8,Yes
CUST-05958,Female,0,Yes,No,11,Yes,No,DSL,No,No,No,No,No,No,Month-to-month,No,Bank transfer (automatic),81.88,958.92,1,1,4.8,No
CUST-05959,Female,0,No,No,27,Yes,Yes,No,No internet service,No internet service,No internet service,No internet service,No internet service,No internet service,Month-to-month,Yes,Mailed check,19.27,514.79,1,1,4.3,Yes
CUST-05960,Female,0,Yes,No,63,Yes,No,DSL,No,No,No,Yes,No,No,One year,Yes,Bank transfer (automatic),59.34,3470.97,3,1,3.6,No
CUST-05961,Male,0,Yes,No,51,Yes,Yes,Fiber optic,Yes,No,No,No,No,Yes,Two year,Yes,Mailed check,83.91,4009.09,7,2,4.2,No
CUST-05962,Female,0,Yes,Yes,19,Yes,Yes,Fiber optic,Yes,Yes,No,No,No,No,One year,Yes,Bank transfer (automatic),94.25,1931.58,2,1,4.6,No
CUST-05963,Female,0,Yes,No,24,Yes,Yes,Fiber optic,No,No,Yes,Yes,No,No,Two year,No,Credit card (automatic),82.62,2059.66,6,0,3.9,No
CUST-05964,Male,0,No,Yes,45,Yes,No,DSL,Yes,No,No,No,Yes,No,One year,No,Bank transfer (automatic),59.37,2461.12,1,0,5.0,No
CUST-05965,Female,0,No,No,43,Yes,Yes,Fiber optic,Yes,Yes,Yes,No,No,No,Month-to-month,No,Bank transfer (automatic),110.3,4681.46,3,2,4.1,No
CUST-05966,Male,0,No,No,34,Yes,No,Fiber optic,No,Yes,No,No,No,No,Month-to-month,Yes,Electronic check,116.9,4245.8,2,4,4.2,Yes
CUST-05967,Female,0,No,No,31,Yes,No,No,No internet service,No internet service,No internet service,No internet service,No internet service,No internet service,One year,Yes,Electronic check,24.58,751.48,2,2,4.4,No
CUST-05968,Female,0,Yes,No,68,Yes,Yes,Fiber optic,No,No,Yes,No,Yes,Yes,Month-to-month,Yes,Electronic check,104.16,,5,2,3.0,Yes
CUST-05969,Male,1,No,Yes,37,Yes,Yes,No,No internet service,No internet service,No internet service,No internet service,No internet service,No internet service,Two year,Yes,Mailed check,42.62,1453.38,2,0,5.0,No
CUST-05970,Male,0,No,Yes,57,Yes,No,DSL,No,No,Yes,No,Yes,Yes,Month-to-month,Yes,Electronic check,74.74,4491.3,1,1,4.4,No
CUST-05971,Female,1,No,No,70,Yes,No,DSL,Yes,No,Yes,No,Yes,No,Month-to-month,Yes,Electronic check,36.35,2511.42,1,4,3.9,No
CUST-05972,Male,0,No,No,25,Yes,No,No,No internet service,No internet service,No internet service,No internet service,No internet service,No internet service,Month-to-month,Yes,Electronic check,41.11,1094.6,1,4,4.2,No
CUST-05973,Male,0,Yes,No,57,Yes,No,DSL,No,Yes,Yes,No,No,Yes,Month-to-month,Yes,Credit card (automatic),67.35,3536.58,1,1,4.5,No
CUST-05974,Male,0,No,No,59,Yes,Yes,DSL,Yes,No,Yes,Yes,No,No,Month-to-month,Yes,Electronic check,73.95,4022.63,1,1,3.9,No
CUST-05975,Female,0,Yes,No,16,Yes,Yes,DSL,Yes,Yes,Yes,No,No,No,Month-to-month,Yes,Mailed check,63.42,1015.92,2,1,4.8,No
CUST-05976,Female,0,No,No,17,Yes,No,Fiber optic,Yes,No,No,Yes,No,Yes,One year,Yes,Credit card (automatic),72.42,1157.67,3,2,4.5,No
CUST-05977,Female,0,Yes,Yes,12,Yes,No,No,No internet service,No internet service,No internet service,No internet service,No internet service,No internet service,Month-to-month,Yes,Electronic check,43.39,537.64,0,1,4.2,No
CUST-05978,Male,1,No,No,45,Yes,Yes,No,No internet service,No internet service,No internet service,No internet service,No internet service,No internet service,Month-to-month,No,Electronic check,25.81,1087.86,1,2,3.8,No
CUST-05979,Male,0,No,No,55,Yes,Yes,DSL,No,Yes,Yes,No,Yes,No,One year,No,Bank transfer (automatic),64.83,3291.43,3,0,4.1,No
CUST-05980,Female,0,No,No,55,Yes,No,DSL,No,Yes,No,No,No,Yes,Two year,Yes,Bank transfer (automatic),43.1,2432.19,3,0,4.8,No
CUST-05981,Female,0,Yes,No,28,Yes,No,DSL,Yes,No,No,No,No,No,Month-to-month,Yes,Credit card (automatic),48.62,1265.53,0,0,4.6,No
CUST-05982,Female,0,No,No,51,Yes,Yes,No,No internet service,No internet service,No internet service,No internet service,No internet service,No internet service,Month-to-month,No,Bank transfer (automatic),39.72,1946.34,1,3,4.3,No
CUST-05983,Female,0,No,No,3,Yes,No,Fiber optic,No,No,No,No,Yes,No,Month-to-month,Yes,Electronic check,71.2,216.48,2,2,5.0,Yes
CUST-05984,Female,0,No,No,48,Yes,No,DSL,Yes,No,No,No,No,No,Two year,No,Electronic check,63.84,3000.48,1,0,4.9,No
CUST-05985,Male,0,No,No,35,Yes,No,DSL,No,No,Yes,Yes,No,No,Month-to-month,Yes,Mailed check,43.34,1463.26,2,1,4.4,No
CUST-05986,Male,0,No,No,60,Yes,Yes,DSL,Yes,Yes,Yes,No,No,Yes,One year,No,Electronic check,51.54,3247.21,3,0,4.3,No
CUST-05987,Female,0,No,No,70,Yes,No,Fiber optic,Yes,Yes,Yes,No,No,Yes,Month-to-month,Yes,Electronic check,91.65,6422.26,5,2,4.4,No
CUST-05988,Female,1,Yes,Yes,41,Yes,Yes,Fiber optic,No,No,No,Yes,Yes,No,Two year,No,Credit card (automatic),88.82,3705.25,0,1,5.0,No
CUST-05989,Female,0,Yes,No,45,No,No phone service,Fiber optic,Yes,Yes,No,No,Yes,No,Month-to-month,Yes,Bank transfer (automatic),105.25,4499.39,3,2,4.0,No
CUST-05990,Female,0,No,Yes,67,Yes,Yes,Fiber optic,Yes,No,No,No,No,Yes,Two year,No,Electronic check,99.31,6674.82,1,0,4.3,No
CUST-05991,Male,1,No,Yes,25,Yes,Yes,DSL,No,No,No,No,No,No,Month-to-month,Yes,Mailed check,67.43,1816.72,2,1,3.7,No
CUST-05992,Male,0,Yes,No,11,No,No phone service,Fiber optic,No,No,No,No,Yes,No,One year,Yes,Credit card (automatic),83.84,994.66,2,1,4.9,Yes
CUST-05993,Female,0,Yes,Yes,37,Yes,No,Fiber optic,No,Yes,Yes,No,No,Yes,Month-to-month,Yes,Bank transfer (automatic),120.0,4251.43,2,6,3.4,Yes
CUST-05994,Female,0,Yes,No,26,Yes,Yes,DSL,No,No,No,No,No,Yes,Month-to-month,Yes,Bank transfer (automatic),45.99,1131.49,0,2,4.9,No
CUST-05995,Male,0,No,No,46,No,No phone service,Fiber optic,Yes,No,Yes,Yes,Yes,Yes,Month-to-month,Yes,Bank transfer (automatic),94.3,4525.66,3,4,3.2,No
CUST-05996,Male,1,No,No,57,Yes,No,No,No internet service,No internet service,No internet service,No internet service,No internet service,No internet service,Month-to-month,Yes,Mailed check,26.84,1571.92,2,0,5.0,No
CUST-05997,Female,0,No,No,37,Yes,Yes,Fiber optic,No,No,No,No,Yes,No,Month-to-month,Yes,Credit card (automatic),73.87,2587.16,3,2,3.8,Yes
CUST-05998,Female,0,Yes,No,23,Yes,Yes,Fiber optic,No,No,No,No,No,No,Month-to-month,No,Electronic check,91.4,2243.53,5,2,3.5,Yes
CUST-05999,Female,1,Yes,No,41,No,No phone service,Fiber optic,No,No,No,Yes,Yes,Yes,Month-to-month,No,Bank transfer (automatic),68.39,2974.11,3,2,4.5,No
CUST-06000,Male,0,No,Yes,32,Yes,No,DSL,No,No,No,No,No,No,One year,No,Mailed check,79.58,2554.84,1,0,5.0,No
